{
  "elapsed_s": 25.884164607996354,
  "series": {
    "coordinator.feeder.c_channel_2.convert_ms": {
      "count": 1112,
      "avg_ms": 0.6457559399331062,
      "p50_ms": 0.42232798296026886,
      "p90_ms": 1.3311500078998506,
      "max_ms": 6.744706013705581,
      "min_ms": 0.0005830079317092896
    },
    "coordinator.feeder.c_channel_3.convert_ms": {
      "count": 1112,
      "avg_ms": 0.598776187040431,
      "p50_ms": 0.376829004380852,
      "p90_ms": 1.168110000435263,
      "max_ms": 1.6487700049765408,
      "min_ms": 0.00029098009690642357
    },
    "coordinator.feeder.carousel.convert_ms": {
      "count": 1112,
      "avg_ms": 0.5968829933120517,
      "p50_ms": 0.37799502024427056,
      "p90_ms": 1.0762360179796815,
      "max_ms": 1.4909809979144484,
      "min_ms": 0.00029199873097240925
    },
    "bus.c_channel_3_rotor_move_ms": {
      "count": 1112,
      "avg_ms": 0.003151386474148645,
      "p50_ms": 0.002334010787308216,
      "p90_ms": 0.005249981768429279,
      "max_ms": 0.007000024197623134,
      "min_ms": 0.0005829788278788328
    },
    "coordinator.feeder_ms": {
      "count": 1112,
      "avg_ms": 1.8833872954863233,
      "p50_ms": 1.1955270019825548,
      "p90_ms": 3.589788015233353,
      "max_ms": 9.656668989919126,
      "min_ms": 0.01604200224392116
    },
    "bus.chute_stepper_set_speed_ms": {
      "count": 1112,
      "avg_ms": 0.0017872156368873397,
      "p50_ms": 0.0011669762898236513,
      "p90_ms": 0.0029170187190175056,
      "max_ms": 0.09799899999052286,
      "min_ms": 0.0002910092007368803
    },
    "coordinator.classification_ms": {
      "count": 1112,
      "avg_ms": 0.1740490876577071,
      "p50_ms": 0.007875001756474376,
      "p90_ms": 0.01895800232887268,
      "max_ms": 181.43360599060543,
      "min_ms": 0.00291600008495152
    },
    "coordinator.distribution_ms": {
      "count": 1112,
      "avg_ms": 0.0006879925932617952,
      "p50_ms": 0.000292027834802866,
      "p90_ms": 0.001167005393654108,
      "max_ms": 0.006999995093792677,
      "min_ms": 0.0
    },
    "coordinator.step.total_ms": {
      "count": 1112,
      "avg_ms": 2.0767257075355614,
      "p50_ms": 1.2252770247869194,
      "p90_ms": 3.6492870131041855,
      "max_ms": 181.67743700905703,
      "min_ms": 0.028875016141682863
    },
    "coordinator.step.interval_ms": {
      "count": 1112,
      "avg_ms": 22.521114567392708,
      "p50_ms": 21.740847994806245,
      "p90_ms": 24.502020998625085,
      "max_ms": 201.86897198436782,
      "min_ms": 20.19328501773998
    },
    "infer.carousel.ms": {
      "count": 1495,
      "avg_ms": 10.487363245365456,
      "p50_ms": 10.566074022790417,
      "p90_ms": 13.85719800600782,
      "max_ms": 181.3443579885643,
      "min_ms": 5.511554976692423
    },
    "preview.carousel.convert_ms": {
      "count": 1494,
      "avg_ms": 0.7826966545472877,
      "p50_ms": 0.9992379928007722,
      "p90_ms": 1.0683610162232071,
      "max_ms": 2.7521320153027773,
      "min_ms": 0.2379970101173967
    },
    "frame_to_decision_ms": {
      "count": 1094,
      "avg_ms": 5.275658323298424,
      "p50_ms": 4.424095153808594,
      "p90_ms": 10.139942169189453,
      "max_ms": 46.326637268066406,
      "min_ms": 0.8308887481689453
    },
    "preview.carousel.get_frame_ms": {
      "count": 1494,
      "avg_ms": 0.002914292855036147,
      "p50_ms": 0.0029170187190175056,
      "p90_ms": 0.004082976374775171,
      "max_ms": 0.044917018385604024,
      "min_ms": 0.0008749775588512421
    },
    "preview.carousel.overlay_ms": {
      "count": 1494,
      "avg_ms": 11.275612287160378,
      "p50_ms": 11.697726004058495,
      "p90_ms": 15.070808003656566,
      "max_ms": 48.484008002560586,
      "min_ms": 5.836468015331775
    },
    "preview.carousel.encode_ms": {
      "count": 1494,
      "avg_ms": 4.080514062575964,
      "p50_ms": 4.644148983061314,
      "p90_ms": 5.439806001959369,
      "max_ms": 10.144328989554197,
      "min_ms": 1.6537289775442332
    },
    "infer.c_channel_3.ms": {
      "count": 1473,
      "avg_ms": 10.505008553725384,
      "p50_ms": 10.52990701282397,
      "p90_ms": 13.625035004224628,
      "max_ms": 160.83403601078317,
      "min_ms": 5.49638899974525
    },
    "preview.c_channel_3.convert_ms": {
      "count": 1473,
      "avg_ms": 0.7881594277709376,
      "p50_ms": 0.9864040184766054,
      "p90_ms": 1.0534869797993451,
      "max_ms": 3.5991210024803877,
      "min_ms": 0.23828799021430314
    },
    "preview.c_channel_3.get_frame_ms": {
      "count": 1473,
      "avg_ms": 0.0029296938027081366,
      "p50_ms": 0.003207998815923929,
      "p90_ms": 0.004082976374775171,
      "max_ms": 0.01400001929141581,
      "min_ms": 0.0008749775588512421
    },
    "preview.c_channel_3.overlay_ms": {
      "count": 1473,
      "avg_ms": 11.411164354884495,
      "p50_ms": 11.662727018119767,
      "p90_ms": 14.784394996240735,
      "max_ms": 161.14290701807477,
      "min_ms": 5.824508989462629
    },
    "preview.c_channel_3.encode_ms": {
      "count": 1473,
      "avg_ms": 4.18105240011773,
      "p50_ms": 4.720564989838749,
      "p90_ms": 5.580678989645094,
      "max_ms": 17.127906990936026,
      "min_ms": 1.6834779817145318
    },
    "infer.c_channel_2.ms": {
      "count": 1527,
      "avg_ms": 10.058530443237446,
      "p50_ms": 10.202953009866178,
      "p90_ms": 13.136790978023782,
      "max_ms": 224.1520209936425,
      "min_ms": 5.351139989215881
    },
    "preview.c_channel_2.convert_ms": {
      "count": 1527,
      "avg_ms": 0.7617493486100504,
      "p50_ms": 0.9925289778038859,
      "p90_ms": 1.0488199768587947,
      "max_ms": 2.655299991602078,
      "min_ms": 0.2382880193181336
    },
    "preview.c_channel_2.get_frame_ms": {
      "count": 1527,
      "avg_ms": 0.002862938122302977,
      "p50_ms": 0.0029170187190175056,
      "p90_ms": 0.004083005478605628,
      "max_ms": 0.016915990272536874,
      "min_ms": 0.0005830079317092896
    },
    "preview.c_channel_2.overlay_ms": {
      "count": 1527,
      "avg_ms": 10.937416353307942,
      "p50_ms": 11.348314001224935,
      "p90_ms": 14.250068983528763,
      "max_ms": 224.45593401789665,
      "min_ms": 5.65855301101692
    },
    "preview.c_channel_2.encode_ms": {
      "count": 1527,
      "avg_ms": 4.074943665041178,
      "p50_ms": 4.7465229872614145,
      "p90_ms": 5.586220999248326,
      "max_ms": 10.481782985152677,
      "min_ms": 1.700977998552844
    }
  },
  "counters": {
    "bus.c_channel_3_rotor_move.calls": 1112,
    "bus.chute_stepper_set_speed.calls": 1112
  },
  "thread_counters": {
    "coordinator.step.by_thread": {
      "coordinator": 1112
    },
    "infer.carousel.by_thread": {
      "coordinator": 1,
      "AnyIO worker thread": 1494
    },
    "preview.carousel.serve.by_thread": {
      "AnyIO worker thread": 1494
    },
    "infer.c_channel_3.by_thread": {
      "AnyIO worker thread": 1473
    },
    "preview.c_channel_3.serve.by_thread": {
      "AnyIO worker thread": 1473
    },
    "infer.c_channel_2.by_thread": {
      "AnyIO worker thread": 1527
    },
    "preview.c_channel_2.serve.by_thread": {
      "AnyIO worker thread": 1527
    }
  },
  "rev": "rev01",
  "config": {
    "duration_s": 25.0,
    "width": 640,
    "height": 480,
    "fps_target": 30,
    "preview_port": 8088,
    "bus_command_ms": 5.0,
    "model": "/home/orangepi/sorter-v2-fresh/software/sorter/backend/bundled_models/r3-c-channel-yolo11n-320/exports/sorter-npu-r3_yolo11n-320_rk3588-int8_c-channel_2026-05-23.rknn",
    "cameras": [
      [
        "c_channel_2",
        "/dev/video0",
        "NPU_CORE_0"
      ],
      [
        "c_channel_3",
        "/dev/video2",
        "NPU_CORE_1"
      ],
      [
        "carousel",
        "/dev/video4",
        "NPU_CORE_2"
      ]
    ]
  }
}