{
  "elapsed_s": 20.893457600992406,
  "series": {
    "subsystem.feeder.c_channel_2.convert_ms": {
      "count": 885,
      "avg_ms": 0.7908683241605443,
      "p50_ms": 1.0272369836457074,
      "p90_ms": 1.0622369882185012,
      "max_ms": 1.476981007726863,
      "min_ms": 0.0002910092007368803
    },
    "subsystem.feeder.c_channel_3.convert_ms": {
      "count": 885,
      "avg_ms": 0.7498555752254055,
      "p50_ms": 0.9820289851631969,
      "p90_ms": 1.0176119976677,
      "max_ms": 1.3159830123186111,
      "min_ms": 0.00029199873097240925
    },
    "subsystem.feeder.carousel.convert_ms": {
      "count": 885,
      "avg_ms": 0.7585125253470035,
      "p50_ms": 0.990780012216419,
      "p90_ms": 1.025196019327268,
      "max_ms": 1.395899016642943,
      "min_ms": 0.0002910092007368803
    },
    "bus.c_channel_3_rotor_move_ms": {
      "count": 885,
      "avg_ms": 0.003823589225757425,
      "p50_ms": 0.004665984306484461,
      "p90_ms": 0.004958012141287327,
      "max_ms": 0.009625015081837773,
      "min_ms": 0.0008750066626816988
    },
    "subsystem.feeder.step_ms": {
      "count": 885,
      "avg_ms": 2.3453234231209983,
      "p50_ms": 3.068877005716786,
      "p90_ms": 3.160460008075461,
      "max_ms": 3.895450005074963,
      "min_ms": 0.010207993909716606
    },
    "bus.chute_stepper_set_speed_ms": {
      "count": 889,
      "avg_ms": 0.0029382926369498664,
      "p50_ms": 0.0034999975468963385,
      "p90_ms": 0.004375004209578037,
      "max_ms": 0.01749902730807662,
      "min_ms": 0.0005829788278788328
    },
    "subsystem.classification.step_ms": {
      "count": 889,
      "avg_ms": 0.7102642337913668,
      "p50_ms": 1.0284039890393615,
      "p90_ms": 1.0864450014196336,
      "max_ms": 1.5087720239534974,
      "min_ms": 0.006124988431110978
    },
    "subsystem.distribution.step_ms": {
      "count": 933,
      "avg_ms": 0.0013535740794783653,
      "p50_ms": 0.0014580145943909883,
      "p90_ms": 0.00204198295250535,
      "max_ms": 0.0058340083342045546,
      "min_ms": 0.00029098009690642357
    },
    "subsystem.distribution.interval_ms": {
      "count": 933,
      "avg_ms": 21.463786871196195,
      "p50_ms": 20.883650984615088,
      "p90_ms": 23.328662005951628,
      "max_ms": 28.191849996801466,
      "min_ms": 20.055619010236114
    },
    "subsystem.classification.interval_ms": {
      "count": 889,
      "avg_ms": 22.526728307133745,
      "p50_ms": 23.054789984598756,
      "p90_ms": 23.677782010054216,
      "max_ms": 27.8123960015364,
      "min_ms": 20.090618985705078
    },
    "subsystem.feeder.interval_ms": {
      "count": 885,
      "avg_ms": 22.626794717737635,
      "p50_ms": 23.197996022645384,
      "p90_ms": 23.58882498810999,
      "max_ms": 28.9212990028318,
      "min_ms": 20.139326981734484
    },
    "preview.c_channel_2.get_frame_ms": {
      "count": 5206,
      "avg_ms": 0.0013370774675602872,
      "p50_ms": 0.001167005393654108,
      "p90_ms": 0.0017500133253633976,
      "max_ms": 0.022748979972675443,
      "min_ms": 0.0002910092007368803
    },
    "preview.c_channel_2.overlay_ms": {
      "count": 5206,
      "avg_ms": 0.0077881788639666575,
      "p50_ms": 0.0014579854905605316,
      "p90_ms": 0.0026249908842146397,
      "max_ms": 1.4705649809911847,
      "min_ms": 0.00029199873097240925
    },
    "preview.c_channel_2.encode_ms": {
      "count": 5206,
      "avg_ms": 2.3910256614407674,
      "p50_ms": 2.1323480177670717,
      "p90_ms": 3.3783320104703307,
      "max_ms": 11.580185004277155,
      "min_ms": 1.6831860120873898
    },
    "preview.carousel.get_frame_ms": {
      "count": 5361,
      "avg_ms": 0.0012231157872686189,
      "p50_ms": 0.001167005393654108,
      "p90_ms": 0.0017500133253633976,
      "max_ms": 0.016915990272536874,
      "min_ms": 0.00029098009690642357
    },
    "preview.carousel.overlay_ms": {
      "count": 5361,
      "avg_ms": 0.004968016166345947,
      "p50_ms": 0.0014579854905605316,
      "p90_ms": 0.0026249908842146397,
      "max_ms": 1.079445006325841,
      "min_ms": 0.00029098009690642357
    },
    "preview.carousel.encode_ms": {
      "count": 5361,
      "avg_ms": 2.308470219920666,
      "p50_ms": 2.0113069913350046,
      "p90_ms": 3.244458988774568,
      "max_ms": 23.69090699357912,
      "min_ms": 1.6295209934469312
    },
    "preview.c_channel_3.get_frame_ms": {
      "count": 5233,
      "avg_ms": 0.001184991594245944,
      "p50_ms": 0.0011669762898236513,
      "p90_ms": 0.0017499842215329409,
      "max_ms": 0.013999990187585354,
      "min_ms": 0.00029098009690642357
    },
    "preview.c_channel_3.overlay_ms": {
      "count": 5233,
      "avg_ms": 0.007627886521252513,
      "p50_ms": 0.0014579854905605316,
      "p90_ms": 0.0026249908842146397,
      "max_ms": 1.313650020165369,
      "min_ms": 0.0002910092007368803
    },
    "preview.c_channel_3.encode_ms": {
      "count": 5233,
      "avg_ms": 2.383915251740709,
      "p50_ms": 2.1095980191603303,
      "p90_ms": 3.3544149773661047,
      "max_ms": 17.582610016688704,
      "min_ms": 1.6645200084894896
    },
    "infer.carousel.ms": {
      "count": 579,
      "avg_ms": 13.246857314567613,
      "p50_ms": 12.226218997966498,
      "p90_ms": 16.071794991148636,
      "max_ms": 422.3413729923777,
      "min_ms": 5.548012995859608
    },
    "frame_to_decision_feeder_ms": {
      "count": 849,
      "avg_ms": 26.139002104670475,
      "p50_ms": 21.622657775878906,
      "p90_ms": 37.156105041503906,
      "max_ms": 516.2091255187988,
      "min_ms": 7.871866226196289
    },
    "frame_to_decision_classification_ms": {
      "count": 853,
      "avg_ms": 33.46498881806243,
      "p50_ms": 31.669139862060547,
      "p90_ms": 44.88110542297363,
      "max_ms": 515.0086879730225,
      "min_ms": 7.544279098510742
    },
    "infer.c_channel_2.ms": {
      "count": 461,
      "avg_ms": 13.176890613598074,
      "p50_ms": 12.192387017421424,
      "p90_ms": 15.97467198735103,
      "max_ms": 370.21507901954465,
      "min_ms": 6.01992299198173
    },
    "infer.c_channel_3.ms": {
      "count": 445,
      "avg_ms": 13.612340036988929,
      "p50_ms": 12.273177009774372,
      "p90_ms": 16.03125498513691,
      "max_ms": 492.12990200612694,
      "min_ms": 6.89870398491621
    }
  },
  "counters": {
    "bus.c_channel_3_rotor_move.calls": 885,
    "bus.chute_stepper_set_speed.calls": 889
  },
  "thread_counters": {
    "subsystem.feeder.step.by_thread": {
      "subsystem-feeder": 885
    },
    "subsystem.classification.step.by_thread": {
      "subsystem-classification": 889
    },
    "subsystem.distribution.step.by_thread": {
      "subsystem-distribution": 933
    },
    "preview.c_channel_2.serve.by_thread": {
      "AnyIO worker thread": 5206
    },
    "preview.carousel.serve.by_thread": {
      "AnyIO worker thread": 5361
    },
    "preview.c_channel_3.serve.by_thread": {
      "AnyIO worker thread": 5233
    },
    "infer.carousel.by_thread": {
      "capture-carousel": 579
    },
    "infer.c_channel_2.by_thread": {
      "capture-c_channel_2": 461
    },
    "infer.c_channel_3.by_thread": {
      "capture-c_channel_3": 445
    }
  },
  "rev": "rev02",
  "config": {
    "duration_s": 20.0,
    "width": 640,
    "height": 480,
    "fps_target": 30,
    "preview_port": 8088,
    "bus_command_ms": 5.0,
    "model": "/home/orangepi/sorter-v2-fresh/software/sorter/backend/bundled_models/r3-c-channel-yolo11n-320/exports/sorter-npu-r3_yolo11n-320_rk3588-int8_c-channel_2026-05-23.rknn",
    "cameras": [
      [
        "c_channel_2",
        "/dev/video0",
        "NPU_CORE_0"
      ],
      [
        "c_channel_3",
        "/dev/video2",
        "NPU_CORE_1"
      ],
      [
        "carousel",
        "/dev/video4",
        "NPU_CORE_2"
      ]
    ]
  }
}