{
  "elapsed_s": 20.861720921006054,
  "series": {
    "coordinator.feeder.c_channel_2.convert_ms": {
      "count": 552,
      "avg_ms": 6.062584217442486,
      "p50_ms": 2.7013820072170347,
      "p90_ms": 11.889347981195897,
      "max_ms": 39.136501000029966,
      "min_ms": 0.0002910092007368803
    },
    "coordinator.feeder.c_channel_3.convert_ms": {
      "count": 552,
      "avg_ms": 4.811228216145747,
      "p50_ms": 2.3166780010797083,
      "p90_ms": 10.53865801077336,
      "max_ms": 34.89922301378101,
      "min_ms": 0.00029098009690642357
    },
    "coordinator.feeder.carousel.convert_ms": {
      "count": 552,
      "avg_ms": 4.601383431598652,
      "p50_ms": 2.7028399927075952,
      "p90_ms": 10.880485991947353,
      "max_ms": 15.760007983772084,
      "min_ms": 0.00029098009690642357
    },
    "bus.c_channel_3_rotor_move_ms": {
      "count": 552,
      "avg_ms": 0.0025288092623721213,
      "p50_ms": 0.002040993422269821,
      "p90_ms": 0.00495798303745687,
      "max_ms": 0.018373975763097405,
      "min_ms": 0.0005829788278788328
    },
    "coordinator.feeder_ms": {
      "count": 552,
      "avg_ms": 15.516803300999817,
      "p50_ms": 10.645114991348237,
      "p90_ms": 31.88125998713076,
      "max_ms": 84.06747100525536,
      "min_ms": 0.0081659818533808
    },
    "bus.chute_stepper_set_speed_ms": {
      "count": 552,
      "avg_ms": 0.0012480233925853627,
      "p50_ms": 0.0008750066626816988,
      "p90_ms": 0.0026249908842146397,
      "max_ms": 0.009624985978007317,
      "min_ms": 0.0002910092007368803
    },
    "coordinator.classification_ms": {
      "count": 552,
      "avg_ms": 0.32152352977773524,
      "p50_ms": 0.005832989700138569,
      "p90_ms": 0.017207989003509283,
      "max_ms": 172.66534399823286,
      "min_ms": 0.0026249908842146397
    },
    "coordinator.distribution_ms": {
      "count": 552,
      "avg_ms": 0.00050408150697046,
      "p50_ms": 0.00029199873097240925,
      "p90_ms": 0.0011669762898236513,
      "max_ms": 0.002041022526100278,
      "min_ms": 0.0
    },
    "coordinator.step.total_ms": {
      "count": 552,
      "avg_ms": 15.85803681160357,
      "p50_ms": 11.154940992128104,
      "p90_ms": 31.992509990232065,
      "max_ms": 172.80505000962876,
      "min_ms": 0.014582998119294643
    },
    "coordinator.step.interval_ms": {
      "count": 552,
      "avg_ms": 36.38641541856223,
      "p50_ms": 31.74984600627795,
      "p90_ms": 52.68220399739221,
      "max_ms": 195.49380301032215,
      "min_ms": 20.070202997885644
    },
    "infer.carousel.ms": {
      "count": 735,
      "avg_ms": 17.956942106481502,
      "p50_ms": 14.584896998712793,
      "p90_ms": 33.771361981052905,
      "max_ms": 172.5982610078063,
      "min_ms": 5.593220004811883
    },
    "preview.carousel.convert_ms": {
      "count": 734,
      "avg_ms": 0.8917145803523167,
      "p50_ms": 1.0088620183523744,
      "p90_ms": 1.1427350109443069,
      "max_ms": 4.545859002973884,
      "min_ms": 0.23916398640722036
    },
    "preview.carousel.get_frame_ms": {
      "count": 734,
      "avg_ms": 0.003171719384521794,
      "p50_ms": 0.0029170187190175056,
      "p90_ms": 0.0037919962778687477,
      "max_ms": 0.1105399860534817,
      "min_ms": 0.0005830079317092896
    },
    "preview.carousel.overlay_ms": {
      "count": 734,
      "avg_ms": 18.7836930315389,
      "p50_ms": 15.586177003569901,
      "p90_ms": 34.68922499450855,
      "max_ms": 81.53775299433619,
      "min_ms": 5.890133994398639
    },
    "preview.carousel.encode_ms": {
      "count": 734,
      "avg_ms": 5.199961570494082,
      "p50_ms": 4.805439006304368,
      "p90_ms": 7.6030700001865625,
      "max_ms": 26.107626006705686,
      "min_ms": 1.6651040059514344
    },
    "frame_to_decision_ms": {
      "count": 533,
      "avg_ms": 15.896949714388677,
      "p50_ms": 13.726234436035156,
      "p90_ms": 31.540870666503906,
      "max_ms": 52.39415168762207,
      "min_ms": 0.5407333374023438
    },
    "infer.c_channel_2.ms": {
      "count": 720,
      "avg_ms": 17.79360622531385,
      "p50_ms": 13.860116014257073,
      "p90_ms": 33.53336500003934,
      "max_ms": 157.06720898742788,
      "min_ms": 5.524680018424988
    },
    "preview.c_channel_2.convert_ms": {
      "count": 720,
      "avg_ms": 0.9491850938098246,
      "p50_ms": 1.0062370274681598,
      "p90_ms": 1.1147359909955412,
      "max_ms": 11.014067975338548,
      "min_ms": 0.23858097847551107
    },
    "preview.c_channel_2.get_frame_ms": {
      "count": 720,
      "avg_ms": 0.0033286048063827264,
      "p50_ms": 0.003208988346159458,
      "p90_ms": 0.004083005478605628,
      "max_ms": 0.05133301601745188,
      "min_ms": 0.0008750066626816988
    },
    "preview.c_channel_2.overlay_ms": {
      "count": 720,
      "avg_ms": 18.873686520277666,
      "p50_ms": 14.85468598548323,
      "p90_ms": 34.964847000082955,
      "max_ms": 157.3924129770603,
      "min_ms": 5.8498840080574155
    },
    "preview.c_channel_2.encode_ms": {
      "count": 720,
      "avg_ms": 5.497171284393214,
      "p50_ms": 4.830521997064352,
      "p90_ms": 7.729068020125851,
      "max_ms": 46.32357700029388,
      "min_ms": 1.712644996587187
    },
    "infer.c_channel_3.ms": {
      "count": 705,
      "avg_ms": 18.077897238140554,
      "p50_ms": 15.63517501926981,
      "p90_ms": 33.61386401229538,
      "max_ms": 221.40543098794296,
      "min_ms": 5.5240970104932785
    },
    "preview.c_channel_3.convert_ms": {
      "count": 705,
      "avg_ms": 0.9615755220544888,
      "p50_ms": 0.9966119832824916,
      "p90_ms": 1.1004450207110494,
      "max_ms": 28.69176000240259,
      "min_ms": 0.2359549980610609
    },
    "preview.c_channel_3.get_frame_ms": {
      "count": 705,
      "avg_ms": 0.003137560610837759,
      "p50_ms": 0.003207998815923929,
      "p90_ms": 0.0037920253816992044,
      "max_ms": 0.01604200224392116,
      "min_ms": 0.0011659867595881224
    },
    "preview.c_channel_3.overlay_ms": {
      "count": 705,
      "avg_ms": 19.17729480798911,
      "p50_ms": 16.793369984952733,
      "p90_ms": 34.720433002803475,
      "max_ms": 221.7551349895075,
      "min_ms": 5.8437590196263045
    },
    "preview.c_channel_3.encode_ms": {
      "count": 705,
      "avg_ms": 5.434493357868838,
      "p50_ms": 4.8016470100265,
      "p90_ms": 7.896773982793093,
      "max_ms": 27.0348229969386,
      "min_ms": 1.707978022750467
    }
  },
  "counters": {
    "bus.c_channel_3_rotor_move.calls": 552,
    "bus.chute_stepper_set_speed.calls": 552
  },
  "thread_counters": {
    "coordinator.step.by_thread": {
      "coordinator": 552
    },
    "infer.carousel.by_thread": {
      "coordinator": 1,
      "AnyIO worker thread": 734
    },
    "preview.carousel.serve.by_thread": {
      "AnyIO worker thread": 734
    },
    "infer.c_channel_2.by_thread": {
      "AnyIO worker thread": 720
    },
    "preview.c_channel_2.serve.by_thread": {
      "AnyIO worker thread": 720
    },
    "infer.c_channel_3.by_thread": {
      "AnyIO worker thread": 705
    },
    "preview.c_channel_3.serve.by_thread": {
      "AnyIO worker thread": 705
    }
  },
  "rev": "rev01",
  "config": {
    "duration_s": 20.0,
    "width": 640,
    "height": 480,
    "fps_target": 30,
    "preview_port": 8088,
    "bus_command_ms": 5.0,
    "model": "/home/orangepi/sorter-v2-fresh/software/sorter/backend/bundled_models/r3-c-channel-yolo11n-320/exports/sorter-npu-r3_yolo11n-320_rk3588-int8_c-channel_2026-05-23.rknn",
    "cameras": [
      [
        "c_channel_2",
        "/dev/video0",
        "NPU_CORE_0"
      ],
      [
        "c_channel_3",
        "/dev/video2",
        "NPU_CORE_1"
      ],
      [
        "carousel",
        "/dev/video4",
        "NPU_CORE_2"
      ]
    ]
  }
}