Configuration file: /Users/spencer/Documents/GitHub/sorter-v2-04/docs/_config.yml
            Source: /Users/spencer/Documents/GitHub/sorter-v2-04/docs
       Destination: /Users/spencer/Documents/GitHub/sorter-v2-04/docs/_site
 Incremental build: disabled. Enable with --incremental
      Generating... 
[33mYAML Exception reading /Users/spencer/Documents/GitHub/sorter-v2-04/docs/lab/operation-target-10ppm-2026-04-25.md: (<unknown>): mapping values are not allowed in this context at line 11 column 68 [0m
                    done in 1.146 seconds.
 Auto-regeneration: enabled for '/Users/spencer/Documents/GitHub/sorter-v2-04/docs'
LiveReload address: http://127.0.0.1:35729
    Server address: http://127.0.0.1:4000
  Server running... press ctrl-c to stop.
        LiveReload: Browser connected
[2026-08-01 14:57:48] ERROR Errno::ECONNRESET: Connection reset by peer @ io_fillbuf - fd:14 
	/opt/homebrew/lib/ruby/gems/4.0.0/gems/webrick-1.9.2/lib/webrick/httpserver.rb:82:in 'IO#eof?'
	/opt/homebrew/lib/ruby/gems/4.0.0/gems/webrick-1.9.2/lib/webrick/httpserver.rb:82:in 'WEBrick::HTTPServer#run'
	/opt/homebrew/lib/ruby/gems/4.0.0/gems/webrick-1.9.2/lib/webrick/server.rb:309:in 'block in WEBrick::GenericServer#start_thread'
      Regenerating: 2 file(s) changed at 2026-08-01 15:19:31
                    _data/authors.yml
                    hardware/assembly/distribution/top-interface.md
[33mYAML Exception reading /Users/spencer/Documents/GitHub/sorter-v2-04/docs/lab/operation-target-10ppm-2026-04-25.md: (<unknown>): mapping values are not allowed in this context at line 11 column 68 [0m
                    ...done in 2.254491 seconds.
                    
      Regenerating: 1 file(s) changed at 2026-08-01 15:19:35
                    _data/authors.yml
[2026-08-01 15:19:35] ERROR '/favicon.ico' not found.
[33mYAML Exception reading /Users/spencer/Documents/GitHub/sorter-v2-04/docs/lab/operation-target-10ppm-2026-04-25.md: (<unknown>): mapping values are not allowed in this context at line 11 column 68 [0m
                    ...done in 3.541143 seconds.
                    
      Regenerating: 1 file(s) changed at 2026-08-01 15:19:38
                    hardware/assembly/distribution/top-interface.md
[33mYAML Exception reading /Users/spencer/Documents/GitHub/sorter-v2-04/docs/lab/operation-target-10ppm-2026-04-25.md: (<unknown>): mapping values are not allowed in this context at line 11 column 68 [0m
[2026-08-01 15:19:42] ERROR '/favicon.ico' not found.
                    ...done in 4.875605 seconds.
                    
[2026-08-01 15:19:44] ERROR '/favicon.ico' not found.
[2026-08-01 15:19:47] ERROR '/favicon.ico' not found.
[2026-08-02 13:55:58] ERROR '/sorter/safe-shutdown/' not found.
[2026-08-02 13:55:58] ERROR '/sorter/safe-shutdown/' not found.
[2026-08-02 13:56:17] ERROR '/sorter/safe-shutdown/' not found.
      Regenerating: 4 file(s) changed at 2026-08-03 18:30:22
                    .jekyll.log
                    _layouts/default.html
                    _data/nav.yml
                    sorter/safe-shutdown.md
[33mYAML Exception reading /Users/spencer/Documents/GitHub/sorter-v2-04/docs/lab/operation-target-10ppm-2026-04-25.md: (<unknown>): mapping values are not allowed in this context at line 11 column 68 [0m
                    ...done in 0.62043 seconds.
                    
      Regenerating: 3 file(s) changed at 2026-08-03 18:30:23
                    .jekyll.log
                    assets/img/sorter/safe-shutdown/full-machine-power-down-menu.jpg
                    assets/img/sorter/safe-shutdown/orange-pi-power-button.jpg
[33mYAML Exception reading /Users/spencer/Documents/GitHub/sorter-v2-04/docs/lab/operation-target-10ppm-2026-04-25.md: (<unknown>): mapping values are not allowed in this context at line 11 column 68 [0m
                    ...done in 0.09319 seconds.
                    
      Regenerating: 2 file(s) changed at 2026-08-03 18:31:28
                    .jekyll.log
                    index.md
[33mYAML Exception reading /Users/spencer/Documents/GitHub/sorter-v2-04/docs/lab/operation-target-10ppm-2026-04-25.md: (<unknown>): mapping values are not allowed in this context at line 11 column 68 [0m
                    ...done in 0.580447 seconds.
                    
      Regenerating: 1 file(s) changed at 2026-08-03 18:31:28
                    .jekyll.log
[33mYAML Exception reading /Users/spencer/Documents/GitHub/sorter-v2-04/docs/lab/operation-target-10ppm-2026-04-25.md: (<unknown>): mapping values are not allowed in this context at line 11 column 68 [0m
                    ...done in 0.192842 seconds.
                    
      Regenerating: 7 file(s) changed at 2026-08-03 18:43:41
                    hardware/assembly/distribution/bin-frame/bottom-interface.md
                    hardware/parts/lazy-susan.md
                    hardware/helpers/heat-inserts.md
                    hardware/helpers/lazy-susan.md
                    sorter/safe-shutdown.md
                    .jekyll.log
                    _data/parts.yml
[33mYAML Exception reading /Users/spencer/Documents/GitHub/sorter-v2-04/docs/lab/operation-target-10ppm-2026-04-25.md: (<unknown>): mapping values are not allowed in this context at line 11 column 68 [0m
                    ...done in 0.118107 seconds.
                    
      Regenerating: 1 file(s) changed at 2026-08-03 18:43:52
                    _includes/page-requirements.html
[33mYAML Exception reading /Users/spencer/Documents/GitHub/sorter-v2-04/docs/lab/operation-target-10ppm-2026-04-25.md: (<unknown>): mapping values are not allowed in this context at line 11 column 68 [0m
                    ...done in 0.142088 seconds.
                    
      Regenerating: 27 file(s) changed at 2026-08-03 18:43:53
                    .jekyll.log
                    assets/img/lazy-susan-side-angle.jpg
                    assets/img/lazy-susan-top.jpg
                    assets/img/tools/heat-insert-press.jpg
                    assets/img/parts/ls-mount-to-chute.png
                    assets/img/parts/ls-bottom-static.png
                    assets/img/parts/ls-washer.png
                    assets/img/helpers/lazy-susan.jpg
                    assets/img/assembly/bottom-interface/mounted-in-frame.png
                    assets/img/assembly/bottom-interface/complete.jpg
                    assets/img/assembly/bottom-interface/step2-pass-through.jpg
                    assets/img/assembly/bottom-interface/exploded-view.png
                    assets/img/assembly/bottom-interface/step1-drive-screw.jpg
                    assets/img/assembly/bottom-interface/step2-hole-red-square.jpg
                    assets/img/assembly/bottom-interface/step2-screwed-in.jpg
                    assets/img/assembly/bottom-interface/step2-rotate-90.jpg
                    assets/img/assembly/bottom-interface/step2-after-rotate.jpg
                    assets/img/assembly/bottom-interface/step2-holes-aligned.jpg
                    assets/img/assembly/bottom-interface/step1-line-up-hole.jpg
                    assets/img/assembly/bottom-interface/lazy-susan-on-chute-mount.jpg
                    assets/img/assembly/bottom-interface/step2-place-chute-adapter.jpg
                    assets/img/assembly/bottom-interface/exploded-view-detail.png
                    assets/img/parts/hardware/screws/m4-12mm-countersunk.jpg
                    assets/img/parts/hardware/heat-inserts/m4-ruthex-long/insert.jpg
                    assets/img/parts/hardware/heat-inserts/m4-ruthex-long/packaging.jpg
                    assets/img/sorter/safe-shutdown/full-machine-power-down-menu.jpg
                    assets/img/sorter/safe-shutdown/orange-pi-power-button.jpg
[33mYAML Exception reading /Users/spencer/Documents/GitHub/sorter-v2-04/docs/lab/operation-target-10ppm-2026-04-25.md: (<unknown>): mapping values are not allowed in this context at line 11 column 68 [0m
                    ...done in 0.157897 seconds.
                    
      Regenerating: 1 file(s) changed at 2026-08-03 18:44:27
                    .jekyll.log
[33mYAML Exception reading /Users/spencer/Documents/GitHub/sorter-v2-04/docs/lab/operation-target-10ppm-2026-04-25.md: (<unknown>): mapping values are not allowed in this context at line 11 column 68 [0m
                    ...done in 0.107772 seconds.
                    
      Regenerating: 1 file(s) changed at 2026-08-03 18:44:32
                    .jekyll.log
[33mYAML Exception reading /Users/spencer/Documents/GitHub/sorter-v2-04/docs/lab/operation-target-10ppm-2026-04-25.md: (<unknown>): mapping values are not allowed in this context at line 11 column 68 [0m
                    ...done in 0.096484 seconds.
                    
      Regenerating: 1 file(s) changed at 2026-08-03 18:44:48
                    .jekyll.log
[33mYAML Exception reading /Users/spencer/Documents/GitHub/sorter-v2-04/docs/lab/operation-target-10ppm-2026-04-25.md: (<unknown>): mapping values are not allowed in this context at line 11 column 68 [0m
                    ...done in 0.247615 seconds.
                    
      Regenerating: 1 file(s) changed at 2026-08-03 18:45:01
                    .jekyll.log
[33mYAML Exception reading /Users/spencer/Documents/GitHub/sorter-v2-04/docs/lab/operation-target-10ppm-2026-04-25.md: (<unknown>): mapping values are not allowed in this context at line 11 column 68 [0m
                    ...done in 0.088959 seconds.
                    
      Regenerating: 35 file(s) changed at 2026-08-03 18:54:32
                    _includes/page-requirements.html
                    hardware/parts/lazy-susan.md
                    hardware/helpers/heat-inserts.md
                    hardware/helpers/lazy-susan.md
                    sorter/safe-shutdown.md
                    .jekyll.log
                    index.md
                    _data/parts.yml
                    hardware/assembly/distribution/bin-frame/bottom-interface.md
                    assets/img/tools/heat-insert-press.jpg
                    assets/img/lazy-susan-side-angle.jpg
                    assets/img/sorter/safe-shutdown/full-machine-power-down-menu.jpg
                    assets/img/sorter/safe-shutdown/orange-pi-power-button.jpg
                    assets/img/assembly/bottom-interface/mounted-in-frame.png
                    assets/img/assembly/bottom-interface/complete.jpg
                    assets/img/assembly/bottom-interface/step2-pass-through.jpg
                    assets/img/assembly/bottom-interface/exploded-view.png
                    assets/img/assembly/bottom-interface/step1-drive-screw.jpg
                    assets/img/assembly/bottom-interface/step2-hole-red-square.jpg
                    assets/img/assembly/bottom-interface/step2-screwed-in.jpg
                    assets/img/assembly/bottom-interface/step2-rotate-90.jpg
                    assets/img/assembly/bottom-interface/step2-after-rotate.jpg
                    assets/img/assembly/bottom-interface/step2-holes-aligned.jpg
                    assets/img/assembly/bottom-interface/step1-line-up-hole.jpg
                    assets/img/assembly/bottom-interface/lazy-susan-on-chute-mount.jpg
                    assets/img/assembly/bottom-interface/step2-place-chute-adapter.jpg
                    assets/img/assembly/bottom-interface/exploded-view-detail.png
                    assets/img/lazy-susan-top.jpg
                    assets/img/parts/hardware/heat-inserts/m4-ruthex-long/insert.jpg
                    assets/img/parts/hardware/heat-inserts/m4-ruthex-long/packaging.jpg
                    assets/img/parts/hardware/screws/m4-12mm-countersunk.jpg
                    assets/img/parts/ls-mount-to-chute.png
                    assets/img/parts/ls-bottom-static.png
                    assets/img/parts/ls-washer.png
                    assets/img/helpers/lazy-susan.jpg
[33mYAML Exception reading /Users/spencer/Documents/GitHub/sorter-v2-04/docs/lab/operation-target-10ppm-2026-04-25.md: (<unknown>): mapping values are not allowed in this context at line 11 column 68 [0m
                    ...done in 0.182413 seconds.
                    
      Regenerating: 1 file(s) changed at 2026-08-03 18:54:32
                    .jekyll.log
[33mYAML Exception reading /Users/spencer/Documents/GitHub/sorter-v2-04/docs/lab/operation-target-10ppm-2026-04-25.md: (<unknown>): mapping values are not allowed in this context at line 11 column 68 [0m
                    ...done in 0.10295 seconds.
                    
      Regenerating: 35 file(s) changed at 2026-08-03 18:54:33
                    _includes/page-requirements.html
                    hardware/assembly/distribution/bin-frame/bottom-interface.md
                    hardware/parts/lazy-susan.md
                    hardware/helpers/heat-inserts.md
                    hardware/helpers/lazy-susan.md
                    sorter/safe-shutdown.md
                    .jekyll.log
                    index.md
                    _data/parts.yml
                    assets/img/assembly/bottom-interface/mounted-in-frame.png
                    assets/img/assembly/bottom-interface/complete.jpg
                    assets/img/assembly/bottom-interface/step2-pass-through.jpg
                    assets/img/assembly/bottom-interface/exploded-view.png
                    assets/img/assembly/bottom-interface/step1-drive-screw.jpg
                    assets/img/assembly/bottom-interface/step2-hole-red-square.jpg
                    assets/img/assembly/bottom-interface/step2-screwed-in.jpg
                    assets/img/assembly/bottom-interface/step2-rotate-90.jpg
                    assets/img/assembly/bottom-interface/step2-after-rotate.jpg
                    assets/img/assembly/bottom-interface/step2-holes-aligned.jpg
                    assets/img/assembly/bottom-interface/step1-line-up-hole.jpg
                    assets/img/assembly/bottom-interface/lazy-susan-on-chute-mount.jpg
                    assets/img/assembly/bottom-interface/step2-place-chute-adapter.jpg
                    assets/img/assembly/bottom-interface/exploded-view-detail.png
                    assets/img/lazy-susan-side-angle.jpg
                    assets/img/lazy-susan-top.jpg
                    assets/img/tools/heat-insert-press.jpg
                    assets/img/parts/ls-mount-to-chute.png
                    assets/img/parts/ls-bottom-static.png
                    assets/img/parts/ls-washer.png
                    assets/img/helpers/lazy-susan.jpg
                    assets/img/parts/hardware/screws/m4-12mm-countersunk.jpg
                    assets/img/parts/hardware/heat-inserts/m4-ruthex-long/insert.jpg
                    assets/img/parts/hardware/heat-inserts/m4-ruthex-long/packaging.jpg
                    assets/img/sorter/safe-shutdown/full-machine-power-down-menu.jpg
                    assets/img/sorter/safe-shutdown/orange-pi-power-button.jpg
[33mYAML Exception reading /Users/spencer/Documents/GitHub/sorter-v2-04/docs/lab/operation-target-10ppm-2026-04-25.md: (<unknown>): mapping values are not allowed in this context at line 11 column 68 [0m
                    ...done in 0.130238 seconds.
                    
      Regenerating: 1 file(s) changed at 2026-08-03 18:54:33
                    .jekyll.log
[33mYAML Exception reading /Users/spencer/Documents/GitHub/sorter-v2-04/docs/lab/operation-target-10ppm-2026-04-25.md: (<unknown>): mapping values are not allowed in this context at line 11 column 68 [0m
                    ...done in 0.075382 seconds.
                    
      Regenerating: 1 file(s) changed at 2026-08-03 20:05:24
                    .jekyll.log
[33mYAML Exception reading /Users/spencer/Documents/GitHub/sorter-v2-04/docs/lab/operation-target-10ppm-2026-04-25.md: (<unknown>): mapping values are not allowed in this context at line 11 column 68 [0m
                    ...done in 0.224501 seconds.
                    
      Regenerating: 1 file(s) changed at 2026-08-03 20:05:41
                    .jekyll.log
[33mYAML Exception reading /Users/spencer/Documents/GitHub/sorter-v2-04/docs/lab/operation-target-10ppm-2026-04-25.md: (<unknown>): mapping values are not allowed in this context at line 11 column 68 [0m
                    ...done in 0.173559 seconds.
                    
      Regenerating: 1 file(s) changed at 2026-08-03 20:05:42
                    .jekyll.log
[33mYAML Exception reading /Users/spencer/Documents/GitHub/sorter-v2-04/docs/lab/operation-target-10ppm-2026-04-25.md: (<unknown>): mapping values are not allowed in this context at line 11 column 68 [0m
                    ...done in 0.123131 seconds.
                    
      Regenerating: 90 file(s) changed at 2026-08-20 19:45:49
                    .jekyll.log
                    svelte.config.js
                    .gitignore
                    package-lock.json
                    package.json
                    static/404.html
                    static/assets/pi5-01.png
                    static/assets/basically-logo.svg
                    static/assets/favicon-192.png
                    static/assets/favicon.ico
                    static/assets/apple-touch-icon.png
                    static/assets/favicon-96.png
                    static/assets/png-transparent-siemens-star-focus-camera-optics-charts-angle-lens-triangle.png
                    tsconfig.json
                    vite.config.ts
                    src/app.d.ts
                    src/liquid/_includes/page-requirements.html
                    src/liquid/_includes/page-author.html
                    src/liquid/_includes/page-meta.html
                    src/liquid/_includes/fastener-legend.html
                    src/liquid/_includes/fastener.html
                    src/liquid/_includes/harness/pin-swap.html
                    src/liquid/_includes/page-header.html
                    src/liquid/_includes/step.html
                    src/liquid/_includes/nav-tree.html
                    src/liquid/_includes/affiliate-footnotes.html
                    src/liquid/_includes/affiliate-link.html
                    src/liquid/_data/parts.yml
                    src/liquid/_data/authors.yml
                    src/liquid/_data/harness.yml
                    src/liquid/_data/nav.yml
                    src/content/hardware/orange-pi-5.md
                    src/content/hardware/BOM.md
                    src/content/hardware/electronics/psu-pigtail.md
                    src/content/hardware/electronics/wireviz.md
                    src/content/hardware/electronics/steppers.md
                    src/content/hardware/electronics/index.md
                    src/content/hardware/electronics/order.md
                    src/content/hardware/assembly/feeder/arranging-c-channels.md
                    src/content/hardware/assembly/feeder/index.md
                    src/content/hardware/assembly/feeder/c-channel.md
                    src/content/hardware/assembly/feeder/classification-chamber/index.md
                    src/content/hardware/assembly/distribution/bin-frame/bottom-interface.md
                    src/content/hardware/assembly/distribution/bin-frame/index.md
                    src/content/hardware/assembly/distribution/bin-frame/regular-layers.md
                    src/content/hardware/assembly/distribution/bin-frame/bottom-two-layers.md
                    src/content/hardware/assembly/distribution/external-bracket.md
                    src/content/hardware/assembly/distribution/top-interface.md
                    src/content/hardware/assembly/distribution/index.md
                    src/content/hardware/assembly/distribution/chute/chute-core.md
                    src/content/hardware/assembly/distribution/chute/layer-connectors.md
                    src/content/hardware/assembly/distribution/chute/door-module.md
                    src/content/hardware/assembly/distribution/chute/funnel.md
                    src/content/hardware/assembly/distribution/chute/mg995-servo/servo-mount.md
                    src/content/hardware/assembly/distribution/chute/mg995-servo/index.md
                    src/content/hardware/assembly/distribution/chute/mg995-servo/how-to-install.md
                    src/content/hardware/assembly/distribution/chute/index.md
                    src/content/hardware/assembly/distribution/chute/pcb.md
                    src/content/hardware/assembly/index.md
                    src/content/hardware/assembly/software-setup.md
                    src/content/hardware/index.md
                    src/content/hardware/parts/index.md
                    src/content/hardware/parts/lazy-susan.md
                    src/content/hardware/helpers/heat-inserts.md
                    src/content/hardware/helpers/pulley-gear-mod.md
                    src/content/hardware/helpers/index.md
                    src/content/hardware/helpers/lazy-susan.md
                    src/content/sorter/troubleshooting.md
                    src/content/sorter/profile-reference.md
                    src/content/sorter/machine-toml-reference.md
                    src/content/sorter/what-leaves-the-machine.md
                    src/content/sorter/installation/index.md
                    src/content/sorter/installation/linux-generic.md
                    src/content/sorter/installation/by-hand.md
                    src/content/sorter/installation/sorter-os.md
                    src/content/sorter/dev-flow.md
                    src/content/sorter/index.md
                    src/content/sorter/tutorials/first-sort-run.md
                    src/content/sorter/happy-path-incident-inventory.md
                    src/content/sorter/safe-shutdown.md
                    src/content/sorter/camera-calibration.md
                    src/content/lab/software-architecture-decisions/index.md
                    src/content/lab/classification-research/index.md
                    src/content/lab/c-channel-singulation/index.md
                    src/content/lab/object-detection/how-models-are-built.md
                    src/content/lab/object-detection/device-benchmarking.md
                    src/content/lab/object-detection/index.md
                    src/content/lab/object-detection/hailo-hef-workflow.md
                    src/content/lab/styleguide/index.md
                    src/content/lab/index.md
[33mYAML Exception reading /Users/spencer/Documents/GitHub/sorter-v2-04/docs/src/content/hardware/electronics/psu-pigtail.md: (<unknown>): mapping values are not allowed in this context at line 8 column 64 [0m
[33mYAML Exception reading /Users/spencer/Documents/GitHub/sorter-v2-04/docs/src/content/lab/operation-target-10ppm-2026-04-25.md: (<unknown>): mapping values are not allowed in this context at line 11 column 68 [0m
[33m     Build Warning: Layout 'default' requested in src/content/hardware/BOM.md does not exist.[0m
[33m     Build Warning: Layout 'default' requested in src/content/hardware/assembly/feeder/arranging-c-channels.md does not exist.[0m
[31m  Liquid Exception: Could not locate the included file 'fastener-legend.html' in any of ["/Users/spencer/Documents/GitHub/sorter-v2-04/docs/_includes"]. Ensure it exists in one of those directories and, if it is a symlink, does not point outside your site source. in src/content/hardware/assembly/distribution/bin-frame/bottom-interface.md[0m
[33m             Error: Could not locate the included file 'fastener-legend.html' in any of ["/Users/spencer/Documents/GitHub/sorter-v2-04/docs/_includes"]. Ensure it exists in one of those directories and, if it is a symlink, does not point outside your site source.[0m
[33m             Error: Run jekyll build --trace for more information.[0m
                    
      Regenerating: 99 file(s) changed at 2026-08-20 19:45:50
                    .jekyll.log
                    src/content/lab/feeder-experiments/index.md
                    src/content/lab/operation-target-10ppm-2026-04-25.md
                    src/content/getting-started.md
                    src/content/c1-c3-current-behavior-review.md
                    src/content/index.md
                    src/content/hive/index.md
                    src/lib/server/content.ts
                    src/lib/components/SearchModal.svelte
                    src/lib/components/NavTree.svelte
                    src/lib/components/PageMeta.svelte
                    src/lib/components/Requirements.svelte
                    src/app.html
                    src/routes/[...path]/+page.server.ts
                    src/routes/[...path]/+page.svelte
                    src/routes/+layout.server.ts
                    src/routes/layout.css
                    src/routes/+layout.svelte
                    _includes/page-requirements.html
                    _includes/page-author.html
                    _includes/page-meta.html
                    _includes/page-header.html
                    _includes/step.html
                    _includes/nav-tree.html
                    _includes/affiliate-footnotes.html
                    _includes/affiliate-link.html
                    hardware/orange-pi-5.md
                    hardware/BOM.md
                    hardware/index.md
                    sorter/troubleshooting.md
                    sorter/profile-reference.md
                    sorter/machine-toml-reference.md
                    sorter/what-leaves-the-machine.md
                    sorter/dev-flow.md
                    sorter/index.md
                    sorter/happy-path-incident-inventory.md
                    sorter/camera-calibration.md
                    sorter/safe-shutdown.md
                    lab/index.md
                    lab/operation-target-10ppm-2026-04-25.md
                    _layouts/default.html
                    getting-started.md
                    c1-c3-current-behavior-review.md
                    index.md
                    hive/index.md
                    _data/parts.yml
                    _data/authors.yml
                    _data/nav.yml
                    assets/pi5-01.png
                    assets/basically-logo.svg
                    assets/site.css
                    assets/copy-code.js
                    assets/favicon.svg
                    assets/png-transparent-siemens-star-focus-camera-optics-charts-angle-lens-triangle.png
                    serve.sh
                    hardware/Electronics/index.md
                    hardware/assembly/electronics.md
                    hardware/assembly/index.md
                    hardware/assembly/software-setup.md
                    hardware/parts/index.md
                    hardware/parts/lazy-susan.md
                    hardware/preparation/index.md
                    hardware/helpers/heat-inserts.md
                    hardware/helpers/pulley-gear-mod.md
                    hardware/helpers/index.md
                    hardware/helpers/lazy-susan.md
                    sorter/installation/index.md
                    sorter/installation/linux-generic.md
                    sorter/installation/by-hand.md
                    sorter/installation/sorter-os.md
                    sorter/tutorials/first-sort-run.md
                    lab/software-architecture-decisions/index.md
                    lab/classification-research/index.md
                    lab/c-channel-singulation/index.md
                    lab/object-detection/how-models-are-built.md
                    lab/object-detection/device-benchmarking.md
                    lab/object-detection/index.md
                    lab/object-detection/hailo-hef-workflow.md
                    lab/styleguide/index.md
                    lab/feeder-experiments/index.md
                    hardware/assembly/feeder/arranging-c-channels.md
                    hardware/assembly/feeder/index.md
                    hardware/assembly/feeder/c-channel.md
                    hardware/assembly/distribution/top-interface.md
                    hardware/assembly/distribution/index.md
                    hardware/assembly/feeder/classification-chamber/index.md
                    hardware/assembly/distribution/bin-frame/bottom-interface.md
                    hardware/assembly/distribution/bin-frame/index.md
                    hardware/assembly/distribution/bin-frame/regular-layers.md
                    hardware/assembly/distribution/bin-frame/bottom-two-layers.md
                    hardware/assembly/distribution/chute/chute-core.md
                    hardware/assembly/distribution/chute/layer-connectors.md
                    hardware/assembly/distribution/chute/door-module.md
                    hardware/assembly/distribution/chute/funnel.md
                    hardware/assembly/distribution/chute/index.md
                    hardware/assembly/distribution/chute/pcb.md
                    hardware/assembly/distribution/chute/mg995-servo/servo-mount.md
                    hardware/assembly/distribution/chute/mg995-servo/index.md
                    hardware/assembly/distribution/chute/mg995-servo/how-to-install.md
[33mYAML Exception reading /Users/spencer/Documents/GitHub/sorter-v2-04/docs/src/content/hardware/electronics/psu-pigtail.md: (<unknown>): mapping values are not allowed in this context at line 8 column 64 [0m
[33mYAML Exception reading /Users/spencer/Documents/GitHub/sorter-v2-04/docs/src/content/lab/operation-target-10ppm-2026-04-25.md: (<unknown>): mapping values are not allowed in this context at line 11 column 68 [0m
[33m     Build Warning: Layout 'default' requested in src/content/hardware/BOM.md does not exist.[0m
[33m     Build Warning: Layout 'default' requested in src/content/hardware/assembly/feeder/arranging-c-channels.md does not exist.[0m
[31m  Liquid Exception: Could not locate the included file 'fastener-legend.html' in any of ["/Users/spencer/Documents/GitHub/sorter-v2-04/docs/_includes"]. Ensure it exists in one of those directories and, if it is a symlink, does not point outside your site source. in src/content/hardware/assembly/distribution/bin-frame/bottom-interface.md[0m
[33m             Error: Could not locate the included file 'fastener-legend.html' in any of ["/Users/spencer/Documents/GitHub/sorter-v2-04/docs/_includes"]. Ensure it exists in one of those directories and, if it is a symlink, does not point outside your site source.[0m
[33m             Error: Run jekyll build --trace for more information.[0m
                    
      Regenerating: 1 file(s) changed at 2026-08-20 19:45:50
                    .jekyll.log
[33mYAML Exception reading /Users/spencer/Documents/GitHub/sorter-v2-04/docs/src/content/hardware/electronics/psu-pigtail.md: (<unknown>): mapping values are not allowed in this context at line 8 column 64 [0m
[33mYAML Exception reading /Users/spencer/Documents/GitHub/sorter-v2-04/docs/src/content/lab/operation-target-10ppm-2026-04-25.md: (<unknown>): mapping values are not allowed in this context at line 11 column 68 [0m
[33m     Build Warning: Layout 'default' requested in src/content/hardware/BOM.md does not exist.[0m
[33m     Build Warning: Layout 'default' requested in src/content/hardware/assembly/feeder/arranging-c-channels.md does not exist.[0m
[31m  Liquid Exception: Could not locate the included file 'fastener-legend.html' in any of ["/Users/spencer/Documents/GitHub/sorter-v2-04/docs/_includes"]. Ensure it exists in one of those directories and, if it is a symlink, does not point outside your site source. in src/content/hardware/assembly/distribution/bin-frame/bottom-interface.md[0m
[33m             Error: Could not locate the included file 'fastener-legend.html' in any of ["/Users/spencer/Documents/GitHub/sorter-v2-04/docs/_includes"]. Ensure it exists in one of those directories and, if it is a symlink, does not point outside your site source.[0m
[33m             Error: Run jekyll build --trace for more information.[0m
                    
      Regenerating: 1 file(s) changed at 2026-08-20 19:45:50
                    .jekyll.log
[33mYAML Exception reading /Users/spencer/Documents/GitHub/sorter-v2-04/docs/src/content/hardware/electronics/psu-pigtail.md: (<unknown>): mapping values are not allowed in this context at line 8 column 64 [0m
[33mYAML Exception reading /Users/spencer/Documents/GitHub/sorter-v2-04/docs/src/content/lab/operation-target-10ppm-2026-04-25.md: (<unknown>): mapping values are not allowed in this context at line 11 column 68 [0m
[33m     Build Warning: Layout 'default' requested in src/content/hardware/BOM.md does not exist.[0m
[33m     Build Warning: Layout 'default' requested in src/content/hardware/assembly/feeder/arranging-c-channels.md does not exist.[0m
[31m  Liquid Exception: Could not locate the included file 'fastener-legend.html' in any of ["/Users/spencer/Documents/GitHub/sorter-v2-04/docs/_includes"]. Ensure it exists in one of those directories and, if it is a symlink, does not point outside your site source. in src/content/hardware/assembly/distribution/bin-frame/bottom-interface.md[0m
[33m             Error: Could not locate the included file 'fastener-legend.html' in any of ["/Users/spencer/Documents/GitHub/sorter-v2-04/docs/_includes"]. Ensure it exists in one of those directories and, if it is a symlink, does not point outside your site source.[0m
[33m             Error: Run jekyll build --trace for more information.[0m
                    
      Regenerating: 1 file(s) changed at 2026-08-20 19:45:50
                    .jekyll.log
[33mYAML Exception reading /Users/spencer/Documents/GitHub/sorter-v2-04/docs/src/content/hardware/electronics/psu-pigtail.md: (<unknown>): mapping values are not allowed in this context at line 8 column 64 [0m
[33mYAML Exception reading /Users/spencer/Documents/GitHub/sorter-v2-04/docs/src/content/lab/operation-target-10ppm-2026-04-25.md: (<unknown>): mapping values are not allowed in this context at line 11 column 68 [0m
[33m     Build Warning: Layout 'default' requested in src/content/hardware/BOM.md does not exist.[0m
[33m     Build Warning: Layout 'default' requested in src/content/hardware/assembly/feeder/arranging-c-channels.md does not exist.[0m
[31m  Liquid Exception: Could not locate the included file 'fastener-legend.html' in any of ["/Users/spencer/Documents/GitHub/sorter-v2-04/docs/_includes"]. Ensure it exists in one of those directories and, if it is a symlink, does not point outside your site source. in src/content/hardware/assembly/distribution/bin-frame/bottom-interface.md[0m
[33m             Error: Could not locate the included file 'fastener-legend.html' in any of ["/Users/spencer/Documents/GitHub/sorter-v2-04/docs/_includes"]. Ensure it exists in one of those directories and, if it is a symlink, does not point outside your site source.[0m
[33m             Error: Run jekyll build --trace for more information.[0m
                    
      Regenerating: 1 file(s) changed at 2026-08-20 19:45:50
                    .jekyll.log
[33mYAML Exception reading /Users/spencer/Documents/GitHub/sorter-v2-04/docs/src/content/hardware/electronics/psu-pigtail.md: (<unknown>): mapping values are not allowed in this context at line 8 column 64 [0m
[33mYAML Exception reading /Users/spencer/Documents/GitHub/sorter-v2-04/docs/src/content/lab/operation-target-10ppm-2026-04-25.md: (<unknown>): mapping values are not allowed in this context at line 11 column 68 [0m
[33m     Build Warning: Layout 'default' requested in src/content/hardware/BOM.md does not exist.[0m
[33m     Build Warning: Layout 'default' requested in src/content/hardware/assembly/feeder/arranging-c-channels.md does not exist.[0m
[31m  Liquid Exception: Could not locate the included file 'fastener-legend.html' in any of ["/Users/spencer/Documents/GitHub/sorter-v2-04/docs/_includes"]. Ensure it exists in one of those directories and, if it is a symlink, does not point outside your site source. in src/content/hardware/assembly/distribution/bin-frame/bottom-interface.md[0m
[33m             Error: Could not locate the included file 'fastener-legend.html' in any of ["/Users/spencer/Documents/GitHub/sorter-v2-04/docs/_includes"]. Ensure it exists in one of those directories and, if it is a symlink, does not point outside your site source.[0m
[33m             Error: Run jekyll build --trace for more information.[0m
                    
      Regenerating: 1 file(s) changed at 2026-08-20 19:45:51
                    .jekyll.log
[33mYAML Exception reading /Users/spencer/Documents/GitHub/sorter-v2-04/docs/src/content/hardware/electronics/psu-pigtail.md: (<unknown>): mapping values are not allowed in this context at line 8 column 64 [0m
[33mYAML Exception reading /Users/spencer/Documents/GitHub/sorter-v2-04/docs/src/content/lab/operation-target-10ppm-2026-04-25.md: (<unknown>): mapping values are not allowed in this context at line 11 column 68 [0m
[33m     Build Warning: Layout 'default' requested in src/content/hardware/BOM.md does not exist.[0m
[33m     Build Warning: Layout 'default' requested in src/content/hardware/assembly/feeder/arranging-c-channels.md does not exist.[0m
[31m  Liquid Exception: Could not locate the included file 'fastener-legend.html' in any of ["/Users/spencer/Documents/GitHub/sorter-v2-04/docs/_includes"]. Ensure it exists in one of those directories and, if it is a symlink, does not point outside your site source. in src/content/hardware/assembly/distribution/bin-frame/bottom-interface.md[0m
[33m             Error: Could not locate the included file 'fastener-legend.html' in any of ["/Users/spencer/Documents/GitHub/sorter-v2-04/docs/_includes"]. Ensure it exists in one of those directories and, if it is a symlink, does not point outside your site source.[0m
[33m             Error: Run jekyll build --trace for more information.[0m
                    
      Regenerating: 1 file(s) changed at 2026-08-20 19:45:51
                    .jekyll.log
[33mYAML Exception reading /Users/spencer/Documents/GitHub/sorter-v2-04/docs/src/content/hardware/electronics/psu-pigtail.md: (<unknown>): mapping values are not allowed in this context at line 8 column 64 [0m
[33mYAML Exception reading /Users/spencer/Documents/GitHub/sorter-v2-04/docs/src/content/lab/operation-target-10ppm-2026-04-25.md: (<unknown>): mapping values are not allowed in this context at line 11 column 68 [0m
[33m     Build Warning: Layout 'default' requested in src/content/hardware/BOM.md does not exist.[0m
[33m     Build Warning: Layout 'default' requested in src/content/hardware/assembly/feeder/arranging-c-channels.md does not exist.[0m
[31m  Liquid Exception: Could not locate the included file 'fastener-legend.html' in any of ["/Users/spencer/Documents/GitHub/sorter-v2-04/docs/_includes"]. Ensure it exists in one of those directories and, if it is a symlink, does not point outside your site source. in src/content/hardware/assembly/distribution/bin-frame/bottom-interface.md[0m
[33m             Error: Could not locate the included file 'fastener-legend.html' in any of ["/Users/spencer/Documents/GitHub/sorter-v2-04/docs/_includes"]. Ensure it exists in one of those directories and, if it is a symlink, does not point outside your site source.[0m
[33m             Error: Run jekyll build --trace for more information.[0m
                    
      Regenerating: 3 file(s) changed at 2026-08-20 21:14:04
                    src/lib/server/content.ts
                    .jekyll.log
                    vite.config.ts
[33mYAML Exception reading /Users/spencer/Documents/GitHub/sorter-v2-04/docs/src/content/hardware/electronics/psu-pigtail.md: (<unknown>): mapping values are not allowed in this context at line 8 column 64 [0m
[33mYAML Exception reading /Users/spencer/Documents/GitHub/sorter-v2-04/docs/src/content/lab/operation-target-10ppm-2026-04-25.md: (<unknown>): mapping values are not allowed in this context at line 11 column 68 [0m
[33m     Build Warning: Layout 'default' requested in src/content/hardware/BOM.md does not exist.[0m
[33m     Build Warning: Layout 'default' requested in src/content/hardware/assembly/feeder/arranging-c-channels.md does not exist.[0m
[31m  Liquid Exception: Could not locate the included file 'fastener-legend.html' in any of ["/Users/spencer/Documents/GitHub/sorter-v2-04/docs/_includes"]. Ensure it exists in one of those directories and, if it is a symlink, does not point outside your site source. in src/content/hardware/assembly/distribution/bin-frame/bottom-interface.md[0m
[33m             Error: Could not locate the included file 'fastener-legend.html' in any of ["/Users/spencer/Documents/GitHub/sorter-v2-04/docs/_includes"]. Ensure it exists in one of those directories and, if it is a symlink, does not point outside your site source.[0m
[33m             Error: Run jekyll build --trace for more information.[0m
                    
      Regenerating: 10 file(s) changed at 2026-08-20 21:14:44
                    src/liquid/_includes/page-requirements.html
                    src/routes/layout.css
                    src/content/hardware/assembly/distribution/bin-frame/bottom-interface.md
                    src/content/hardware/assembly/distribution/top-interface.md
                    src/content/hardware/assembly/distribution/chute/chute-core.md
                    src/content/hardware/assembly/distribution/chute/mg995-servo/servo-mount.md
                    src/content/hardware/assembly/distribution/chute/pcb.md
                    src/content/hardware/helpers/heat-inserts.md
                    src/content/hardware/helpers/lazy-susan.md
                    src/liquid/_data/parts.yml
[33mYAML Exception reading /Users/spencer/Documents/GitHub/sorter-v2-04/docs/src/content/hardware/electronics/psu-pigtail.md: (<unknown>): mapping values are not allowed in this context at line 8 column 64 [0m
[33mYAML Exception reading /Users/spencer/Documents/GitHub/sorter-v2-04/docs/src/content/lab/operation-target-10ppm-2026-04-25.md: (<unknown>): mapping values are not allowed in this context at line 11 column 68 [0m
[33m     Build Warning: Layout 'default' requested in src/content/hardware/BOM.md does not exist.[0m
[33m     Build Warning: Layout 'default' requested in src/content/hardware/assembly/feeder/arranging-c-channels.md does not exist.[0m
[31m  Liquid Exception: Could not locate the included file 'fastener-legend.html' in any of ["/Users/spencer/Documents/GitHub/sorter-v2-04/docs/_includes"]. Ensure it exists in one of those directories and, if it is a symlink, does not point outside your site source. in src/content/hardware/assembly/distribution/bin-frame/bottom-interface.md[0m
[33m             Error: Could not locate the included file 'fastener-legend.html' in any of ["/Users/spencer/Documents/GitHub/sorter-v2-04/docs/_includes"]. Ensure it exists in one of those directories and, if it is a symlink, does not point outside your site source.[0m
[33m             Error: Run jekyll build --trace for more information.[0m
                    
      Regenerating: 4 file(s) changed at 2026-08-20 21:16:09
                    src/lib/server/content.ts
                    src/lib/components/Requirements.svelte
                    src/routes/layout.css
                    src/liquid/_includes/page-requirements.html
[33mYAML Exception reading /Users/spencer/Documents/GitHub/sorter-v2-04/docs/src/content/hardware/electronics/psu-pigtail.md: (<unknown>): mapping values are not allowed in this context at line 8 column 64 [0m
[33mYAML Exception reading /Users/spencer/Documents/GitHub/sorter-v2-04/docs/src/content/lab/operation-target-10ppm-2026-04-25.md: (<unknown>): mapping values are not allowed in this context at line 11 column 68 [0m
[33m     Build Warning: Layout 'default' requested in src/content/hardware/BOM.md does not exist.[0m
[33m     Build Warning: Layout 'default' requested in src/content/hardware/assembly/feeder/arranging-c-channels.md does not exist.[0m
[31m  Liquid Exception: Could not locate the included file 'fastener-legend.html' in any of ["/Users/spencer/Documents/GitHub/sorter-v2-04/docs/_includes"]. Ensure it exists in one of those directories and, if it is a symlink, does not point outside your site source. in src/content/hardware/assembly/distribution/bin-frame/bottom-interface.md[0m
[33m             Error: Could not locate the included file 'fastener-legend.html' in any of ["/Users/spencer/Documents/GitHub/sorter-v2-04/docs/_includes"]. Ensure it exists in one of those directories and, if it is a symlink, does not point outside your site source.[0m
[33m             Error: Run jekyll build --trace for more information.[0m
                    
      Regenerating: 1 file(s) changed at 2026-08-20 21:16:45
                    .jekyll.log
[33mYAML Exception reading /Users/spencer/Documents/GitHub/sorter-v2-04/docs/src/content/hardware/electronics/psu-pigtail.md: (<unknown>): mapping values are not allowed in this context at line 8 column 64 [0m
[33mYAML Exception reading /Users/spencer/Documents/GitHub/sorter-v2-04/docs/src/content/lab/operation-target-10ppm-2026-04-25.md: (<unknown>): mapping values are not allowed in this context at line 11 column 68 [0m
[33m     Build Warning: Layout 'default' requested in src/content/hardware/BOM.md does not exist.[0m
[33m     Build Warning: Layout 'default' requested in src/content/hardware/assembly/feeder/arranging-c-channels.md does not exist.[0m
[31m  Liquid Exception: Could not locate the included file 'fastener-legend.html' in any of ["/Users/spencer/Documents/GitHub/sorter-v2-04/docs/_includes"]. Ensure it exists in one of those directories and, if it is a symlink, does not point outside your site source. in src/content/hardware/assembly/distribution/bin-frame/bottom-interface.md[0m
[33m             Error: Could not locate the included file 'fastener-legend.html' in any of ["/Users/spencer/Documents/GitHub/sorter-v2-04/docs/_includes"]. Ensure it exists in one of those directories and, if it is a symlink, does not point outside your site source.[0m
[33m             Error: Run jekyll build --trace for more information.[0m
                    
      Regenerating: 686 file(s) changed at 2026-08-20 21:16:45
                    node_modules/vfile/license
                    node_modules/micromark-util-symbol/license
                    node_modules/rehype-slug/license
                    node_modules/vfile-message/license
                    node_modules/mri/package.json
                    node_modules/micromark-extension-gfm-tagfilter/license
                    node_modules/totalist/license
                    node_modules/rehype-raw/license
                    node_modules/trim-lines/license
                    node_modules/unist-util-visit/license
                    node_modules/mdast-util-to-hast/license
                    node_modules/mdast-util-gfm-strikethrough/license
                    node_modules/micromark-util-subtokenize/license
                    node_modules/tailwindcss/index.css
                    node_modules/set-cookie-parser/LICENSE
                    node_modules/parse5/LICENSE
                    node_modules/mrmime/license
                    node_modules/sade/license
                    node_modules/kleur/license
                    node_modules/dequal/license
                    node_modules/micromark-extension-gfm-footnote/license
                    node_modules/character-entities-html4/license
                    node_modules/rehype-stringify/license
                    node_modules/hast-util-to-string/license
                    node_modules/devalue/LICENSE
                    node_modules/graceful-fs/LICENSE
                    node_modules/character-entities/license
                    node_modules/entities/LICENSE
                    node_modules/fsevents/LICENSE
                    node_modules/debug/LICENSE
                    node_modules/lightningcss/LICENSE
                    node_modules/source-map-js/LICENSE
                    node_modules/liquidjs/LICENSE
                    node_modules/character-entities-legacy/license
                    node_modules/character-entities-legacy/index.js
                    node_modules/vitefu/LICENSE
                    node_modules/is-plain-obj/license
                    node_modules/is-plain-obj/index.js
                    node_modules/tinyglobby/LICENSE
                    node_modules/tapable/LICENSE
                    node_modules/hast-util-heading-rank/license
                    node_modules/hast-util-heading-rank/index.js
                    node_modules/zwitch/license
                    node_modules/zwitch/index.js
                    node_modules/zwitch/package.json
                    node_modules/obug/LICENSE
                    node_modules/@types/ms/LICENSE
                    node_modules/@types/ms/README.md
                    node_modules/@types/hast/LICENSE
                    node_modules/@types/hast/README.md
                    node_modules/@types/js-yaml/LICENSE
                    node_modules/@types/js-yaml/README.md
                    node_modules/@types/trusted-types/LICENSE
                    node_modules/@types/trusted-types/README.md
                    node_modules/@types/cookie/LICENSE
                    node_modules/@types/cookie/README.md
                    node_modules/@types/mdast/LICENSE
                    node_modules/@types/mdast/README.md
                    node_modules/@types/estree/LICENSE
                    node_modules/@types/estree/README.md
                    node_modules/@types/unist/LICENSE
                    node_modules/@types/unist/README.md
                    node_modules/@types/debug/LICENSE
                    node_modules/@types/debug/README.md
                    node_modules/micromark-core-commonmark/license
                    node_modules/micromark-util-sanitize-uri/license
                    node_modules/micromark-util-sanitize-uri/dev/index.js
                    node_modules/@sveltejs/vite-plugin-svelte-inspector/LICENSE
                    node_modules/@sveltejs/acorn-typescript/index.js
                    node_modules/@sveltejs/vite-plugin-svelte/LICENSE
                    node_modules/@sveltejs/adapter-static/LICENSE
                    node_modules/@sveltejs/adapter-static/index.js
                    node_modules/@sveltejs/adapter-static/platforms.js
                    node_modules/jiti/LICENSE
                    node_modules/jiti/dist/babel.cjs
                    node_modules/mdast-util-gfm-autolink-literal/license
                    node_modules/mdast-util-gfm-autolink-literal/index.js
                    node_modules/extend/.eslintrc
                    node_modules/extend/.editorconfig
                    node_modules/extend/package.json
                    node_modules/micromark-extension-gfm-autolink-literal/license
                    node_modules/lightningcss-darwin-arm64/LICENSE
                    node_modules/lightningcss-darwin-arm64/README.md
                    node_modules/lightningcss-darwin-arm64/package.json
                    node_modules/unist-util-stringify-position/license
                    node_modules/unist-util-stringify-position/index.js
                    node_modules/unist-util-stringify-position/lib/index.js
                    node_modules/unist-util-visit-parents/license
                    node_modules/unist-util-visit-parents/lib/color.node.js
                    node_modules/unist-util-visit-parents/lib/color.js
                    node_modules/micromark-util-normalize-identifier/license
                    node_modules/micromark-util-normalize-identifier/index.js
                    node_modules/micromark-util-normalize-identifier/dev/index.js
                    node_modules/bail/license
                    node_modules/bail/index.js
                    node_modules/bail/package.json
                    node_modules/ms/license.md
                    node_modules/ms/index.js
                    node_modules/ms/readme.md
                    node_modules/ms/package.json
                    node_modules/svelte/src/internal/server/abort-signal.js
                    node_modules/locate-character/package.json
                    node_modules/locate-character/src/index.js
                    node_modules/esm-env/browser-fallback.js
                    node_modules/esm-env/LICENSE
                    node_modules/esm-env/dev-fallback.js
                    node_modules/esm-env/false.js
                    node_modules/html-void-elements/license
                    node_modules/html-void-elements/index.js
                    node_modules/html-void-elements/readme.md
                    node_modules/html-void-elements/package.json
                    node_modules/escape-string-regexp/license
                    node_modules/escape-string-regexp/index.js
                    node_modules/escape-string-regexp/readme.md
                    node_modules/escape-string-regexp/package.json
                    node_modules/stringify-entities/license
                    node_modules/stringify-entities/lib/core.js
                    node_modules/mdast-util-gfm-footnote/license
                    node_modules/mdast-util-gfm-footnote/index.js
                    node_modules/mdast-util-gfm-footnote/lib/index.js
                    node_modules/commander/LICENSE
                    node_modules/commander/lib/argument.js
                    node_modules/commander/lib/command.js
                    node_modules/@polka/url/build.js
                    node_modules/@polka/url/readme.md
                    node_modules/@polka/url/package.json
                    node_modules/@polka/url/build.mjs
                    node_modules/property-information/license
                    node_modules/property-information/lib/aria.js
                    node_modules/detect-libc/LICENSE
                    node_modules/detect-libc/lib/detect-libc.js
                    node_modules/unist-util-position/license
                    node_modules/unist-util-position/index.js
                    node_modules/unist-util-position/package.json
                    node_modules/unist-util-position/lib/index.js
                    node_modules/micromark-factory-label/license
                    node_modules/micromark-factory-label/index.js
                    node_modules/micromark-factory-label/dev/index.js
                    node_modules/esrap/LICENSE
                    node_modules/esrap/src/index.js
                    node_modules/esrap/src/context.js
                    node_modules/aria-query/LICENSE
                    node_modules/nanoid/LICENSE
                    node_modules/nanoid/async/index.browser.cjs
                    node_modules/nanoid/async/index.cjs
                    node_modules/nanoid/index.browser.cjs
                    node_modules/acorn/LICENSE
                    node_modules/acorn/bin/acorn
                    node_modules/sirv/build.js
                    node_modules/sirv/readme.md
                    node_modules/sirv/package.json
                    node_modules/micromark-util-types/license
                    node_modules/micromark-util-types/index.js
                    node_modules/micromark-util-types/readme.md
                    node_modules/micromark-util-types/package.json
                    node_modules/micromark-util-types/index.d.ts
                    node_modules/hast-util-whitespace/license
                    node_modules/hast-util-whitespace/index.js
                    node_modules/hast-util-whitespace/lib/index.js
                    node_modules/remark-parse/license
                    node_modules/remark-parse/index.js
                    node_modules/remark-parse/package.json
                    node_modules/remark-parse/lib/index.js
                    node_modules/micromark-util-html-tag-name/license
                    node_modules/micromark-util-html-tag-name/index.js
                    node_modules/micromark-util-html-tag-name/readme.md
                    node_modules/micromark-util-html-tag-name/package.json
                    node_modules/micromark-util-html-tag-name/index.d.ts.map
                    node_modules/unist-util-is/license
                    node_modules/unist-util-is/index.js
                    node_modules/unist-util-is/package.json
                    node_modules/unist-util-is/lib/index.js
                    node_modules/micromark-factory-whitespace/license
                    node_modules/micromark-factory-whitespace/index.js
                    node_modules/micromark-factory-whitespace/package.json
                    node_modules/micromark-factory-whitespace/dev/index.js
                    node_modules/hast-util-from-parse5/license
                    node_modules/hast-util-from-parse5/index.js
                    node_modules/hast-util-from-parse5/package.json
                    node_modules/hast-util-from-parse5/lib/index.js
                    node_modules/micromark-util-decode-string/license
                    node_modules/micromark-util-decode-string/index.js
                    node_modules/micromark-util-decode-string/package.json
                    node_modules/micromark-util-decode-string/dev/index.js
                    node_modules/@tailwindcss/oxide/index.js
                    node_modules/@tailwindcss/oxide/package.json
                    node_modules/@tailwindcss/oxide/index.d.ts
                    node_modules/@tailwindcss/vite/dist/index.d.mts
                    node_modules/@tailwindcss/vite/dist/index.mjs
                    node_modules/@tailwindcss/vite/README.md
                    node_modules/@tailwindcss/vite/package.json
                    node_modules/@tailwindcss/oxide-darwin-arm64/tailwindcss-oxide.darwin-arm64.node
                    node_modules/@tailwindcss/oxide-darwin-arm64/README.md
                    node_modules/@tailwindcss/oxide-darwin-arm64/package.json
                    node_modules/@tailwindcss/node/dist/index.js
                    node_modules/magic-string/LICENSE
                    node_modules/magic-string/dist/magic-string.cjs.js
                    node_modules/magic-string/dist/magic-string.umd.js
                    node_modules/remark-gfm/license
                    node_modules/remark-gfm/index.js
                    node_modules/remark-gfm/package.json
                    node_modules/remark-gfm/lib/index.js
                    node_modules/remark-gfm/lib/index.d.ts.map
                    node_modules/argparse/LICENSE
                    node_modules/argparse/argparse.js
                    node_modules/picomatch/LICENSE
                    node_modules/picomatch/index.js
                    node_modules/picomatch/lib/constants.js
                    node_modules/picomatch/lib/parse.js
                    node_modules/hast-util-raw/license
                    node_modules/hast-util-raw/index.js
                    node_modules/hast-util-raw/lib/index.js
                    node_modules/typescript/bin/tsserver
                    node_modules/typescript/bin/tsc
                    node_modules/typescript/lib/_tsc.js
                    node_modules/micromark-extension-gfm/license
                    node_modules/micromark-extension-gfm/index.js
                    node_modules/micromark-extension-gfm/readme.md
                    node_modules/micromark-extension-gfm/package.json
                    node_modules/chokidar/LICENSE
                    node_modules/chokidar/esm/handler.js
                    node_modules/chokidar/handler.js
                    node_modules/postcss/LICENSE
                    node_modules/postcss/lib/at-rule.js
                    node_modules/postcss/lib/comment.js
                    node_modules/postcss/lib/container.js
                    node_modules/@rollup/rollup-darwin-arm64/README.md
                    node_modules/@rollup/rollup-darwin-arm64/rollup.darwin-arm64.node
                    node_modules/@rollup/rollup-darwin-arm64/package.json
                    node_modules/unified/license
                    node_modules/unified/index.js
                    node_modules/unified/lib/index.js
                    node_modules/unified/lib/callable-instance.js
                    node_modules/@ungap/structured-clone/LICENSE
                    node_modules/@ungap/structured-clone/esm/deserialize.js
                    node_modules/@ungap/structured-clone/cjs/index.js
                    node_modules/@ungap/structured-clone/cjs/deserialize.js
                    node_modules/js-yaml/LICENSE
                    node_modules/js-yaml/lib/type/bool.js
                    node_modules/js-yaml/lib/type/binary.js
                    node_modules/micromark-extension-gfm-strikethrough/license
                    node_modules/micromark-extension-gfm-strikethrough/lib/html.js
                    node_modules/micromark-extension-gfm-strikethrough/dev/lib/html.js
                    node_modules/remark-stringify/license
                    node_modules/remark-stringify/index.js
                    node_modules/remark-stringify/readme.md
                    node_modules/remark-stringify/package.json
                    node_modules/remark-stringify/lib/index.js
                    node_modules/hast-util-to-html/license
                    node_modules/hast-util-to-html/lib/omission/closing.js
                    node_modules/ccount/license
                    node_modules/ccount/index.js
                    node_modules/ccount/readme.md
                    node_modules/ccount/package.json
                    node_modules/ccount/index.d.ts
                    node_modules/deepmerge/dist/cjs.js
                    node_modules/deepmerge/dist/umd.js
                    node_modules/deepmerge/index.js
                    node_modules/deepmerge/.editorconfig
                    node_modules/deepmerge/rollup.config.js
                    node_modules/deepmerge/.eslintcache
                    node_modules/micromark-factory-title/license
                    node_modules/micromark-factory-title/index.js
                    node_modules/micromark-factory-title/readme.md
                    node_modules/micromark-factory-title/package.json
                    node_modules/micromark-factory-title/dev/index.js
                    node_modules/micromark-factory-title/dev/index.d.ts.map
                    node_modules/micromark-factory-title/index.d.ts.map
                    node_modules/markdown-table/license
                    node_modules/markdown-table/index.js
                    node_modules/markdown-table/readme.md
                    node_modules/markdown-table/package.json
                    node_modules/markdown-table/index.d.ts
                    node_modules/markdown-table/index.d.ts.map
                    node_modules/decode-named-character-reference/license
                    node_modules/decode-named-character-reference/index.js
                    node_modules/decode-named-character-reference/readme.md
                    node_modules/decode-named-character-reference/index.dom.js
                    node_modules/decode-named-character-reference/package.json
                    node_modules/decode-named-character-reference/index.dom.d.ts.map
                    node_modules/decode-named-character-reference/index.d.ts.map
                    node_modules/mdast-util-find-and-replace/license
                    node_modules/mdast-util-find-and-replace/index.js
                    node_modules/mdast-util-find-and-replace/package.json
                    node_modules/mdast-util-find-and-replace/lib/index.js
                    node_modules/mdast-util-find-and-replace/lib/index.d.ts.map
                    node_modules/mdast-util-find-and-replace/index.d.ts.map
                    node_modules/hastscript/license
                    node_modules/hastscript/index.js
                    node_modules/hastscript/lib/automatic-runtime-html.js
                    node_modules/hastscript/lib/index.js
                    node_modules/hastscript/lib/create-h.js
                    node_modules/hastscript/lib/create-automatic-runtime.js
                    node_modules/hastscript/lib/automatic-runtime-svg.js
                    node_modules/micromark-util-classify-character/license
                    node_modules/micromark-util-classify-character/index.js
                    node_modules/micromark-util-classify-character/readme.md
                    node_modules/micromark-util-classify-character/package.json
                    node_modules/micromark-util-classify-character/dev/index.js
                    node_modules/micromark-util-classify-character/dev/index.d.ts.map
                    node_modules/micromark-util-classify-character/index.d.ts.map
                    node_modules/micromark-util-decode-numeric-character-reference/license
                    node_modules/micromark-util-decode-numeric-character-reference/index.js
                    node_modules/micromark-util-decode-numeric-character-reference/readme.md
                    node_modules/micromark-util-decode-numeric-character-reference/package.json
                    node_modules/micromark-util-decode-numeric-character-reference/dev/index.js
                    node_modules/micromark-util-decode-numeric-character-reference/dev/index.d.ts.map
                    node_modules/micromark-util-decode-numeric-character-reference/index.d.ts.map
                    node_modules/enhanced-resolve/LICENSE
                    node_modules/enhanced-resolve/lib/AliasUtils.js
                    node_modules/enhanced-resolve/lib/AliasFieldPlugin.js
                    node_modules/enhanced-resolve/lib/AppendPlugin.js
                    node_modules/enhanced-resolve/lib/AliasPlugin.js
                    node_modules/micromark-util-chunked/license
                    node_modules/micromark-util-chunked/index.js
                    node_modules/micromark-util-chunked/readme.md
                    node_modules/micromark-util-chunked/package.json
                    node_modules/micromark-util-chunked/dev/index.js
                    node_modules/micromark-util-chunked/dev/index.d.ts.map
                    node_modules/micromark-util-chunked/index.d.ts.map
                    node_modules/fdir/LICENSE
                    node_modules/fdir/dist/index.d.cts
                    node_modules/fdir/dist/index.cjs
                    node_modules/fdir/README.md
                    node_modules/fdir/package.json
                    node_modules/readdirp/LICENSE
                    node_modules/readdirp/esm/index.js
                    node_modules/readdirp/esm/package.json
                    node_modules/readdirp/index.js
                    node_modules/readdirp/README.md
                    node_modules/readdirp/package.json
                    node_modules/longest-streak/license
                    node_modules/longest-streak/index.js
                    node_modules/longest-streak/readme.md
                    node_modules/longest-streak/package.json
                    node_modules/longest-streak/index.d.ts
                    node_modules/micromark-util-resolve-all/license
                    node_modules/micromark-util-resolve-all/index.js
                    node_modules/micromark-util-resolve-all/readme.md
                    node_modules/micromark-util-resolve-all/package.json
                    node_modules/micromark-util-resolve-all/index.d.ts
                    node_modules/micromark-util-resolve-all/index.d.ts.map
                    node_modules/zimmerframe/types/index.d.ts
                    node_modules/zimmerframe/types/index.d.ts.map
                    node_modules/zimmerframe/LICENSE
                    node_modules/zimmerframe/README.md
                    node_modules/zimmerframe/package.json
                    node_modules/zimmerframe/src/walk.js
                    node_modules/zimmerframe/src/index.d.ts
                    node_modules/micromark-factory-space/license
                    node_modules/micromark-factory-space/index.js
                    node_modules/micromark-factory-space/readme.md
                    node_modules/micromark-factory-space/package.json
                    node_modules/micromark-factory-space/dev/index.js
                    node_modules/micromark-factory-space/dev/index.d.ts.map
                    node_modules/micromark-factory-space/index.d.ts.map
                    node_modules/remark-rehype/license
                    node_modules/remark-rehype/index.js
                    node_modules/remark-rehype/readme.md
                    node_modules/remark-rehype/package.json
                    node_modules/remark-rehype/lib/index.js
                    node_modules/remark-rehype/lib/index.d.ts.map
                    node_modules/remark-rehype/index.d.ts.map
                    node_modules/mdast-util-to-markdown/license
                    node_modules/mdast-util-to-markdown/lib/util/association.js
                    node_modules/mdast-util-to-markdown/lib/handle/break.js
                    node_modules/mdast-util-to-markdown/lib/handle/blockquote.js
                    node_modules/mdast-util-gfm-table/license
                    node_modules/mdast-util-gfm-table/index.js
                    node_modules/mdast-util-gfm-table/readme.md
                    node_modules/mdast-util-gfm-table/package.json
                    node_modules/mdast-util-gfm-table/lib/index.js
                    node_modules/mdast-util-gfm-table/index.d.ts
                    node_modules/mdast-util-to-string/license
                    node_modules/mdast-util-to-string/index.js
                    node_modules/mdast-util-to-string/readme.md
                    node_modules/mdast-util-to-string/package.json
                    node_modules/mdast-util-to-string/lib/index.js
                    node_modules/mdast-util-to-string/lib/index.d.ts
                    node_modules/mdast-util-to-string/index.d.ts
                    node_modules/clsx/license
                    node_modules/clsx/dist/clsx.min.js
                    node_modules/clsx/dist/lite.mjs
                    node_modules/clsx/dist/clsx.mjs
                    node_modules/clsx/dist/clsx.js
                    node_modules/clsx/dist/lite.js
                    node_modules/clsx/readme.md
                    node_modules/clsx/package.json
                    node_modules/vfile-location/license
                    node_modules/vfile-location/index.js
                    node_modules/vfile-location/readme.md
                    node_modules/vfile-location/package.json
                    node_modules/vfile-location/lib/index.js
                    node_modules/vfile-location/lib/index.d.ts
                    node_modules/vfile-location/lib/index.d.ts.map
                    node_modules/vfile-location/index.d.ts
                    node_modules/picocolors/LICENSE
                    node_modules/picocolors/types.d.ts
                    node_modules/picocolors/picocolors.js
                    node_modules/picocolors/README.md
                    node_modules/picocolors/package.json
                    node_modules/picocolors/picocolors.browser.js
                    node_modules/picocolors/picocolors.d.ts
                    node_modules/devlop/license
                    node_modules/devlop/readme.md
                    node_modules/devlop/package.json
                    node_modules/devlop/lib/development.js
                    node_modules/devlop/lib/development.d.ts
                    node_modules/devlop/lib/default.js
                    node_modules/mdast-util-from-markdown/license
                    node_modules/mdast-util-from-markdown/index.js
                    node_modules/mdast-util-from-markdown/lib/index.js
                    node_modules/mdast-util-from-markdown/dev/index.js
                    node_modules/mdast-util-from-markdown/dev/lib/index.js
                    node_modules/web-namespaces/license
                    node_modules/web-namespaces/index.js
                    node_modules/web-namespaces/readme.md
                    node_modules/web-namespaces/package.json
                    node_modules/web-namespaces/index.d.ts
                    node_modules/vite/dist/node/chunks/build.js
                    node_modules/vite/dist/node/chunks/build2.js
                    node_modules/trough/license
                    node_modules/trough/index.js
                    node_modules/trough/readme.md
                    node_modules/trough/package.json
                    node_modules/trough/lib/index.js
                    node_modules/trough/lib/index.d.ts.map
                    node_modules/trough/index.d.ts
                    node_modules/trough/index.d.ts.map
                    node_modules/micromark-factory-destination/license
                    node_modules/micromark-factory-destination/index.js
                    node_modules/micromark-factory-destination/readme.md
                    node_modules/micromark-factory-destination/package.json
                    node_modules/micromark-factory-destination/dev/index.js
                    node_modules/micromark-factory-destination/dev/index.d.ts
                    node_modules/micromark-factory-destination/dev/index.d.ts.map
                    node_modules/micromark-factory-destination/index.d.ts
                    node_modules/micromark-factory-destination/index.d.ts.map
                    node_modules/micromark-extension-gfm-task-list-item/license
                    node_modules/micromark-extension-gfm-task-list-item/index.js
                    node_modules/micromark-extension-gfm-task-list-item/lib/html.js
                    node_modules/micromark-extension-gfm-task-list-item/dev/index.js
                    node_modules/micromark-extension-gfm-task-list-item/dev/lib/html.js
                    node_modules/micromark-extension-gfm-task-list-item/dev/lib/syntax.js
                    node_modules/micromark-util-combine-extensions/license
                    node_modules/micromark-util-combine-extensions/index.js
                    node_modules/micromark-util-combine-extensions/readme.md
                    node_modules/micromark-util-combine-extensions/package.json
                    node_modules/micromark-util-combine-extensions/index.d.ts
                    node_modules/micromark-util-combine-extensions/index.d.ts.map
                    node_modules/micromark-extension-gfm-table/license
                    node_modules/micromark-extension-gfm-table/lib/html.js
                    node_modules/micromark-extension-gfm-table/lib/edit-map.js
                    node_modules/micromark-extension-gfm-table/dev/lib/html.js
                    node_modules/micromark-extension-gfm-table/dev/lib/edit-map.js
                    node_modules/micromark/license
                    node_modules/micromark/lib/compile.js
                    node_modules/micromark/dev/lib/constructs.js
                    node_modules/micromark/dev/lib/compile.js
                    node_modules/rollup/dist/bin/rollup
                    node_modules/space-separated-tokens/license
                    node_modules/space-separated-tokens/index.js
                    node_modules/space-separated-tokens/readme.md
                    node_modules/space-separated-tokens/package.json
                    node_modules/space-separated-tokens/index.d.ts
                    node_modules/axobject-query/LICENSE
                    node_modules/axobject-query/lib/etc/objects/AbbrRole.js
                    node_modules/axobject-query/lib/etc/objects/AnnotationRole.js
                    node_modules/axobject-query/lib/etc/objects/AudioRole.js
                    node_modules/axobject-query/lib/etc/objects/ApplicationRole.js
                    node_modules/axobject-query/lib/etc/objects/AlertDialogRole.js
                    node_modules/axobject-query/lib/etc/objects/ArticleRole.js
                    node_modules/axobject-query/lib/etc/objects/AlertRole.js
                    node_modules/vfile/index.js
                    node_modules/vfile/lib/minproc.js
                    node_modules/vfile/lib/minproc.browser.js
                    node_modules/vfile/lib/minpath.browser.js
                    node_modules/vfile/lib/index.js
                    node_modules/vfile/lib/minpath.js
                    node_modules/@standard-schema/spec/LICENSE
                    node_modules/@standard-schema/spec/dist/index.d.cts
                    node_modules/@standard-schema/spec/dist/index.js
                    node_modules/@standard-schema/spec/dist/index.cjs
                    node_modules/@standard-schema/spec/dist/index.d.ts
                    node_modules/@standard-schema/spec/README.md
                    node_modules/@standard-schema/spec/package.json
                    node_modules/mdast-util-phrasing/license
                    node_modules/mdast-util-phrasing/index.js
                    node_modules/mdast-util-phrasing/readme.md
                    node_modules/mdast-util-phrasing/package.json
                    node_modules/mdast-util-phrasing/lib/index.js
                    node_modules/mdast-util-phrasing/lib/index.d.ts
                    node_modules/mdast-util-phrasing/index.d.ts
                    node_modules/github-slugger/LICENSE
                    node_modules/github-slugger/index.js
                    node_modules/github-slugger/README.md
                    node_modules/github-slugger/package.json
                    node_modules/github-slugger/regex.js
                    node_modules/github-slugger/index.d.ts
                    node_modules/github-slugger/regex.d.ts
                    node_modules/micromark-util-character/license
                    node_modules/micromark-util-character/index.js
                    node_modules/micromark-util-character/readme.md
                    node_modules/micromark-util-character/package.json
                    node_modules/micromark-util-character/dev/index.js
                    node_modules/micromark-util-character/dev/index.d.ts
                    node_modules/micromark-util-character/dev/index.d.ts.map
                    node_modules/micromark-util-character/index.d.ts.map
                    node_modules/mdast-util-gfm-task-list-item/license
                    node_modules/mdast-util-gfm-task-list-item/index.js
                    node_modules/mdast-util-gfm-task-list-item/readme.md
                    node_modules/mdast-util-gfm-task-list-item/package.json
                    node_modules/mdast-util-gfm-task-list-item/lib/index.js
                    node_modules/mdast-util-gfm-task-list-item/lib/index.d.ts
                    node_modules/mdast-util-gfm-task-list-item/index.d.ts
                    node_modules/micromark-util-encode/license
                    node_modules/micromark-util-encode/index.js
                    node_modules/micromark-util-encode/readme.md
                    node_modules/micromark-util-encode/package.json
                    node_modules/micromark-util-encode/index.d.ts
                    node_modules/micromark-util-encode/index.d.ts.map
                    node_modules/micromark-util-symbol/package.json
                    node_modules/micromark-util-symbol/lib/constants.js
                    node_modules/micromark-util-symbol/lib/codes.js
                    node_modules/micromark-util-symbol/lib/codes.d.ts.map
                    node_modules/micromark-util-symbol/lib/types.js
                    node_modules/micromark-util-symbol/lib/values.js
                    node_modules/micromark-util-symbol/lib/default.d.ts.map
                    node_modules/micromark-util-symbol/lib/types.d.ts.map
                    node_modules/micromark-util-symbol/lib/default.js
                    node_modules/micromark-util-symbol/lib/constants.d.ts.map
                    node_modules/rehype-slug/index.js
                    node_modules/rehype-slug/readme.md
                    node_modules/rehype-slug/package.json
                    node_modules/rehype-slug/lib/index.js
                    node_modules/rehype-slug/lib/index.d.ts
                    node_modules/rehype-slug/index.d.ts
                    node_modules/comma-separated-tokens/license
                    node_modules/comma-separated-tokens/index.js
                    node_modules/comma-separated-tokens/readme.md
                    node_modules/comma-separated-tokens/package.json
                    node_modules/comma-separated-tokens/index.d.ts
                    node_modules/vfile-message/index.js
                    node_modules/vfile-message/readme.md
                    node_modules/vfile-message/package.json
                    node_modules/vfile-message/lib/index.js
                    node_modules/vfile-message/lib/index.d.ts
                    node_modules/vfile-message/index.d.ts
                    node_modules/cookie/LICENSE
                    node_modules/cookie/HISTORY.md
                    node_modules/cookie/index.js
                    node_modules/cookie/README.md
                    node_modules/cookie/package.json
                    node_modules/cookie/SECURITY.md
                    node_modules/mdast-util-gfm/license
                    node_modules/mdast-util-gfm/index.js
                    node_modules/mdast-util-gfm/readme.md
                    node_modules/mdast-util-gfm/package.json
                    node_modules/mdast-util-gfm/lib/index.js
                    node_modules/mdast-util-gfm/lib/index.d.ts
                    node_modules/mdast-util-gfm/lib/index.d.ts.map
                    node_modules/mdast-util-gfm/index.d.ts
                    node_modules/hast-util-to-parse5/license
                    node_modules/hast-util-to-parse5/index.js
                    node_modules/hast-util-to-parse5/readme.md
                    node_modules/hast-util-to-parse5/package.json
                    node_modules/hast-util-to-parse5/lib/index.js
                    node_modules/hast-util-to-parse5/lib/index.d.ts
                    node_modules/hast-util-to-parse5/lib/index.d.ts.map
                    node_modules/hast-util-to-parse5/index.d.ts
                    node_modules/hast-util-to-parse5/index.d.ts.map
                    node_modules/mri/license.md
                    node_modules/mri/readme.md
                    node_modules/mri/lib/index.js
                    node_modules/mri/lib/index.mjs
                    node_modules/mri/index.d.ts
                    node_modules/svelte-check/bin/svelte-check
                    node_modules/svelte-check/dist/src/index.js
                    node_modules/micromark-extension-gfm-tagfilter/index.js
                    node_modules/micromark-extension-gfm-tagfilter/readme.md
                    node_modules/micromark-extension-gfm-tagfilter/package.json
                    node_modules/micromark-extension-gfm-tagfilter/lib/index.js
                    node_modules/micromark-extension-gfm-tagfilter/lib/index.d.ts
                    node_modules/micromark-extension-gfm-tagfilter/index.d.ts
                    node_modules/totalist/dist/index.js
                    node_modules/totalist/dist/index.mjs
                    node_modules/totalist/readme.md
                    node_modules/totalist/package.json
                    node_modules/totalist/sync/index.js
                    node_modules/totalist/sync/index.mjs
                    node_modules/totalist/sync/index.d.ts
                    node_modules/totalist/index.d.ts
                    node_modules/rehype-raw/index.js
                    node_modules/rehype-raw/readme.md
                    node_modules/rehype-raw/package.json
                    node_modules/rehype-raw/lib/index.js
                    node_modules/rehype-raw/lib/index.d.ts
                    node_modules/rehype-raw/index.d.ts
                    node_modules/esbuild/LICENSE.md
                    node_modules/esbuild/bin/esbuild
                    node_modules/esbuild/README.md
                    node_modules/esbuild/package.json
                    node_modules/esbuild/install.js
                    node_modules/esbuild/lib/main.d.ts
                    node_modules/esbuild/lib/main.js
                    node_modules/trim-lines/index.js
                    node_modules/trim-lines/readme.md
                    node_modules/trim-lines/package.json
                    node_modules/trim-lines/index.d.ts
                    node_modules/unist-util-visit/index.js
                    node_modules/unist-util-visit/readme.md
                    node_modules/unist-util-visit/package.json
                    node_modules/unist-util-visit/lib/index.js
                    node_modules/unist-util-visit/lib/index.d.ts
                    node_modules/unist-util-visit/lib/index.d.ts.map
                    node_modules/unist-util-visit/index.d.ts
                    node_modules/hast-util-parse-selector/license
                    node_modules/hast-util-parse-selector/index.js
                    node_modules/hast-util-parse-selector/readme.md
                    node_modules/hast-util-parse-selector/package.json
                    node_modules/hast-util-parse-selector/lib/index.js
                    node_modules/hast-util-parse-selector/lib/index.d.ts
                    node_modules/hast-util-parse-selector/index.d.ts
                    node_modules/mdast-util-to-hast/lib/handlers/html.js
                    node_modules/mdast-util-to-hast/lib/handlers/code.js
                    node_modules/mdast-util-to-hast/lib/handlers/image-reference.js
                    node_modules/mdast-util-to-hast/lib/handlers/footnote-reference.js
                    node_modules/mdast-util-to-hast/lib/handlers/delete.js
                    node_modules/mdast-util-to-hast/lib/handlers/emphasis.js
                    node_modules/mdast-util-to-hast/lib/handlers/break.js
                    node_modules/mdast-util-to-hast/lib/handlers/image.js
                    node_modules/mdast-util-to-hast/lib/handlers/heading.js
                    node_modules/mdast-util-to-hast/lib/handlers/blockquote.js
                    node_modules/mdast-util-to-hast/lib/footer.js
                    node_modules/@jridgewell/sourcemap-codec/types/sourcemap-codec.d.cts
                    node_modules/@jridgewell/sourcemap-codec/types/scopes.d.cts
                    node_modules/@jridgewell/sourcemap-codec/types/sourcemap-codec.d.cts.map
                    node_modules/@jridgewell/sourcemap-codec/types/scopes.d.mts.map
                    node_modules/@jridgewell/sourcemap-codec/types/strings.d.cts
                    node_modules/@jridgewell/sourcemap-codec/types/scopes.d.cts.map
                    node_modules/@jridgewell/sourcemap-codec/types/sourcemap-codec.d.mts.map
                    node_modules/@jridgewell/sourcemap-codec/types/vlq.d.cts
                    node_modules/@jridgewell/sourcemap-codec/LICENSE
                    node_modules/@jridgewell/sourcemap-codec/dist/sourcemap-codec.umd.js
                    node_modules/@jridgewell/sourcemap-codec/dist/sourcemap-codec.umd.js.map
                    node_modules/@jridgewell/sourcemap-codec/dist/sourcemap-codec.mjs.map
                    node_modules/@jridgewell/sourcemap-codec/package.json
                    node_modules/@jridgewell/trace-mapping/types/flatten-map.d.cts
                    node_modules/@jridgewell/trace-mapping/types/trace-mapping.d.cts
                    node_modules/@jridgewell/trace-mapping/types/binary-search.d.mts.map
                    node_modules/@jridgewell/trace-mapping/types/by-source.d.cts
                    node_modules/@jridgewell/trace-mapping/types/by-source.d.cts.map
                    node_modules/@jridgewell/trace-mapping/types/types.d.cts
                    node_modules/@jridgewell/trace-mapping/types/resolve.d.cts
                    node_modules/@jridgewell/trace-mapping/types/strip-filename.d.cts
                    node_modules/@jridgewell/trace-mapping/types/sourcemap-segment.d.cts
                    node_modules/@jridgewell/trace-mapping/types/binary-search.d.cts
                    node_modules/@jridgewell/trace-mapping/types/binary-search.d.cts.map
                    node_modules/@jridgewell/trace-mapping/types/sort.d.cts
                    node_modules/@jridgewell/trace-mapping/LICENSE
                    node_modules/@jridgewell/trace-mapping/dist/trace-mapping.umd.js
                    node_modules/@jridgewell/trace-mapping/package.json
                    node_modules/@jridgewell/gen-mapping/types/gen-mapping.d.cts.map
                    node_modules/@jridgewell/gen-mapping/types/types.d.cts
                    node_modules/@jridgewell/gen-mapping/types/set-array.d.cts.map
                    node_modules/@jridgewell/gen-mapping/types/gen-mapping.d.mts.map
                    node_modules/@jridgewell/gen-mapping/types/set-array.d.cts
                    node_modules/@jridgewell/gen-mapping/types/sourcemap-segment.d.cts
                    node_modules/@jridgewell/gen-mapping/types/gen-mapping.d.cts
                    node_modules/@jridgewell/gen-mapping/LICENSE
                    node_modules/@jridgewell/gen-mapping/dist/gen-mapping.umd.js.map
                    node_modules/@jridgewell/gen-mapping/dist/gen-mapping.mjs.map
                    node_modules/@jridgewell/gen-mapping/dist/gen-mapping.umd.js
                    node_modules/@jridgewell/gen-mapping/package.json
                    node_modules/@jridgewell/resolve-uri/LICENSE
                    node_modules/@jridgewell/resolve-uri/dist/resolve-uri.umd.js
                    node_modules/@jridgewell/resolve-uri/dist/resolve-uri.umd.js.map
                    node_modules/@jridgewell/resolve-uri/dist/types/resolve-uri.d.ts
                    node_modules/@jridgewell/resolve-uri/dist/resolve-uri.mjs
                    node_modules/@jridgewell/resolve-uri/dist/resolve-uri.mjs.map
                    node_modules/@jridgewell/resolve-uri/README.md
                    node_modules/@jridgewell/resolve-uri/package.json
                    node_modules/@jridgewell/remapping/types/source-map.d.mts.map
                    node_modules/@jridgewell/remapping/types/remapping.d.cts.map
                    node_modules/@jridgewell/remapping/types/source-map-tree.d.cts.map
                    node_modules/@jridgewell/remapping/types/source-map.d.cts
[33mYAML Exception reading /Users/spencer/Documents/GitHub/sorter-v2-04/docs/src/content/hardware/electronics/psu-pigtail.md: (<unknown>): mapping values are not allowed in this context at line 8 column 64 [0m
[33mYAML Exception reading /Users/spencer/Documents/GitHub/sorter-v2-04/docs/src/content/lab/operation-target-10ppm-2026-04-25.md: (<unknown>): mapping values are not allowed in this context at line 11 column 68 [0m
[33m     Build Warning: Layout 'default' requested in src/content/hardware/BOM.md does not exist.[0m
[33m     Build Warning: Layout 'default' requested in src/content/hardware/assembly/feeder/arranging-c-channels.md does not exist.[0m
[31m  Liquid Exception: Could not locate the included file 'fastener-legend.html' in any of ["/Users/spencer/Documents/GitHub/sorter-v2-04/docs/_includes"]. Ensure it exists in one of those directories and, if it is a symlink, does not point outside your site source. in src/content/hardware/assembly/distribution/bin-frame/bottom-interface.md[0m
[33m             Error: Could not locate the included file 'fastener-legend.html' in any of ["/Users/spencer/Documents/GitHub/sorter-v2-04/docs/_includes"]. Ensure it exists in one of those directories and, if it is a symlink, does not point outside your site source.[0m
[33m             Error: Run jekyll build --trace for more information.[0m
                    
      Regenerating: 1152 file(s) changed at 2026-08-20 21:16:46
                    node_modules/mdast-util-gfm-strikethrough/license
                    node_modules/micromark-util-subtokenize/license
                    node_modules/tailwindcss/index.css
                    node_modules/set-cookie-parser/LICENSE
                    node_modules/parse5/LICENSE
                    node_modules/mrmime/license
                    node_modules/sade/license
                    node_modules/kleur/license
                    node_modules/dequal/license
                    node_modules/micromark-extension-gfm-footnote/license
                    node_modules/character-entities-html4/license
                    node_modules/rehype-stringify/license
                    node_modules/hast-util-to-string/license
                    node_modules/devalue/LICENSE
                    node_modules/graceful-fs/LICENSE
                    node_modules/character-entities/license
                    node_modules/entities/LICENSE
                    node_modules/fsevents/LICENSE
                    node_modules/debug/LICENSE
                    node_modules/lightningcss/LICENSE
                    node_modules/liquidjs/LICENSE
                    node_modules/character-entities-legacy/index.js
                    node_modules/is-plain-obj/index.js
                    node_modules/hast-util-heading-rank/index.js
                    node_modules/zwitch/package.json
                    node_modules/@types/ms/README.md
                    node_modules/@types/hast/README.md
                    node_modules/@types/js-yaml/README.md
                    node_modules/@types/trusted-types/README.md
                    node_modules/@types/cookie/README.md
                    node_modules/@types/mdast/README.md
                    node_modules/@types/estree/README.md
                    node_modules/@types/unist/README.md
                    node_modules/@types/debug/README.md
                    node_modules/micromark-util-sanitize-uri/dev/index.js
                    node_modules/@sveltejs/acorn-typescript/index.js
                    node_modules/@sveltejs/adapter-static/platforms.js
                    node_modules/jiti/dist/babel.cjs
                    node_modules/extend/.eslintrc
                    node_modules/lightningcss-darwin-arm64/README.md
                    node_modules/unist-util-stringify-position/lib/index.js
                    node_modules/unist-util-visit-parents/lib/color.node.js
                    node_modules/micromark-util-normalize-identifier/index.js
                    node_modules/bail/package.json
                    node_modules/ms/readme.md
                    node_modules/svelte/src/internal/server/abort-signal.js
                    node_modules/esm-env/false.js
                    node_modules/html-void-elements/readme.md
                    node_modules/escape-string-regexp/readme.md
                    node_modules/mdast-util-gfm-footnote/lib/index.js
                    node_modules/commander/lib/command.js
                    node_modules/@polka/url/build.mjs
                    node_modules/detect-libc/lib/detect-libc.js
                    node_modules/unist-util-position/package.json
                    node_modules/micromark-factory-label/index.js
                    node_modules/esrap/src/index.js
                    node_modules/nanoid/async/index.cjs
                    node_modules/micromark-util-types/index.d.ts
                    node_modules/remark-parse/package.json
                    node_modules/micromark-util-html-tag-name/readme.md
                    node_modules/unist-util-is/package.json
                    node_modules/micromark-factory-whitespace/package.json
                    node_modules/hast-util-from-parse5/package.json
                    node_modules/micromark-util-decode-string/package.json
                    node_modules/@tailwindcss/oxide/index.d.ts
                    node_modules/@tailwindcss/vite/dist/index.d.mts
                    node_modules/@tailwindcss/oxide-darwin-arm64/tailwindcss-oxide.darwin-arm64.node
                    node_modules/@tailwindcss/node/dist/index.js
                    node_modules/magic-string/dist/magic-string.umd.js
                    node_modules/remark-gfm/lib/index.d.ts.map
                    node_modules/argparse/argparse.js
                    node_modules/picomatch/lib/parse.js
                    node_modules/typescript/lib/_tsc.js
                    node_modules/chokidar/handler.js
                    node_modules/postcss/lib/container.js
                    node_modules/@rollup/rollup-darwin-arm64/rollup.darwin-arm64.node
                    node_modules/unified/lib/index.js
                    node_modules/remark-stringify/readme.md
                    node_modules/deepmerge/dist/umd.js
                    node_modules/micromark-factory-title/readme.md
                    node_modules/decode-named-character-reference/readme.md
                    node_modules/mdast-util-find-and-replace/lib/index.d.ts.map
                    node_modules/hastscript/lib/index.js
                    node_modules/micromark-util-classify-character/readme.md
                    node_modules/micromark-util-decode-numeric-character-reference/readme.md
                    node_modules/@jridgewell/remapping/types/build-source-map-tree.d.mts.map
                    node_modules/@jridgewell/remapping/types/remapping.d.cts
                    node_modules/@jridgewell/remapping/types/types.d.cts
                    node_modules/@jridgewell/remapping/types/build-source-map-tree.d.cts.map
                    node_modules/@jridgewell/remapping/types/build-source-map-tree.d.cts
                    node_modules/@jridgewell/remapping/types/remapping.d.mts.map
                    node_modules/@jridgewell/remapping/types/source-map-tree.d.mts.map
                    node_modules/@jridgewell/remapping/types/source-map.d.cts.map
                    node_modules/@jridgewell/remapping/types/source-map-tree.d.cts
                    node_modules/@jridgewell/remapping/LICENSE
                    node_modules/@jridgewell/remapping/dist/remapping.mjs.map
                    node_modules/@jridgewell/remapping/dist/remapping.umd.js
                    node_modules/@jridgewell/remapping/dist/remapping.umd.js.map
                    node_modules/@jridgewell/remapping/package.json
                    node_modules/mdast-util-gfm-strikethrough/index.js
                    node_modules/mdast-util-gfm-strikethrough/readme.md
                    node_modules/mdast-util-gfm-strikethrough/package.json
                    node_modules/mdast-util-gfm-strikethrough/lib/index.js
                    node_modules/mdast-util-gfm-strikethrough/lib/index.d.ts
                    node_modules/mdast-util-gfm-strikethrough/index.d.ts
                    node_modules/micromark-util-subtokenize/index.js
                    node_modules/micromark-util-subtokenize/readme.md
                    node_modules/micromark-util-subtokenize/package.json
                    node_modules/micromark-util-subtokenize/lib/splice-buffer.d.ts.map
                    node_modules/micromark-util-subtokenize/lib/splice-buffer.d.ts
                    node_modules/micromark-util-subtokenize/lib/splice-buffer.js
                    node_modules/micromark-util-subtokenize/dev/index.js
                    node_modules/micromark-util-subtokenize/dev/lib/splice-buffer.d.ts.map
                    node_modules/micromark-util-subtokenize/dev/lib/splice-buffer.d.ts
                    node_modules/micromark-util-subtokenize/dev/lib/splice-buffer.js
                    node_modules/micromark-util-subtokenize/dev/index.d.ts
                    node_modules/micromark-util-subtokenize/dev/index.d.ts.map
                    node_modules/micromark-util-subtokenize/index.d.ts
                    node_modules/micromark-util-subtokenize/index.d.ts.map
                    node_modules/tailwindcss/theme.css
                    node_modules/tailwindcss/dist/default-theme.js
                    node_modules/tailwindcss/dist/flatten-color-palette.js
                    node_modules/tailwindcss/dist/lib.js
                    node_modules/tailwindcss/dist/colors.js
                    node_modules/tailwindcss/preflight.css
                    node_modules/tailwindcss/utilities.css
                    node_modules/set-cookie-parser/dist/set-cookie.cjs
                    node_modules/set-cookie-parser/dist/.eslintrc.cjs
                    node_modules/set-cookie-parser/README.md
                    node_modules/set-cookie-parser/package.json
                    node_modules/set-cookie-parser/lib/set-cookie.d.ts
                    node_modules/set-cookie-parser/lib/set-cookie.js
                    node_modules/parse5/dist/tree-adapters/default.js
                    node_modules/parse5/dist/common/error-codes.js
                    node_modules/parse5/dist/common/foreign-content.js
                    node_modules/parse5/dist/common/doctype.js
                    node_modules/parse5/dist/cjs/tree-adapters/default.js
                    node_modules/parse5/dist/cjs/common/error-codes.js
                    node_modules/parse5/dist/cjs/common/foreign-content.js
                    node_modules/parse5/dist/cjs/common/doctype.js
                    node_modules/mrmime/index.js
                    node_modules/mrmime/readme.md
                    node_modules/mrmime/package.json
                    node_modules/mrmime/index.mjs
                    node_modules/mrmime/index.d.ts
                    node_modules/sade/readme.md
                    node_modules/sade/package.json
                    node_modules/sade/lib/index.js
                    node_modules/sade/lib/index.mjs
                    node_modules/sade/index.d.ts
                    node_modules/kleur/index.js
                    node_modules/kleur/colors.mjs
                    node_modules/kleur/readme.md
                    node_modules/kleur/package.json
                    node_modules/kleur/colors.js
                    node_modules/kleur/index.mjs
                    node_modules/kleur/index.d.ts
                    node_modules/kleur/colors.d.ts
                    node_modules/dequal/dist/index.js
                    node_modules/dequal/dist/index.mjs
                    node_modules/dequal/dist/index.min.js
                    node_modules/dequal/lite/index.js
                    node_modules/dequal/lite/index.mjs
                    node_modules/dequal/lite/index.d.ts
                    node_modules/dequal/lite/index.min.js
                    node_modules/dequal/readme.md
                    node_modules/dequal/package.json
                    node_modules/dequal/index.d.ts
                    node_modules/micromark-extension-gfm-footnote/index.js
                    node_modules/micromark-extension-gfm-footnote/readme.md
                    node_modules/micromark-extension-gfm-footnote/package.json
                    node_modules/micromark-extension-gfm-footnote/lib/html.js
                    node_modules/micromark-extension-gfm-footnote/lib/html.d.ts
                    node_modules/micromark-extension-gfm-footnote/lib/syntax.js
                    node_modules/micromark-extension-gfm-footnote/lib/syntax.d.ts
                    node_modules/micromark-extension-gfm-footnote/dev/index.js
                    node_modules/micromark-extension-gfm-footnote/dev/lib/html.js
                    node_modules/micromark-extension-gfm-footnote/dev/lib/html.d.ts
                    node_modules/micromark-extension-gfm-footnote/dev/lib/syntax.js
                    node_modules/micromark-extension-gfm-footnote/dev/lib/syntax.d.ts
                    node_modules/micromark-extension-gfm-footnote/dev/index.d.ts
                    node_modules/micromark-extension-gfm-footnote/index.d.ts
                    node_modules/character-entities-html4/index.js
                    node_modules/character-entities-html4/readme.md
                    node_modules/character-entities-html4/package.json
                    node_modules/character-entities-html4/index.d.ts
                    node_modules/rehype-stringify/index.js
                    node_modules/rehype-stringify/readme.md
                    node_modules/rehype-stringify/package.json
                    node_modules/rehype-stringify/lib/index.js
                    node_modules/rehype-stringify/lib/index.d.ts
                    node_modules/rehype-stringify/lib/index.d.ts.map
                    node_modules/rehype-stringify/index.d.ts
                    node_modules/hast-util-to-string/index.js
                    node_modules/hast-util-to-string/readme.md
                    node_modules/hast-util-to-string/package.json
                    node_modules/hast-util-to-string/lib/index.js
                    node_modules/hast-util-to-string/lib/index.d.ts
                    node_modules/hast-util-to-string/lib/index.d.ts.map
                    node_modules/hast-util-to-string/index.d.ts
                    node_modules/hast-util-to-string/index.d.ts.map
                    node_modules/devalue/types/index.d.ts
                    node_modules/devalue/types/index.d.ts.map
                    node_modules/devalue/index.js
                    node_modules/devalue/README.md
                    node_modules/devalue/package.json
                    node_modules/devalue/src/constants.js
                    node_modules/devalue/src/stringify.js
                    node_modules/devalue/src/uneval.js
                    node_modules/devalue/src/types.d.ts
                    node_modules/devalue/src/base64.js
                    node_modules/devalue/src/parse.js
                    node_modules/devalue/src/utils.test.js
                    node_modules/devalue/src/utils.js
                    node_modules/devalue/src/operations.js
                    node_modules/devalue/src/base64.test.js
                    node_modules/graceful-fs/polyfills.js
                    node_modules/graceful-fs/README.md
                    node_modules/graceful-fs/graceful-fs.js
                    node_modules/graceful-fs/package.json
                    node_modules/graceful-fs/clone.js
                    node_modules/graceful-fs/legacy-streams.js
                    node_modules/character-entities/index.js
                    node_modules/character-entities/readme.md
                    node_modules/character-entities/package.json
                    node_modules/character-entities/index.d.ts
                    node_modules/entities/dist/esm/generated/decode-data-html.js
                    node_modules/entities/dist/esm/generated/decode-data-xml.js
                    node_modules/entities/dist/esm/generated/encode-html.js
                    node_modules/entities/dist/esm/decode-codepoint.js
                    node_modules/entities/dist/esm/encode.js
                    node_modules/entities/dist/esm/decode.js
                    node_modules/entities/dist/commonjs/generated/decode-data-html.js
                    node_modules/entities/dist/commonjs/generated/decode-data-xml.js
                    node_modules/entities/dist/commonjs/generated/encode-html.js
                    node_modules/entities/dist/commonjs/decode-codepoint.js
                    node_modules/entities/dist/commonjs/encode.js
                    node_modules/entities/dist/commonjs/decode.js
                    node_modules/entities/decode.js
                    node_modules/fsevents/fsevents.node
                    node_modules/fsevents/fsevents.js
                    node_modules/fsevents/fsevents.d.ts
                    node_modules/fsevents/README.md
                    node_modules/fsevents/package.json
                    node_modules/is-reference/types/index.d.ts
                    node_modules/is-reference/types/index.d.ts.map
                    node_modules/is-reference/README.md
                    node_modules/is-reference/package.json
                    node_modules/is-reference/src/index.js
                    node_modules/debug/README.md
                    node_modules/debug/package.json
                    node_modules/debug/src/index.js
                    node_modules/debug/src/node.js
                    node_modules/debug/src/common.js
                    node_modules/debug/src/browser.js
                    node_modules/lightningcss/README.md
                    node_modules/lightningcss/package.json
                    node_modules/lightningcss/node/flags.js
                    node_modules/lightningcss/node/index.js
                    node_modules/lightningcss/node/composeVisitors.js
                    node_modules/lightningcss/node/index.js.flow
                    node_modules/lightningcss/node/browserslistToTargets.js
                    node_modules/lightningcss/node/index.mjs
                    node_modules/lightningcss/node/targets.js.flow
                    node_modules/lightningcss/node/ast.js.flow
                    node_modules/lightningcss/node/ast.d.ts
                    node_modules/source-map-js/README.md
                    node_modules/source-map-js/package.json
                    node_modules/source-map-js/source-map.js
                    node_modules/source-map-js/lib/source-map-generator.d.ts
                    node_modules/source-map-js/lib/source-map-consumer.js
                    node_modules/source-map-js/lib/quick-sort.js
                    node_modules/source-map-js/lib/util.js
                    node_modules/source-map-js/lib/source-node.d.ts
                    node_modules/source-map-js/lib/source-map-consumer.d.ts
                    node_modules/source-map-js/lib/base64-vlq.js
                    node_modules/source-map-js/lib/mapping-list.js
                    node_modules/source-map-js/lib/binary-search.js
                    node_modules/source-map-js/lib/base64.js
                    node_modules/source-map-js/lib/array-set.js
                    node_modules/source-map-js/lib/source-node.js
                    node_modules/source-map-js/lib/source-map-generator.js
                    node_modules/source-map-js/source-map.d.ts
                    node_modules/liquidjs/bin/liquid.js
                    node_modules/liquidjs/dist/liquid.browser.min.js
                    node_modules/liquidjs/dist/liquid.browser.umd.js
                    node_modules/liquidjs/dist/liquid.node.js
                    node_modules/@esbuild/darwin-arm64/bin/esbuild
                    node_modules/character-entities-legacy/readme.md
                    node_modules/character-entities-legacy/package.json
                    node_modules/character-entities-legacy/index.d.ts
                    node_modules/vitefu/README.md
                    node_modules/vitefu/package.json
                    node_modules/vitefu/src/sync.cjs
                    node_modules/vitefu/src/index.d.cts
                    node_modules/vitefu/src/index.js
                    node_modules/vitefu/src/index.cjs
                    node_modules/vitefu/src/index.d.ts
                    node_modules/is-plain-obj/readme.md
                    node_modules/is-plain-obj/package.json
                    node_modules/is-plain-obj/index.d.ts
                    node_modules/tinyglobby/dist/index.d.mts
                    node_modules/tinyglobby/dist/index.d.cts
                    node_modules/tinyglobby/dist/index.cjs
                    node_modules/tinyglobby/dist/index.mjs
                    node_modules/tinyglobby/README.md
                    node_modules/tinyglobby/package.json
                    node_modules/tapable/tapable.d.ts
                    node_modules/tapable/README.md
                    node_modules/tapable/package.json
                    node_modules/tapable/lib/HookMap.js
                    node_modules/tapable/lib/SyncWaterfallHook.js
                    node_modules/tapable/lib/AsyncSeriesWaterfallHook.js
                    node_modules/tapable/lib/AsyncSeriesLoopHook.js
                    node_modules/tapable/lib/Hook.js
                    node_modules/tapable/lib/SyncLoopHook.js
                    node_modules/tapable/lib/util-browser.js
                    node_modules/tapable/lib/index.js
                    node_modules/tapable/lib/SyncBailHook.js
                    node_modules/tapable/lib/HookCodeFactory.js
                    node_modules/tapable/lib/AsyncParallelBailHook.js
                    node_modules/tapable/lib/SyncHook.js
                    node_modules/tapable/lib/AsyncParallelHook.js
                    node_modules/tapable/lib/AsyncSeriesHook.js
                    node_modules/tapable/lib/MultiHook.js
                    node_modules/tapable/lib/AsyncSeriesBailHook.js
                    node_modules/hast-util-heading-rank/readme.md
                    node_modules/hast-util-heading-rank/package.json
                    node_modules/hast-util-heading-rank/lib/index.js
                    node_modules/hast-util-heading-rank/lib/index.d.ts
                    node_modules/hast-util-heading-rank/index.d.ts
                    node_modules/zwitch/readme.md
                    node_modules/zwitch/index.d.ts
                    node_modules/obug/dist/core.js
                    node_modules/obug/dist/core.d.ts
                    node_modules/obug/dist/node.js
                    node_modules/obug/dist/browser.js
                    node_modules/obug/dist/node.d.ts
                    node_modules/obug/dist/browser.d.ts
                    node_modules/obug/dist/browser.min.js
                    node_modules/obug/README.md
                    node_modules/obug/package.json
                    node_modules/@types/ms/package.json
                    node_modules/@types/ms/index.d.ts
                    node_modules/@types/hast/package.json
                    node_modules/@types/hast/index.d.ts
                    node_modules/@types/js-yaml/index.d.mts
                    node_modules/@types/js-yaml/package.json
                    node_modules/@types/js-yaml/index.d.ts
                    node_modules/@types/trusted-types/package.json
                    node_modules/@types/trusted-types/lib/index.d.ts
                    node_modules/@types/trusted-types/index.d.ts
                    node_modules/@types/cookie/package.json
                    node_modules/@types/cookie/index.d.ts
                    node_modules/@types/mdast/package.json
                    node_modules/@types/mdast/index.d.ts
                    node_modules/@types/estree/flow.d.ts
                    node_modules/@types/estree/package.json
                    node_modules/@types/estree/index.d.ts
                    node_modules/@types/unist/package.json
                    node_modules/@types/unist/index.d.ts
                    node_modules/@types/debug/package.json
                    node_modules/@types/debug/index.d.ts
                    node_modules/micromark-core-commonmark/index.js
                    node_modules/micromark-core-commonmark/lib/code-text.js
                    node_modules/micromark-core-commonmark/lib/code-fenced.js
                    node_modules/micromark-core-commonmark/lib/label-start-image.js
                    node_modules/micromark-core-commonmark/lib/character-reference.js
                    node_modules/micromark-core-commonmark/lib/autolink.js
                    node_modules/micromark-core-commonmark/lib/heading-atx.js
                    node_modules/micromark-core-commonmark/lib/attention.js
                    node_modules/micromark-core-commonmark/lib/html-flow.js
                    node_modules/micromark-core-commonmark/lib/block-quote.js
                    node_modules/micromark-core-commonmark/lib/code-indented.js
                    node_modules/micromark-core-commonmark/lib/label-end.js
                    node_modules/micromark-core-commonmark/lib/html-text.js
                    node_modules/micromark-core-commonmark/lib/content.js
                    node_modules/micromark-core-commonmark/lib/blank-line.js
                    node_modules/micromark-core-commonmark/lib/character-escape.js
                    node_modules/micromark-core-commonmark/lib/hard-break-escape.js
                    node_modules/micromark-core-commonmark/lib/definition.js
                    node_modules/micromark-core-commonmark/dev/index.js
                    node_modules/micromark-core-commonmark/dev/lib/code-text.js
                    node_modules/micromark-core-commonmark/dev/lib/code-fenced.js
                    node_modules/micromark-core-commonmark/dev/lib/label-start-image.js
                    node_modules/micromark-core-commonmark/dev/lib/character-reference.js
                    node_modules/micromark-core-commonmark/dev/lib/autolink.js
                    node_modules/micromark-core-commonmark/dev/lib/label-start-link.js
                    node_modules/micromark-core-commonmark/dev/lib/heading-atx.js
                    node_modules/micromark-core-commonmark/dev/lib/attention.js
                    node_modules/micromark-core-commonmark/dev/lib/html-flow.js
                    node_modules/micromark-core-commonmark/dev/lib/block-quote.js
                    node_modules/micromark-core-commonmark/dev/lib/code-indented.js
                    node_modules/micromark-core-commonmark/dev/lib/label-end.js
                    node_modules/micromark-core-commonmark/dev/lib/html-text.js
                    node_modules/micromark-core-commonmark/dev/lib/content.js
                    node_modules/micromark-core-commonmark/dev/lib/blank-line.js
                    node_modules/micromark-core-commonmark/dev/lib/character-escape.js
                    node_modules/micromark-core-commonmark/dev/lib/hard-break-escape.js
                    node_modules/micromark-core-commonmark/dev/lib/definition.js
                    node_modules/micromark-util-sanitize-uri/index.js
                    node_modules/micromark-util-sanitize-uri/readme.md
                    node_modules/micromark-util-sanitize-uri/package.json
                    node_modules/micromark-util-sanitize-uri/dev/index.d.ts
                    node_modules/micromark-util-sanitize-uri/dev/index.d.ts.map
                    node_modules/micromark-util-sanitize-uri/index.d.ts
                    node_modules/micromark-util-sanitize-uri/index.d.ts.map
                    node_modules/@sveltejs/vite-plugin-svelte-inspector/types/index.d.ts
                    node_modules/@sveltejs/vite-plugin-svelte-inspector/types/index.d.ts.map
                    node_modules/@sveltejs/vite-plugin-svelte-inspector/README.md
                    node_modules/@sveltejs/vite-plugin-svelte-inspector/package.json
                    node_modules/@sveltejs/vite-plugin-svelte-inspector/src/options.js
                    node_modules/@sveltejs/vite-plugin-svelte-inspector/src/runtime/load-inspector.js
                    node_modules/@sveltejs/vite-plugin-svelte-inspector/src/runtime/Inspector.svelte
                    node_modules/@sveltejs/vite-plugin-svelte-inspector/src/index.js
                    node_modules/@sveltejs/vite-plugin-svelte-inspector/src/public.d.ts
                    node_modules/@sveltejs/vite-plugin-svelte-inspector/src/utils.js
                    node_modules/@sveltejs/vite-plugin-svelte-inspector/src/debug.js
                    node_modules/@sveltejs/load-config/LICENSE
                    node_modules/@sveltejs/load-config/dist/src/index.js
                    node_modules/@sveltejs/load-config/dist/src/index.js.map
                    node_modules/@sveltejs/load-config/dist/src/index.d.ts
                    node_modules/@sveltejs/load-config/package.json
                    node_modules/@sveltejs/kit/src/core/adapt/builder.js
                    node_modules/@sveltejs/kit/src/core/config/default-error.html
                    node_modules/@sveltejs/kit/src/core/postbuild/analyse.js
                    node_modules/@sveltejs/kit/src/runtime/server/page/actions.js
                    node_modules/@sveltejs/kit/src/runtime/server/app.js
                    node_modules/@sveltejs/kit/src/runtime/client/bundle.js
                    node_modules/@sveltejs/kit/src/runtime/client/remote-functions/query-live/cache.js
                    node_modules/@sveltejs/kit/src/runtime/client/remote-functions/cache.svelte.js
                    node_modules/@sveltejs/kit/src/runtime/client/remote-functions/query/cache.js
                    node_modules/@sveltejs/kit/src/utils/array.js
                    node_modules/@sveltejs/kit/src/exports/vite/build/build_service_worker.js
                    node_modules/@sveltejs/kit/src/exports/vite/build/build_server.js
                    node_modules/@sveltejs/kit/src/cli.js
                    node_modules/@sveltejs/acorn-typescript/LICENSE.md
                    node_modules/@sveltejs/acorn-typescript/README.md
                    node_modules/@sveltejs/acorn-typescript/package.json
                    node_modules/@sveltejs/acorn-typescript/index.d.ts
                    node_modules/@sveltejs/vite-plugin-svelte/types/index.d.ts
                    node_modules/@sveltejs/vite-plugin-svelte/types/index.d.ts.map
                    node_modules/@sveltejs/vite-plugin-svelte/README.md
                    node_modules/@sveltejs/vite-plugin-svelte/package.json
                    node_modules/@sveltejs/vite-plugin-svelte/src/types/vite-plugin-svelte-stats.d.ts
                    node_modules/@sveltejs/vite-plugin-svelte/src/types/options.d.ts
                    node_modules/@sveltejs/vite-plugin-svelte/src/types/plugin-api.d.ts
                    node_modules/@sveltejs/vite-plugin-svelte/src/types/log.d.ts
                    node_modules/@sveltejs/vite-plugin-svelte/src/types/id.d.ts
                    node_modules/@sveltejs/vite-plugin-svelte/src/types/compile.d.ts
                    node_modules/@sveltejs/vite-plugin-svelte/src/plugins/preprocess.js
                    node_modules/@sveltejs/vite-plugin-svelte/src/plugins/configure.js
                    node_modules/@sveltejs/vite-plugin-svelte/src/plugins/setup-optimizer.js
                    node_modules/@sveltejs/vite-plugin-svelte/src/plugins/compile-module.js
                    node_modules/@sveltejs/vite-plugin-svelte/src/plugins/load-compiled-css.js
                    node_modules/@sveltejs/vite-plugin-svelte/src/plugins/hot-update.js
                    node_modules/@sveltejs/vite-plugin-svelte/src/plugins/load-custom.js
                    node_modules/@sveltejs/vite-plugin-svelte/src/plugins/compile.js
                    node_modules/@sveltejs/vite-plugin-svelte/src/preprocess.js
                    node_modules/@sveltejs/vite-plugin-svelte/src/index.js
                    node_modules/@sveltejs/vite-plugin-svelte/src/utils/constants.js
                    node_modules/@sveltejs/vite-plugin-svelte/src/utils/options.js
                    node_modules/@sveltejs/vite-plugin-svelte/src/utils/sourcemaps.js
                    node_modules/@sveltejs/vite-plugin-svelte/src/utils/preprocess.js
                    node_modules/@sveltejs/vite-plugin-svelte/src/utils/log.js
                    node_modules/@sveltejs/vite-plugin-svelte/src/utils/id.js
                    node_modules/@sveltejs/vite-plugin-svelte/src/utils/error.js
                    node_modules/@sveltejs/vite-plugin-svelte/src/utils/vite-plugin-svelte-stats.js
                    node_modules/@sveltejs/vite-plugin-svelte/src/utils/watch.js
                    node_modules/@sveltejs/vite-plugin-svelte/src/utils/dependencies.js
                    node_modules/@sveltejs/vite-plugin-svelte/src/utils/svelte-version.js
                    node_modules/@sveltejs/vite-plugin-svelte/src/utils/load-svelte-config.js
                    node_modules/@sveltejs/vite-plugin-svelte/src/utils/hash.js
                    node_modules/@sveltejs/vite-plugin-svelte/src/utils/compile.js
                    node_modules/@sveltejs/vite-plugin-svelte/src/public.d.ts
                    node_modules/@sveltejs/adapter-static/README.md
                    node_modules/@sveltejs/adapter-static/package.json
                    node_modules/@sveltejs/adapter-static/index.d.ts
                    node_modules/mdast-util-gfm-autolink-literal/readme.md
                    node_modules/mdast-util-gfm-autolink-literal/package.json
                    node_modules/mdast-util-gfm-autolink-literal/lib/index.js
                    node_modules/mdast-util-gfm-autolink-literal/lib/index.d.ts
                    node_modules/mdast-util-gfm-autolink-literal/index.d.ts
                    node_modules/extend/LICENSE
                    node_modules/extend/CHANGELOG.md
                    node_modules/extend/index.js
                    node_modules/extend/README.md
                    node_modules/extend/component.json
                    node_modules/extend/.jscs.json
                    node_modules/extend/.travis.yml
                    node_modules/micromark-extension-gfm-autolink-literal/index.js
                    node_modules/micromark-extension-gfm-autolink-literal/readme.md
                    node_modules/micromark-extension-gfm-autolink-literal/package.json
                    node_modules/micromark-extension-gfm-autolink-literal/lib/html.js
                    node_modules/micromark-extension-gfm-autolink-literal/lib/html.d.ts
                    node_modules/micromark-extension-gfm-autolink-literal/lib/syntax.js
                    node_modules/micromark-extension-gfm-autolink-literal/lib/syntax.d.ts
                    node_modules/micromark-extension-gfm-autolink-literal/dev/index.js
                    node_modules/micromark-extension-gfm-autolink-literal/dev/lib/html.js
                    node_modules/micromark-extension-gfm-autolink-literal/dev/lib/html.d.ts
                    node_modules/micromark-extension-gfm-autolink-literal/dev/lib/syntax.js
                    node_modules/micromark-extension-gfm-autolink-literal/dev/lib/syntax.d.ts
                    node_modules/micromark-extension-gfm-autolink-literal/dev/index.d.ts
                    node_modules/micromark-extension-gfm-autolink-literal/index.d.ts
                    node_modules/lightningcss-darwin-arm64/lightningcss.darwin-arm64.node
                    node_modules/unist-util-stringify-position/readme.md
                    node_modules/unist-util-stringify-position/package.json
                    node_modules/unist-util-stringify-position/lib/index.d.ts
                    node_modules/unist-util-stringify-position/index.d.ts
                    node_modules/unist-util-visit-parents/index.js
                    node_modules/unist-util-visit-parents/readme.md
                    node_modules/unist-util-visit-parents/package.json
                    node_modules/unist-util-visit-parents/lib/color.d.ts
                    node_modules/unist-util-visit-parents/lib/color.node.d.ts.map
                    node_modules/unist-util-visit-parents/lib/index.js
                    node_modules/unist-util-visit-parents/lib/color.d.ts.map
                    node_modules/unist-util-visit-parents/lib/index.d.ts
                    node_modules/unist-util-visit-parents/lib/color.node.d.ts
                    node_modules/unist-util-visit-parents/lib/index.d.ts.map
                    node_modules/unist-util-visit-parents/index.d.ts
                    node_modules/micromark-util-normalize-identifier/readme.md
                    node_modules/micromark-util-normalize-identifier/package.json
                    node_modules/micromark-util-normalize-identifier/dev/index.d.ts
                    node_modules/micromark-util-normalize-identifier/dev/index.d.ts.map
                    node_modules/micromark-util-normalize-identifier/index.d.ts
                    node_modules/micromark-util-normalize-identifier/index.d.ts.map
                    node_modules/bail/readme.md
                    node_modules/bail/index.d.ts
                    node_modules/svelte/src/internal/flags/async.js
                    node_modules/svelte/src/internal/shared/attributes.js
                    node_modules/svelte/src/internal/client/reactivity/async.js
                    node_modules/svelte/src/internal/client/dom/blocks/async.js
                    node_modules/svelte/src/internal/client/dom/blocks/await.js
                    node_modules/svelte/src/internal/client/dom/elements/actions.js
                    node_modules/svelte/src/internal/client/dom/elements/attributes.js
                    node_modules/svelte/src/internal/client/dom/elements/attachments.js
                    node_modules/svelte/src/internal/client/dev/assign.js
                    node_modules/svelte/src/compiler/utils/assert.js
                    node_modules/svelte/src/compiler/utils/ast.js
                    node_modules/svelte/src/compiler/phases/3-transform/server/visitors/AwaitBlock.js
                    node_modules/svelte/src/compiler/phases/3-transform/server/visitors/AssignmentExpression.js
                    node_modules/svelte/src/compiler/phases/3-transform/shared/assignments.js
                    node_modules/svelte/src/compiler/phases/3-transform/client/visitors/ArrowFunctionExpression.js
                    node_modules/svelte/src/compiler/phases/3-transform/client/visitors/Attribute.js
                    node_modules/svelte/src/compiler/phases/3-transform/client/visitors/AwaitExpression.js
                    node_modules/svelte/src/compiler/phases/3-transform/client/visitors/AwaitBlock.js
                    node_modules/svelte/src/compiler/phases/3-transform/client/visitors/AttachTag.js
                    node_modules/svelte/src/compiler/phases/3-transform/client/visitors/AnimateDirective.js
                    node_modules/svelte/src/compiler/phases/3-transform/client/visitors/AssignmentExpression.js
                    node_modules/svelte/src/compiler/phases/1-parse/acorn.js
                    node_modules/svelte/src/compiler/phases/2-analyze/visitors/ArrowFunctionExpression.js
                    node_modules/svelte/src/compiler/phases/2-analyze/visitors/shared/attribute.js
                    node_modules/svelte/src/compiler/phases/2-analyze/visitors/Attribute.js
                    node_modules/svelte/src/compiler/phases/2-analyze/visitors/AwaitExpression.js
                    node_modules/svelte/src/compiler/phases/2-analyze/visitors/AwaitBlock.js
                    node_modules/svelte/src/compiler/phases/2-analyze/visitors/AttachTag.js
                    node_modules/svelte/src/compiler/phases/2-analyze/visitors/AnimateDirective.js
                    node_modules/svelte/src/compiler/phases/2-analyze/visitors/AssignmentExpression.js
                    node_modules/locate-character/types/index.d.ts
                    node_modules/locate-character/types/index.d.ts.map
                    node_modules/locate-character/README.md
                    node_modules/locate-character/src/types.d.ts
                    node_modules/esm-env/CHANGELOG.md
                    node_modules/esm-env/true.js
                    node_modules/esm-env/index.js
                    node_modules/esm-env/README.md
                    node_modules/esm-env/package.json
                    node_modules/esm-env/index.d.ts
                    node_modules/html-void-elements/index.d.ts
                    node_modules/escape-string-regexp/index.d.ts
                    node_modules/stringify-entities/index.js
                    node_modules/stringify-entities/readme.md
                    node_modules/stringify-entities/package.json
                    node_modules/stringify-entities/lib/util/to-hexadecimal.d.ts
                    node_modules/stringify-entities/lib/util/to-decimal.d.ts
                    node_modules/stringify-entities/lib/util/format-smart.js
                    node_modules/stringify-entities/lib/util/format-basic.d.ts
                    node_modules/stringify-entities/lib/util/to-hexadecimal.js
                    node_modules/stringify-entities/lib/util/to-decimal.js
                    node_modules/stringify-entities/lib/util/format-basic.js
                    node_modules/stringify-entities/lib/util/to-named.d.ts
                    node_modules/stringify-entities/lib/util/to-named.js
                    node_modules/stringify-entities/lib/util/format-smart.d.ts
                    node_modules/stringify-entities/lib/index.js
                    node_modules/stringify-entities/lib/core.d.ts
                    node_modules/stringify-entities/lib/constant/dangerous.d.ts
                    node_modules/stringify-entities/lib/constant/dangerous.js
                    node_modules/stringify-entities/lib/index.d.ts
                    node_modules/stringify-entities/index.d.ts
                    node_modules/mdast-util-gfm-footnote/readme.md
                    node_modules/mdast-util-gfm-footnote/package.json
                    node_modules/mdast-util-gfm-footnote/lib/index.d.ts
                    node_modules/mdast-util-gfm-footnote/lib/index.d.ts.map
                    node_modules/mdast-util-gfm-footnote/index.d.ts
                    node_modules/commander/typings/index.d.ts
                    node_modules/commander/index.js
                    node_modules/commander/Readme.md
                    node_modules/commander/package.json
                    node_modules/commander/esm.mjs
                    node_modules/commander/lib/option.js
                    node_modules/commander/lib/error.js
                    node_modules/commander/lib/help.js
                    node_modules/commander/lib/suggestSimilar.js
                    node_modules/commander/package-support.json
                    node_modules/@polka/url/index.d.ts
                    node_modules/property-information/index.js
                    node_modules/property-information/readme.md
                    node_modules/property-information/package.json
                    node_modules/property-information/lib/xlink.js
                    node_modules/property-information/lib/html.js
                    node_modules/property-information/lib/normalize.js
                    node_modules/property-information/lib/xlink.d.ts
                    node_modules/property-information/lib/xml.d.ts.map
                    node_modules/property-information/lib/svg.d.ts.map
                    node_modules/property-information/lib/xmlns.d.ts.map
                    node_modules/property-information/lib/normalize.d.ts
                    node_modules/property-information/lib/util/types.js
                    node_modules/property-information/lib/util/types.d.ts
                    node_modules/property-information/lib/util/merge.js
                    node_modules/property-information/lib/util/create.d.ts.map
                    node_modules/property-information/lib/util/info.d.ts.map
                    node_modules/property-information/lib/util/defined-info.d.ts.map
                    node_modules/property-information/lib/util/defined-info.d.ts
                    node_modules/property-information/lib/util/create.js
                    node_modules/property-information/lib/util/defined-info.js
                    node_modules/property-information/lib/util/case-sensitive-transform.d.ts.map
                    node_modules/property-information/lib/util/info.js
                    node_modules/property-information/lib/util/schema.d.ts.map
                    node_modules/property-information/lib/util/create.d.ts
                    node_modules/property-information/lib/util/case-sensitive-transform.d.ts
                    node_modules/property-information/lib/util/schema.js
                    node_modules/property-information/lib/util/case-sensitive-transform.js
                    node_modules/property-information/lib/util/case-insensitive-transform.js
                    node_modules/property-information/lib/util/info.d.ts
                    node_modules/property-information/lib/util/schema.d.ts
                    node_modules/property-information/lib/util/merge.d.ts.map
                    node_modules/property-information/lib/util/case-insensitive-transform.d.ts
                    node_modules/property-information/lib/util/types.d.ts.map
                    node_modules/property-information/lib/util/merge.d.ts
                    node_modules/property-information/lib/util/case-insensitive-transform.d.ts.map
                    node_modules/property-information/lib/xml.js
                    node_modules/property-information/lib/xml.d.ts
                    node_modules/property-information/lib/hast-to-react.js
                    node_modules/property-information/lib/find.d.ts
                    node_modules/property-information/lib/svg.d.ts
                    node_modules/property-information/lib/aria.d.ts
                    node_modules/property-information/lib/find.d.ts.map
                    node_modules/property-information/lib/hast-to-react.d.ts
                    node_modules/property-information/lib/svg.js
                    node_modules/property-information/lib/html.d.ts
                    node_modules/property-information/lib/hast-to-react.d.ts.map
                    node_modules/property-information/lib/find.js
                    node_modules/property-information/lib/xmlns.d.ts
                    node_modules/property-information/lib/aria.d.ts.map
                    node_modules/property-information/lib/html.d.ts.map
                    node_modules/property-information/lib/xlink.d.ts.map
                    node_modules/property-information/lib/normalize.d.ts.map
                    node_modules/property-information/lib/xmlns.js
                    node_modules/property-information/index.d.ts
                    node_modules/detect-libc/README.md
                    node_modules/detect-libc/package.json
                    node_modules/detect-libc/lib/filesystem.js
                    node_modules/detect-libc/lib/process.js
                    node_modules/detect-libc/lib/elf.js
                    node_modules/detect-libc/index.d.ts
                    node_modules/unist-util-position/readme.md
                    node_modules/unist-util-position/lib/index.d.ts
                    node_modules/unist-util-position/index.d.ts
                    node_modules/micromark-factory-label/readme.md
                    node_modules/micromark-factory-label/package.json
                    node_modules/micromark-factory-label/dev/index.d.ts
                    node_modules/micromark-factory-label/dev/index.d.ts.map
                    node_modules/micromark-factory-label/index.d.ts
                    node_modules/micromark-factory-label/index.d.ts.map
                    node_modules/esrap/types/index.d.ts
                    node_modules/esrap/types/index.d.ts.map
                    node_modules/esrap/README.md
                    node_modules/esrap/package.json
                    node_modules/esrap/src/types.d.ts
                    node_modules/esrap/src/languages/types.d.ts
                    node_modules/esrap/src/languages/tsx/index.js
                    node_modules/esrap/src/languages/tsx/public.d.ts
                    node_modules/esrap/src/languages/ts/index.js
                    node_modules/esrap/src/languages/ts/public.d.ts
                    node_modules/esrap/src/public.d.ts
                    node_modules/aria-query/lib/util/iterationDecorator.js
                    node_modules/aria-query/lib/util/iteratorProxy.js
                    node_modules/aria-query/lib/etc/roles/abstract/rangeRole.js
                    node_modules/aria-query/lib/etc/roles/abstract/commandRole.js
                    node_modules/aria-query/lib/etc/roles/abstract/roletypeRole.js
                    node_modules/aria-query/lib/etc/roles/abstract/landmarkRole.js
                    node_modules/aria-query/lib/etc/roles/abstract/compositeRole.js
                    node_modules/aria-query/lib/etc/roles/abstract/structureRole.js
                    node_modules/aria-query/lib/etc/roles/abstract/selectRole.js
                    node_modules/aria-query/lib/etc/roles/abstract/sectionRole.js
                    node_modules/aria-query/lib/etc/roles/abstract/sectionheadRole.js
                    node_modules/aria-query/lib/etc/roles/abstract/inputRole.js
                    node_modules/aria-query/lib/etc/roles/literal/strongRole.js
                    node_modules/aria-query/lib/etc/roles/literal/searchboxRole.js
                    node_modules/aria-query/lib/etc/roles/literal/tabRole.js
                    node_modules/aria-query/lib/etc/roles/literal/menubarRole.js
                    node_modules/aria-query/lib/etc/roles/literal/superscriptRole.js
                    node_modules/aria-query/lib/etc/roles/literal/comboboxRole.js
                    node_modules/aria-query/lib/etc/roles/literal/spinbuttonRole.js
                    node_modules/aria-query/lib/etc/roles/literal/linkRole.js
                    node_modules/aria-query/lib/etc/roles/literal/navigationRole.js
                    node_modules/aria-query/lib/etc/roles/literal/meterRole.js
                    node_modules/aria-query/lib/etc/roles/literal/logRole.js
                    node_modules/aria-query/lib/etc/roles/literal/contentinfoRole.js
                    node_modules/aria-query/lib/etc/roles/literal/menuitemradioRole.js
                    node_modules/aria-query/lib/etc/roles/literal/headingRole.js
                    node_modules/aria-query/lib/etc/roles/literal/noteRole.js
                    node_modules/aria-query/lib/etc/roles/literal/menuRole.js
                    node_modules/aria-query/lib/etc/roles/literal/insertionRole.js
                    node_modules/aria-query/lib/etc/roles/literal/statusRole.js
                    node_modules/aria-query/lib/etc/roles/literal/buttonRole.js
                    node_modules/aria-query/lib/etc/roles/literal/subscriptRole.js
                    node_modules/aria-query/lib/etc/roles/literal/figureRole.js
                    node_modules/aria-query/lib/etc/roles/literal/regionRole.js
                    node_modules/aria-query/lib/etc/roles/literal/rowgroupRole.js
                    node_modules/aria-query/lib/etc/roles/literal/definitionRole.js
                    node_modules/aria-query/lib/etc/roles/literal/listitemRole.js
                    node_modules/aria-query/lib/etc/roles/literal/tabpanelRole.js
                    node_modules/aria-query/lib/etc/roles/literal/optionRole.js
                    node_modules/aria-query/lib/etc/roles/literal/deletionRole.js
                    node_modules/aria-query/lib/etc/roles/literal/cellRole.js
                    node_modules/aria-query/lib/etc/roles/literal/listboxRole.js
                    node_modules/aria-query/lib/etc/roles/literal/formRole.js
                    node_modules/aria-query/lib/etc/roles/literal/graphicsObjectRole.js
                    node_modules/aria-query/lib/etc/roles/literal/graphicsDocumentRole.js
                    node_modules/aria-query/lib/etc/roles/literal/rowRole.js
                    node_modules/aria-query/lib/etc/roles/literal/bannerRole.js
                    node_modules/aria-query/lib/etc/roles/literal/scrollbarRole.js
                    node_modules/aria-query/lib/etc/roles/literal/searchRole.js
                    node_modules/aria-query/lib/etc/roles/literal/menuitemRole.js
                    node_modules/aria-query/lib/etc/roles/literal/marqueeRole.js
                    node_modules/aria-query/lib/etc/roles/literal/directoryRole.js
                    node_modules/aria-query/lib/etc/roles/literal/blockquoteRole.js
                    node_modules/aria-query/lib/etc/roles/literal/columnheaderRole.js
                    node_modules/aria-query/lib/etc/roles/literal/radiogroupRole.js
                    node_modules/aria-query/lib/etc/roles/literal/applicationRole.js
                    node_modules/aria-query/lib/etc/roles/literal/alertdialogRole.js
                    node_modules/aria-query/lib/etc/roles/literal/tablistRole.js
                    node_modules/aria-query/lib/etc/roles/literal/documentRole.js
                    node_modules/aria-query/lib/etc/roles/literal/captionRole.js
                    node_modules/aria-query/lib/etc/roles/literal/imgRole.js
                    node_modules/aria-query/lib/etc/roles/literal/genericRole.js
                    node_modules/aria-query/lib/etc/roles/literal/separatorRole.js
                    node_modules/aria-query/lib/etc/roles/literal/switchRole.js
                    node_modules/aria-query/lib/etc/roles/literal/codeRole.js
                    node_modules/aria-query/lib/etc/roles/literal/mainRole.js
                    node_modules/aria-query/lib/etc/roles/literal/paragraphRole.js
                    node_modules/aria-query/lib/etc/roles/literal/progressbarRole.js
                    node_modules/aria-query/lib/etc/roles/literal/presentationRole.js
                    node_modules/aria-query/lib/etc/roles/literal/checkboxRole.js
                    node_modules/aria-query/lib/etc/roles/literal/articleRole.js
                    node_modules/aria-query/lib/etc/roles/literal/rowheaderRole.js
                    node_modules/aria-query/lib/etc/roles/literal/gridRole.js
                    node_modules/aria-query/lib/etc/roles/literal/radioRole.js
                    node_modules/aria-query/lib/etc/roles/literal/listRole.js
                    node_modules/aria-query/lib/etc/roles/literal/emphasisRole.js
                    node_modules/aria-query/lib/etc/roles/literal/mathRole.js
                    node_modules/aria-query/lib/etc/roles/literal/graphicsSymbolRole.js
                    node_modules/aria-query/lib/etc/roles/literal/markRole.js
                    node_modules/aria-query/lib/etc/roles/literal/gridcellRole.js
                    node_modules/aria-query/lib/etc/roles/literal/tableRole.js
                    node_modules/aria-query/lib/etc/roles/literal/complementaryRole.js
                    node_modules/aria-query/lib/etc/roles/literal/alertRole.js
                    node_modules/aria-query/lib/etc/roles/literal/menuitemcheckboxRole.js
                    node_modules/aria-query/lib/etc/roles/literal/dialogRole.js
                    node_modules/aria-query/lib/etc/roles/literal/groupRole.js
                    node_modules/aria-query/lib/etc/roles/literal/feedRole.js
                    node_modules/aria-query/lib/etc/roles/literal/sliderRole.js
                    node_modules/aria-query/lib/etc/roles/literal/noneRole.js
                    node_modules/aria-query/lib/etc/roles/ariaGraphicsRoles.js
                    node_modules/aria-query/lib/etc/roles/ariaLiteralRoles.js
                    node_modules/aria-query/lib/etc/roles/ariaDpubRoles.js
                    node_modules/aria-query/lib/etc/roles/ariaAbstractRoles.js
                    node_modules/aria-query/lib/etc/roles/dpub/docPagelistRole.js
                    node_modules/aria-query/lib/etc/roles/dpub/docForewordRole.js
                    node_modules/aria-query/lib/etc/roles/dpub/docAcknowledgmentsRole.js
                    node_modules/aria-query/lib/etc/roles/dpub/docPageheaderRole.js
                    node_modules/aria-query/lib/etc/roles/dpub/docPagebreakRole.js
                    node_modules/aria-query/lib/etc/roles/dpub/docBiblioentryRole.js
                    node_modules/aria-query/lib/etc/roles/dpub/docAbstractRole.js
                    node_modules/aria-query/lib/etc/roles/dpub/docEndnoteRole.js
                    node_modules/aria-query/lib/etc/roles/dpub/docBibliographyRole.js
                    node_modules/aria-query/lib/etc/roles/dpub/docExampleRole.js
                    node_modules/aria-query/lib/etc/roles/dpub/docPrologueRole.js
                    node_modules/aria-query/lib/etc/roles/dpub/docCreditRole.js
                    node_modules/aria-query/lib/etc/roles/dpub/docGlossaryRole.js
                    node_modules/aria-query/lib/etc/roles/dpub/docBibliorefRole.js
                    node_modules/aria-query/lib/etc/roles/dpub/docNoticeRole.js
                    node_modules/aria-query/lib/etc/roles/dpub/docAppendixRole.js
                    node_modules/aria-query/lib/etc/roles/dpub/docColophonRole.js
                    node_modules/aria-query/lib/etc/roles/dpub/docQnaRole.js
                    node_modules/aria-query/lib/etc/roles/dpub/docCoverRole.js
                    node_modules/aria-query/lib/etc/roles/dpub/docIndexRole.js
                    node_modules/aria-query/lib/etc/roles/dpub/docIntroductionRole.js
                    node_modules/aria-query/lib/etc/roles/dpub/docDedicationRole.js
                    node_modules/aria-query/lib/etc/roles/dpub/docConclusionRole.js
                    node_modules/aria-query/lib/etc/roles/dpub/docPartRole.js
                    node_modules/aria-query/lib/etc/roles/dpub/docEpilogueRole.js
                    node_modules/aria-query/lib/etc/roles/dpub/docPagefooterRole.js
                    node_modules/aria-query/lib/etc/roles/dpub/docTocRole.js
                    node_modules/aria-query/lib/etc/roles/dpub/docGlossrefRole.js
                    node_modules/aria-query/lib/etc/roles/dpub/docBacklinkRole.js
                    node_modules/aria-query/lib/etc/roles/dpub/docEpigraphRole.js
                    node_modules/aria-query/lib/etc/roles/dpub/docPullquoteRole.js
                    node_modules/aria-query/lib/etc/roles/dpub/docSubtitleRole.js
                    node_modules/aria-query/lib/etc/roles/dpub/docAfterwordRole.js
                    node_modules/aria-query/lib/etc/roles/dpub/docPrefaceRole.js
                    node_modules/aria-query/lib/etc/roles/dpub/docChapterRole.js
                    node_modules/aria-query/lib/etc/roles/dpub/docErrataRole.js
                    node_modules/aria-query/lib/etc/roles/dpub/docCreditsRole.js
                    node_modules/aria-query/lib/etc/roles/dpub/docFootnoteRole.js
                    node_modules/aria-query/lib/etc/roles/dpub/docTipRole.js
                    node_modules/aria-query/lib/etc/roles/dpub/docEndnotesRole.js
                    node_modules/aria-query/lib/etc/roles/dpub/docNoterefRole.js
                    node_modules/aria-query/lib/etc/roles/graphics/graphicsObjectRole.js
                    node_modules/aria-query/lib/etc/roles/graphics/graphicsDocumentRole.js
                    node_modules/aria-query/lib/etc/roles/graphics/graphicsSymbolRole.js
                    node_modules/aria-query/lib/ariaPropsMap.js
                    node_modules/aria-query/lib/index.js
                    node_modules/aria-query/lib/domMap.js
                    node_modules/aria-query/lib/roleElementMap.js
                    node_modules/aria-query/lib/elementRoleMap.js
                    node_modules/aria-query/lib/rolesMap.js
                    node_modules/nanoid/bin/nanoid.cjs
                    node_modules/nanoid/index.d.cts
                    node_modules/nanoid/index.browser.js
                    node_modules/nanoid/async/index.browser.js
                    node_modules/nanoid/async/index.js
                    node_modules/nanoid/async/package.json
                    node_modules/nanoid/async/index.native.js
                    node_modules/nanoid/async/index.d.ts
                    node_modules/nanoid/index.js
                    node_modules/nanoid/README.md
                    node_modules/nanoid/non-secure/index.js
                    node_modules/nanoid/non-secure/package.json
                    node_modules/nanoid/non-secure/index.cjs
                    node_modules/nanoid/non-secure/index.d.ts
                    node_modules/nanoid/package.json
                    node_modules/nanoid/index.cjs
                    node_modules/nanoid/url-alphabet/index.js
                    node_modules/nanoid/url-alphabet/package.json
                    node_modules/nanoid/url-alphabet/index.cjs
                    node_modules/nanoid/nanoid.js
                    node_modules/nanoid/index.d.ts
                    node_modules/acorn/CHANGELOG.md
                    node_modules/acorn/dist/bin.js
                    node_modules/acorn/dist/acorn.mjs
                    node_modules/acorn/dist/acorn.d.ts
                    node_modules/acorn/dist/acorn.js
                    node_modules/acorn/dist/acorn.d.mts
                    node_modules/acorn/README.md
                    node_modules/acorn/package.json
                    node_modules/sirv/index.d.mts
                    node_modules/sirv/build.mjs
                    node_modules/sirv/index.d.ts
                    node_modules/hast-util-whitespace/readme.md
                    node_modules/hast-util-whitespace/package.json
                    node_modules/hast-util-whitespace/lib/index.d.ts
                    node_modules/hast-util-whitespace/index.d.ts
                    node_modules/remark-parse/readme.md
                    node_modules/remark-parse/lib/index.d.ts
                    node_modules/remark-parse/index.d.ts
                    node_modules/micromark-util-html-tag-name/index.d.ts
                    node_modules/unist-util-is/readme.md
                    node_modules/unist-util-is/lib/index.d.ts
                    node_modules/unist-util-is/lib/index.d.ts.map
                    node_modules/unist-util-is/index.d.ts
                    node_modules/unist-util-is/index.d.ts.map
                    node_modules/micromark-factory-whitespace/readme.md
                    node_modules/micromark-factory-whitespace/dev/index.d.ts
                    node_modules/micromark-factory-whitespace/dev/index.d.ts.map
                    node_modules/micromark-factory-whitespace/index.d.ts
                    node_modules/micromark-factory-whitespace/index.d.ts.map
                    node_modules/hast-util-from-parse5/readme.md
                    node_modules/hast-util-from-parse5/lib/index.d.ts
                    node_modules/hast-util-from-parse5/lib/index.d.ts.map
                    node_modules/hast-util-from-parse5/index.d.ts
                    node_modules/micromark-util-decode-string/readme.md
                    node_modules/micromark-util-decode-string/dev/index.d.ts
                    node_modules/micromark-util-decode-string/dev/index.d.ts.map
                    node_modules/micromark-util-decode-string/index.d.ts
                    node_modules/micromark-util-decode-string/index.d.ts.map
                    node_modules/@tailwindcss/oxide/LICENSE
                    node_modules/@tailwindcss/vite/LICENSE
                    node_modules/@tailwindcss/oxide-darwin-arm64/LICENSE
                    node_modules/@tailwindcss/node/LICENSE
                    node_modules/@tailwindcss/node/dist/require-cache.js
                    node_modules/@tailwindcss/node/dist/index.d.mts
                    node_modules/@tailwindcss/node/dist/esm-cache.loader.mjs
                    node_modules/@tailwindcss/node/dist/esm-cache.loader.d.mts
                    node_modules/@tailwindcss/node/dist/index.mjs
                    node_modules/@tailwindcss/node/dist/index.d.ts
                    node_modules/@tailwindcss/node/dist/require-cache.d.ts
                    node_modules/@tailwindcss/node/README.md
                    node_modules/@tailwindcss/node/package.json
                    node_modules/magic-string/dist/magic-string.es.mjs
                    node_modules/magic-string/dist/magic-string.umd.js.map
                    node_modules/magic-string/dist/magic-string.cjs.d.ts
                    node_modules/magic-string/dist/magic-string.cjs.js.map
                    node_modules/magic-string/dist/magic-string.es.d.mts
                    node_modules/magic-string/dist/magic-string.es.mjs.map
                    node_modules/magic-string/README.md
                    node_modules/magic-string/package.json
                    node_modules/remark-gfm/readme.md
                    node_modules/remark-gfm/lib/index.d.ts
                    node_modules/remark-gfm/index.d.ts
                    node_modules/argparse/CHANGELOG.md
                    node_modules/argparse/README.md
                    node_modules/argparse/package.json
                    node_modules/argparse/lib/textwrap.js
                    node_modules/argparse/lib/sub.js
                    node_modules/picomatch/README.md
                    node_modules/picomatch/posix.js
                    node_modules/picomatch/package.json
                    node_modules/picomatch/lib/picomatch.js
                    node_modules/picomatch/lib/utils.js
                    node_modules/picomatch/lib/scan.js
                    node_modules/hast-util-raw/readme.md
                    node_modules/hast-util-raw/package.json
                    node_modules/hast-util-raw/lib/index.d.ts
                    node_modules/hast-util-raw/lib/index.d.ts.map
                    node_modules/hast-util-raw/index.d.ts
                    node_modules/micromark-extension-gfm/index.d.ts
                    node_modules/chokidar/esm/index.js
                    node_modules/chokidar/esm/package.json
                    node_modules/chokidar/esm/handler.d.ts
                    node_modules/chokidar/esm/index.d.ts
                    node_modules/chokidar/index.js
                    node_modules/chokidar/README.md
                    node_modules/chokidar/package.json
                    node_modules/chokidar/handler.d.ts
                    node_modules/chokidar/index.d.ts
                    node_modules/postcss/README.md
                    node_modules/postcss/package.json
                    node_modules/postcss/lib/postcss.js
                    node_modules/postcss/lib/rule.d.ts
                    node_modules/postcss/lib/lazy-result.d.ts
                    node_modules/postcss/lib/stringifier.js
                    node_modules/postcss/lib/stringify.js
                    node_modules/postcss/lib/css-syntax-error.js
                    node_modules/postcss/lib/previous-map.d.ts
                    node_modules/postcss/lib/postcss.d.mts
                    node_modules/postcss/lib/result.d.ts
                    node_modules/postcss/lib/declaration.js
                    node_modules/postcss/lib/parse.d.ts
                    node_modules/postcss/lib/warning.js
                    node_modules/postcss/lib/processor.js
                    node_modules/postcss/lib/previous-map.js
                    node_modules/postcss/lib/fromJSON.js
                    node_modules/postcss/lib/input.d.ts
                    node_modules/postcss/lib/at-rule.d.ts
                    node_modules/postcss/lib/stringifier.d.ts
                    node_modules/postcss/lib/map-generator.js
                    node_modules/postcss/lib/comment.d.ts
                    node_modules/postcss/lib/declaration.d.ts
                    node_modules/postcss/lib/processor.d.ts
                    node_modules/postcss/lib/list.js
                    node_modules/postcss/lib/warn-once.js
                    node_modules/postcss/lib/lazy-result.js
                    node_modules/postcss/lib/postcss.mjs
                    node_modules/postcss/lib/postcss.d.ts
                    node_modules/postcss/lib/container.d.ts
                    node_modules/postcss/lib/stringify.d.ts
                    node_modules/postcss/lib/document.d.ts
                    node_modules/postcss/lib/node.js
                    node_modules/postcss/lib/parse.js
                    node_modules/postcss/lib/root.js
                    node_modules/postcss/lib/fromJSON.d.ts
                    node_modules/postcss/lib/list.d.ts
                    node_modules/postcss/lib/no-work-result.d.ts
                    node_modules/postcss/lib/tokenize.js
                    node_modules/postcss/lib/rule.js
                    node_modules/postcss/lib/css-syntax-error.d.ts
                    node_modules/postcss/lib/symbols.js
                    node_modules/postcss/lib/no-work-result.js
                    node_modules/postcss/lib/result.js
                    node_modules/postcss/lib/terminal-highlight.js
                    node_modules/postcss/lib/warning.d.ts
                    node_modules/postcss/lib/parser.js
                    node_modules/postcss/lib/node.d.ts
                    node_modules/postcss/lib/root.d.ts
                    node_modules/postcss/lib/input.js
                    node_modules/postcss/lib/document.js
                    node_modules/unified/readme.md
                    node_modules/unified/package.json
                    node_modules/unified/lib/callable-instance.d.ts
                    node_modules/unified/lib/index.d.ts
                    node_modules/unified/lib/callable-instance.d.ts.map
                    node_modules/unified/lib/index.d.ts.map
                    node_modules/unified/index.d.ts
                    node_modules/@ungap/structured-clone/esm/types.js
                    node_modules/@ungap/structured-clone/esm/serialize.js
                    node_modules/@ungap/structured-clone/esm/index.js
                    node_modules/@ungap/structured-clone/esm/json.js
                    node_modules/@ungap/structured-clone/README.md
                    node_modules/@ungap/structured-clone/structured-json.js
                    node_modules/@ungap/structured-clone/package.json
                    node_modules/@ungap/structured-clone/.github/workflows/node.js.yml
                    node_modules/@ungap/structured-clone/cjs/types.js
                    node_modules/@ungap/structured-clone/cjs/serialize.js
                    node_modules/@ungap/structured-clone/cjs/package.json
                    node_modules/@ungap/structured-clone/cjs/json.js
                    node_modules/js-yaml/bin/js-yaml.js
                    node_modules/js-yaml/dist/js-yaml.js.map
                    node_modules/js-yaml/dist/js-yaml.min.js.map
                    node_modules/js-yaml/dist/js-yaml.min.js
                    node_modules/js-yaml/dist/js-yaml.mjs.map
                    node_modules/js-yaml/dist/js-yaml.js
                    node_modules/js-yaml/dist/js-yaml.mjs
                    node_modules/js-yaml/index.js
                    node_modules/js-yaml/README.md
                    node_modules/js-yaml/package.json
                    node_modules/js-yaml/lib/dumper.js
                    node_modules/js-yaml/lib/snippet.js
                    node_modules/js-yaml/lib/type.js
                    node_modules/js-yaml/lib/index_vite_proxy.tmp.mjs
                    node_modules/js-yaml/lib/exception.js
                    node_modules/js-yaml/lib/schema/core.js
                    node_modules/js-yaml/lib/schema/json.js
                    node_modules/js-yaml/lib/schema/default.js
                    node_modules/js-yaml/lib/schema/failsafe.js
                    node_modules/js-yaml/lib/type/pairs.js
                    node_modules/js-yaml/lib/type/null.js
                    node_modules/js-yaml/lib/type/float.js
                    node_modules/js-yaml/lib/type/merge.js
                    node_modules/js-yaml/lib/type/str.js
                    node_modules/js-yaml/lib/type/omap.js
                    node_modules/js-yaml/lib/type/set.js
                    node_modules/js-yaml/lib/type/timestamp.js
                    node_modules/js-yaml/lib/type/seq.js
                    node_modules/js-yaml/lib/type/int.js
                    node_modules/js-yaml/lib/type/map.js
                    node_modules/js-yaml/lib/schema.js
                    node_modules/js-yaml/lib/common.js
                    node_modules/js-yaml/lib/loader.js
                    node_modules/micromark-extension-gfm-strikethrough/index.js
                    node_modules/micromark-extension-gfm-strikethrough/readme.md
                    node_modules/micromark-extension-gfm-strikethrough/package.json
                    node_modules/micromark-extension-gfm-strikethrough/lib/html.d.ts
                    node_modules/micromark-extension-gfm-strikethrough/lib/syntax.js
                    node_modules/micromark-extension-gfm-strikethrough/lib/syntax.d.ts
                    node_modules/micromark-extension-gfm-strikethrough/dev/index.js
                    node_modules/micromark-extension-gfm-strikethrough/dev/lib/html.d.ts
                    node_modules/micromark-extension-gfm-strikethrough/dev/lib/syntax.js
                    node_modules/micromark-extension-gfm-strikethrough/dev/lib/syntax.d.ts
                    node_modules/micromark-extension-gfm-strikethrough/dev/index.d.ts
                    node_modules/micromark-extension-gfm-strikethrough/index.d.ts
                    node_modules/remark-stringify/lib/index.d.ts
                    node_modules/remark-stringify/index.d.ts
                    node_modules/hast-util-to-html/index.js
                    node_modules/hast-util-to-html/readme.md
                    node_modules/hast-util-to-html/package.json
                    node_modules/hast-util-to-html/lib/handle/element.js
                    node_modules/hast-util-to-html/lib/handle/root.d.ts.map
                    node_modules/hast-util-to-html/lib/handle/element.d.ts.map
                    node_modules/hast-util-to-html/lib/handle/raw.d.ts
                    node_modules/hast-util-to-html/lib/handle/comment.d.ts
                    node_modules/hast-util-to-html/lib/handle/raw.js
                    node_modules/hast-util-to-html/lib/handle/index.js
                    node_modules/hast-util-to-html/lib/handle/comment.js
                    node_modules/hast-util-to-html/lib/handle/text.d.ts.map
                    node_modules/hast-util-to-html/lib/handle/doctype.d.ts
                    node_modules/hast-util-to-html/lib/handle/root.js
                    node_modules/hast-util-to-html/lib/handle/comment.d.ts.map
                    node_modules/hast-util-to-html/lib/handle/doctype.d.ts.map
                    node_modules/hast-util-to-html/lib/handle/raw.d.ts.map
                    node_modules/hast-util-to-html/lib/handle/index.d.ts
                    node_modules/hast-util-to-html/lib/handle/text.d.ts
                    node_modules/hast-util-to-html/lib/handle/doctype.js
                    node_modules/hast-util-to-html/lib/handle/root.d.ts
                    node_modules/hast-util-to-html/lib/handle/element.d.ts
                    node_modules/hast-util-to-html/lib/handle/text.js
                    node_modules/hast-util-to-html/lib/handle/index.d.ts.map
                    node_modules/hast-util-to-html/lib/index.js
                    node_modules/hast-util-to-html/lib/omission/opening.js
                    node_modules/hast-util-to-html/lib/omission/closing.d.ts
                    node_modules/hast-util-to-html/lib/omission/closing.d.ts.map
                    node_modules/hast-util-to-html/lib/omission/opening.d.ts
                    node_modules/hast-util-to-html/lib/omission/util/siblings.d.ts
                    node_modules/hast-util-to-html/lib/omission/util/siblings.d.ts.map
                    node_modules/hast-util-to-html/lib/omission/util/siblings.js
                    node_modules/hast-util-to-html/lib/omission/opening.d.ts.map
                    node_modules/hast-util-to-html/lib/omission/omission.d.ts.map
                    node_modules/hast-util-to-html/lib/omission/omission.js
                    node_modules/hast-util-to-html/lib/omission/omission.d.ts
                    node_modules/hast-util-to-html/lib/index.d.ts
                    node_modules/hast-util-to-html/lib/index.d.ts.map
                    node_modules/hast-util-to-html/index.d.ts
                    node_modules/hast-util-to-html/index.d.ts.map
                    node_modules/deepmerge/changelog.md
                    node_modules/deepmerge/readme.md
                    node_modules/deepmerge/package.json
                    node_modules/deepmerge/license.txt
                    node_modules/deepmerge/index.d.ts
                    node_modules/micromark-factory-title/dev/index.d.ts
                    node_modules/micromark-factory-title/index.d.ts
                    node_modules/decode-named-character-reference/index.dom.d.ts
                    node_modules/decode-named-character-reference/index.d.ts
                    node_modules/mdast-util-find-and-replace/readme.md
                    node_modules/mdast-util-find-and-replace/lib/index.d.ts
                    node_modules/mdast-util-find-and-replace/index.d.ts
                    node_modules/hastscript/readme.md
                    node_modules/hastscript/package.json
                    node_modules/hastscript/lib/jsx-automatic.js
                    node_modules/hastscript/lib/jsx-classic.d.ts
                    node_modules/hastscript/lib/automatic-runtime-svg.d.ts.map
                    node_modules/hastscript/lib/create-h.d.ts.map
                    node_modules/hastscript/lib/automatic-runtime-svg.d.ts
                    node_modules/hastscript/lib/jsx-classic.js
                    node_modules/hastscript/lib/create-h.d.ts
                    node_modules/hastscript/lib/svg-case-sensitive-tag-names.js
                    node_modules/hastscript/lib/create-automatic-runtime.d.ts
                    node_modules/hastscript/lib/create-automatic-runtime.d.ts.map
                    node_modules/hastscript/lib/index.d.ts
                    node_modules/hastscript/lib/svg-case-sensitive-tag-names.d.ts.map
                    node_modules/hastscript/lib/jsx-automatic.d.ts
                    node_modules/hastscript/lib/automatic-runtime-html.d.ts
                    node_modules/hastscript/lib/svg-case-sensitive-tag-names.d.ts
                    node_modules/hastscript/lib/index.d.ts.map
                    node_modules/hastscript/index.d.ts
                    node_modules/hastscript/index.d.ts.map
                    node_modules/micromark-util-classify-character/dev/index.d.ts
                    node_modules/micromark-util-classify-character/index.d.ts
                    node_modules/micromark-util-decode-numeric-character-reference/dev/index.d.ts
                    node_modules/micromark-util-decode-numeric-character-reference/index.d.ts
                    node_modules/enhanced-resolve/types.d.ts
                    node_modules/enhanced-resolve/README.md
                    node_modules/enhanced-resolve/package.json
                    node_modules/enhanced-resolve/lib/JoinRequestPlugin.js
                    node_modules/enhanced-resolve/lib/getPaths.js
                    node_modules/enhanced-resolve/lib/NextPlugin.js
                    node_modules/enhanced-resolve/lib/ResolverFactory.js
                    node_modules/enhanced-resolve/lib/ModulesInRootPlugin.js
                    node_modules/enhanced-resolve/lib/LogInfoPlugin.js
                    node_modules/enhanced-resolve/lib/ExportsFieldPlugin.js
                    node_modules/enhanced-resolve/lib/SyncAsyncFileSystemDecorator.js
                    node_modules/enhanced-resolve/lib/util/graceful-fs-browser.js
                    node_modules/enhanced-resolve/lib/util/module-browser.js
                    node_modules/enhanced-resolve/lib/util/memoize.js
                    node_modules/enhanced-resolve/lib/util/url-browser.js
                    node_modules/enhanced-resolve/lib/util/fileURLToPath.js
                    node_modules/enhanced-resolve/lib/util/path-browser.js
                    node_modules/enhanced-resolve/lib/util/identifier.js
                    node_modules/enhanced-resolve/lib/util/process-browser.js
                    node_modules/enhanced-resolve/lib/util/path.js
                    node_modules/enhanced-resolve/lib/util/strip-json-comments.js
                    node_modules/enhanced-resolve/lib/util/entrypoints.js
[33mYAML Exception reading /Users/spencer/Documents/GitHub/sorter-v2-04/docs/src/content/hardware/electronics/psu-pigtail.md: (<unknown>): mapping values are not allowed in this context at line 8 column 64 [0m
[33mYAML Exception reading /Users/spencer/Documents/GitHub/sorter-v2-04/docs/src/content/lab/operation-target-10ppm-2026-04-25.md: (<unknown>): mapping values are not allowed in this context at line 11 column 68 [0m
[33m     Build Warning: Layout 'default' requested in src/content/hardware/BOM.md does not exist.[0m
[33m     Build Warning: Layout 'default' requested in src/content/hardware/assembly/feeder/arranging-c-channels.md does not exist.[0m
[31m  Liquid Exception: Could not locate the included file 'fastener-legend.html' in any of ["/Users/spencer/Documents/GitHub/sorter-v2-04/docs/_includes"]. Ensure it exists in one of those directories and, if it is a symlink, does not point outside your site source. in src/content/hardware/assembly/distribution/bin-frame/bottom-interface.md[0m
[33m             Error: Could not locate the included file 'fastener-legend.html' in any of ["/Users/spencer/Documents/GitHub/sorter-v2-04/docs/_includes"]. Ensure it exists in one of those directories and, if it is a symlink, does not point outside your site source.[0m
[33m             Error: Run jekyll build --trace for more information.[0m
                    
      Regenerating: 1515 file(s) changed at 2026-08-20 21:16:46
                    node_modules/enhanced-resolve/lib/AppendPlugin.js
                    node_modules/micromark-util-chunked/readme.md
                    node_modules/fdir/README.md
                    node_modules/readdirp/README.md
                    node_modules/zimmerframe/types/index.d.ts
                    node_modules/micromark-factory-space/readme.md
                    node_modules/remark-rehype/readme.md
                    node_modules/mdast-util-to-markdown/lib/handle/break.js
                    node_modules/mdast-util-gfm-table/index.d.ts
                    node_modules/clsx/dist/lite.mjs
                    node_modules/mdast-util-from-markdown/lib/index.js
                    node_modules/vite/dist/node/chunks/build2.js
                    node_modules/trough/index.d.ts
                    node_modules/micromark-extension-gfm-task-list-item/dev/lib/syntax.js
                    node_modules/micromark/dev/lib/constructs.js
                    node_modules/axobject-query/lib/etc/objects/AudioRole.js
                    node_modules/vfile/lib/minproc.js
                    node_modules/micromark-util-character/dev/index.d.ts
                    node_modules/micromark-util-symbol/lib/types.d.ts.map
                    node_modules/svelte-check/dist/src/index.js
                    node_modules/esbuild/lib/main.d.ts
                    node_modules/@jridgewell/sourcemap-codec/dist/sourcemap-codec.umd.js.map
                    node_modules/@jridgewell/remapping/types/source-map.d.mts.map
                    node_modules/tailwindcss/dist/lib.js
                    node_modules/entities/dist/esm/encode.js
                    node_modules/lightningcss/node/ast.d.ts
                    node_modules/liquidjs/dist/liquid.node.js
                    node_modules/@esbuild/darwin-arm64/bin/esbuild
                    node_modules/jiti/dist/babel.cjs
                    node_modules/lightningcss-darwin-arm64/lightningcss.darwin-arm64.node
                    node_modules/enhanced-resolve/lib/util/fs.js
                    node_modules/enhanced-resolve/lib/createInnerContext.js
                    node_modules/enhanced-resolve/lib/ParsePlugin.js
                    node_modules/enhanced-resolve/lib/UseFilePlugin.js
                    node_modules/enhanced-resolve/lib/RootsPlugin.js
                    node_modules/enhanced-resolve/lib/ModulesInHierarchicalDirectoriesPlugin.js
                    node_modules/enhanced-resolve/lib/ExtensionAliasPlugin.js
                    node_modules/enhanced-resolve/lib/CloneBasenamePlugin.js
                    node_modules/enhanced-resolve/lib/index.js
                    node_modules/enhanced-resolve/lib/JoinRequestPartPlugin.js
                    node_modules/enhanced-resolve/lib/FileExistsPlugin.js
                    node_modules/enhanced-resolve/lib/MainFieldPlugin.js
                    node_modules/enhanced-resolve/lib/ImportsFieldPlugin.js
                    node_modules/enhanced-resolve/lib/ConditionalPlugin.js
                    node_modules/enhanced-resolve/lib/getInnerRequest.js
                    node_modules/enhanced-resolve/lib/UnsafeCachePlugin.js
                    node_modules/enhanced-resolve/lib/SelfReferencePlugin.js
                    node_modules/enhanced-resolve/lib/SymlinkPlugin.js
                    node_modules/enhanced-resolve/lib/forEachBail.js
                    node_modules/enhanced-resolve/lib/DescriptionFilePlugin.js
                    node_modules/enhanced-resolve/lib/PnpPlugin.js
                    node_modules/enhanced-resolve/lib/DescriptionFileUtils.js
                    node_modules/enhanced-resolve/lib/ModulesInHierachicDirectoriesPlugin.js
                    node_modules/enhanced-resolve/lib/TryNextPlugin.js
                    node_modules/enhanced-resolve/lib/TsconfigPathsPlugin.js
                    node_modules/enhanced-resolve/lib/ResultPlugin.js
                    node_modules/enhanced-resolve/lib/RestrictionsPlugin.js
                    node_modules/enhanced-resolve/lib/CachedInputFileSystem.js
                    node_modules/enhanced-resolve/lib/ModulesUtils.js
                    node_modules/enhanced-resolve/lib/DirectoryExistsPlugin.js
                    node_modules/enhanced-resolve/lib/Resolver.js
                    node_modules/micromark-util-chunked/dev/index.d.ts
                    node_modules/micromark-util-chunked/index.d.ts
                    node_modules/fdir/dist/index.d.mts
                    node_modules/fdir/dist/index.mjs
                    node_modules/readdirp/esm/index.d.ts
                    node_modules/readdirp/index.d.ts
                    node_modules/zimmerframe/src/types.d.ts
                    node_modules/micromark-factory-space/dev/index.d.ts
                    node_modules/micromark-factory-space/index.d.ts
                    node_modules/remark-rehype/lib/index.d.ts
                    node_modules/remark-rehype/index.d.ts
                    node_modules/mdast-util-to-markdown/index.js
                    node_modules/mdast-util-to-markdown/readme.md
                    node_modules/mdast-util-to-markdown/package.json
                    node_modules/mdast-util-to-markdown/lib/unsafe.d.ts
                    node_modules/mdast-util-to-markdown/lib/join.d.ts.map
                    node_modules/mdast-util-to-markdown/lib/join.js
                    node_modules/mdast-util-to-markdown/lib/types.js
                    node_modules/mdast-util-to-markdown/lib/util/check-quote.d.ts
                    node_modules/mdast-util-to-markdown/lib/util/format-code-as-indented.d.ts
                    node_modules/mdast-util-to-markdown/lib/util/check-fence.d.ts
                    node_modules/mdast-util-to-markdown/lib/util/check-list-item-indent.js
                    node_modules/mdast-util-to-markdown/lib/util/format-code-as-indented.js
                    node_modules/mdast-util-to-markdown/lib/util/pattern-in-scope.d.ts
                    node_modules/mdast-util-to-markdown/lib/util/check-fence.d.ts.map
                    node_modules/mdast-util-to-markdown/lib/util/check-rule-repetition.js
                    node_modules/mdast-util-to-markdown/lib/util/encode-character-reference.d.ts
                    node_modules/mdast-util-to-markdown/lib/util/track.js
                    node_modules/mdast-util-to-markdown/lib/util/encode-info.d.ts
                    node_modules/mdast-util-to-markdown/lib/util/encode-character-reference.d.ts.map
                    node_modules/mdast-util-to-markdown/lib/util/track.d.ts.map
                    node_modules/mdast-util-to-markdown/lib/util/compile-pattern.d.ts.map
                    node_modules/mdast-util-to-markdown/lib/util/safe.d.ts.map
                    node_modules/mdast-util-to-markdown/lib/util/container-flow.js
                    node_modules/mdast-util-to-markdown/lib/util/container-phrasing.js
                    node_modules/mdast-util-to-markdown/lib/util/emphasis-strong-marker.d.ts.map
                    node_modules/mdast-util-to-markdown/lib/util/format-heading-as-setext.js
                    node_modules/mdast-util-to-markdown/lib/util/container-phrasing.d.ts.map
                    node_modules/mdast-util-to-markdown/lib/util/check-emphasis.d.ts
                    node_modules/mdast-util-to-markdown/lib/util/association.d.ts
                    node_modules/mdast-util-to-markdown/lib/util/container-flow.d.ts.map
                    node_modules/mdast-util-to-markdown/lib/util/emphasis-strong-marker.d.ts
                    node_modules/mdast-util-to-markdown/lib/util/check-bullet-other.d.ts
                    node_modules/mdast-util-to-markdown/lib/util/check-bullet-ordered.d.ts.map
                    node_modules/mdast-util-to-markdown/lib/util/check-rule.d.ts
                    node_modules/mdast-util-to-markdown/lib/util/format-link-as-autolink.d.ts.map
                    node_modules/mdast-util-to-markdown/lib/util/check-bullet-other.d.ts.map
                    node_modules/mdast-util-to-markdown/lib/util/encode-info.js
                    node_modules/mdast-util-to-markdown/lib/util/association.d.ts.map
                    node_modules/mdast-util-to-markdown/lib/util/check-rule-repetition.d.ts
                    node_modules/mdast-util-to-markdown/lib/util/check-bullet-other.js
                    node_modules/mdast-util-to-markdown/lib/util/check-bullet.d.ts
                    node_modules/mdast-util-to-markdown/lib/util/compile-pattern.js
                    node_modules/mdast-util-to-markdown/lib/util/compile-pattern.d.ts
                    node_modules/mdast-util-to-markdown/lib/util/pattern-in-scope.js
                    node_modules/mdast-util-to-markdown/lib/util/format-heading-as-setext.d.ts.map
                    node_modules/mdast-util-to-markdown/lib/util/format-link-as-autolink.d.ts
                    node_modules/mdast-util-to-markdown/lib/util/safe.js
                    node_modules/mdast-util-to-markdown/lib/util/container-phrasing.d.ts
                    node_modules/mdast-util-to-markdown/lib/util/check-emphasis.d.ts.map
                    node_modules/mdast-util-to-markdown/lib/util/format-link-as-autolink.js
                    node_modules/mdast-util-to-markdown/lib/util/encode-character-reference.js
                    node_modules/mdast-util-to-markdown/lib/util/check-list-item-indent.d.ts.map
                    node_modules/mdast-util-to-markdown/lib/util/check-strong.js
                    node_modules/mdast-util-to-markdown/lib/util/encode-info.d.ts.map
                    node_modules/mdast-util-to-markdown/lib/util/check-list-item-indent.d.ts
                    node_modules/mdast-util-to-markdown/lib/util/check-bullet-ordered.js
                    node_modules/mdast-util-to-markdown/lib/util/check-emphasis.js
                    node_modules/mdast-util-to-markdown/lib/util/check-fence.js
                    node_modules/mdast-util-to-markdown/lib/util/check-quote.js
                    node_modules/mdast-util-to-markdown/lib/util/container-flow.d.ts
                    node_modules/mdast-util-to-markdown/lib/util/check-strong.d.ts
                    node_modules/mdast-util-to-markdown/lib/util/check-bullet-ordered.d.ts
                    node_modules/mdast-util-to-markdown/lib/util/check-rule.d.ts.map
                    node_modules/mdast-util-to-markdown/lib/util/indent-lines.js
                    node_modules/mdast-util-to-markdown/lib/util/track.d.ts
                    node_modules/mdast-util-to-markdown/lib/util/indent-lines.d.ts.map
                    node_modules/mdast-util-to-markdown/lib/util/format-code-as-indented.d.ts.map
                    node_modules/mdast-util-to-markdown/lib/util/check-strong.d.ts.map
                    node_modules/mdast-util-to-markdown/lib/util/check-bullet.js
                    node_modules/mdast-util-to-markdown/lib/util/check-rule.js
                    node_modules/mdast-util-to-markdown/lib/util/safe.d.ts
                    node_modules/mdast-util-to-markdown/lib/util/check-quote.d.ts.map
                    node_modules/mdast-util-to-markdown/lib/util/indent-lines.d.ts
                    node_modules/mdast-util-to-markdown/lib/util/check-bullet.d.ts.map
                    node_modules/mdast-util-to-markdown/lib/util/check-rule-repetition.d.ts.map
                    node_modules/mdast-util-to-markdown/lib/util/format-heading-as-setext.d.ts
                    node_modules/mdast-util-to-markdown/lib/util/pattern-in-scope.d.ts.map
                    node_modules/mdast-util-to-markdown/lib/handle/html.js
                    node_modules/mdast-util-to-markdown/lib/handle/emphasis.d.ts
                    node_modules/mdast-util-to-markdown/lib/handle/code.d.ts.map
                    node_modules/mdast-util-to-markdown/lib/handle/list-item.d.ts.map
                    node_modules/mdast-util-to-markdown/lib/handle/thematic-break.js
                    node_modules/mdast-util-to-markdown/lib/handle/break.d.ts
                    node_modules/mdast-util-to-markdown/lib/handle/root.d.ts.map
                    node_modules/mdast-util-to-markdown/lib/handle/paragraph.d.ts
                    node_modules/mdast-util-to-markdown/lib/handle/heading.d.ts.map
                    node_modules/mdast-util-to-markdown/lib/handle/link.d.ts.map
                    node_modules/mdast-util-to-markdown/lib/handle/thematic-break.d.ts.map
                    node_modules/mdast-util-to-markdown/lib/handle/code.d.ts
                    node_modules/mdast-util-to-markdown/lib/handle/inline-code.d.ts.map
                    node_modules/mdast-util-to-markdown/lib/handle/code.js
                    node_modules/mdast-util-to-markdown/lib/handle/image-reference.js
                    node_modules/mdast-util-to-markdown/lib/handle/link-reference.d.ts
                    node_modules/mdast-util-to-markdown/lib/handle/blockquote.d.ts
                    node_modules/mdast-util-to-markdown/lib/handle/link.js
                    node_modules/mdast-util-to-markdown/lib/handle/blockquote.d.ts.map
                    node_modules/mdast-util-to-markdown/lib/handle/index.js
                    node_modules/mdast-util-to-markdown/lib/handle/inline-code.d.ts
                    node_modules/mdast-util-to-markdown/lib/handle/list.js
                    node_modules/mdast-util-to-markdown/lib/handle/list-item.js
                    node_modules/mdast-util-to-markdown/lib/handle/link-reference.d.ts.map
                    node_modules/mdast-util-to-markdown/lib/handle/text.d.ts.map
                    node_modules/mdast-util-to-markdown/lib/handle/emphasis.js
                    node_modules/mdast-util-to-markdown/lib/handle/image-reference.d.ts.map
                    node_modules/mdast-util-to-markdown/lib/handle/list-item.d.ts
                    node_modules/mdast-util-to-markdown/lib/handle/root.js
                    node_modules/mdast-util-to-markdown/lib/handle/emphasis.d.ts.map
                    node_modules/mdast-util-to-markdown/lib/handle/break.d.ts.map
                    node_modules/mdast-util-to-markdown/lib/handle/image.js
                    node_modules/mdast-util-to-markdown/lib/handle/list.d.ts
                    node_modules/mdast-util-to-markdown/lib/handle/link-reference.js
                    node_modules/mdast-util-to-markdown/lib/handle/image.d.ts.map
                    node_modules/mdast-util-to-markdown/lib/handle/strong.js
                    node_modules/mdast-util-to-markdown/lib/handle/paragraph.d.ts.map
                    node_modules/mdast-util-to-markdown/lib/handle/html.d.ts
                    node_modules/mdast-util-to-markdown/lib/handle/heading.d.ts
                    node_modules/mdast-util-to-markdown/lib/handle/inline-code.js
                    node_modules/mdast-util-to-markdown/lib/handle/heading.js
                    node_modules/mdast-util-to-markdown/lib/handle/index.d.ts
                    node_modules/mdast-util-to-markdown/lib/handle/strong.d.ts
                    node_modules/mdast-util-to-markdown/lib/handle/thematic-break.d.ts
                    node_modules/mdast-util-to-markdown/lib/handle/link.d.ts
                    node_modules/mdast-util-to-markdown/lib/handle/image-reference.d.ts
                    node_modules/mdast-util-to-markdown/lib/handle/text.d.ts
                    node_modules/mdast-util-to-markdown/lib/handle/image.d.ts
                    node_modules/mdast-util-to-markdown/lib/handle/root.d.ts
                    node_modules/mdast-util-to-markdown/lib/handle/paragraph.js
                    node_modules/mdast-util-to-markdown/lib/handle/text.js
                    node_modules/mdast-util-to-markdown/lib/handle/html.d.ts.map
                    node_modules/mdast-util-to-markdown/lib/handle/definition.d.ts
                    node_modules/mdast-util-to-markdown/lib/handle/definition.d.ts.map
                    node_modules/mdast-util-to-markdown/lib/handle/definition.js
                    node_modules/mdast-util-to-markdown/lib/handle/index.d.ts.map
                    node_modules/mdast-util-to-markdown/lib/handle/list.d.ts.map
                    node_modules/mdast-util-to-markdown/lib/handle/strong.d.ts.map
                    node_modules/mdast-util-to-markdown/lib/types.d.ts
                    node_modules/mdast-util-to-markdown/lib/configure.d.ts
                    node_modules/mdast-util-to-markdown/lib/index.js
                    node_modules/mdast-util-to-markdown/lib/configure.js
                    node_modules/mdast-util-to-markdown/lib/unsafe.js
                    node_modules/mdast-util-to-markdown/lib/index.d.ts
                    node_modules/mdast-util-to-markdown/lib/configure.d.ts.map
                    node_modules/mdast-util-to-markdown/lib/unsafe.d.ts.map
                    node_modules/mdast-util-to-markdown/lib/index.d.ts.map
                    node_modules/mdast-util-to-markdown/lib/join.d.ts
                    node_modules/mdast-util-to-markdown/index.d.ts
                    node_modules/mdast-util-gfm-table/lib/index.d.ts
                    node_modules/clsx/clsx.d.mts
                    node_modules/clsx/clsx.d.ts
                    node_modules/mdast-util-from-markdown/readme.md
                    node_modules/mdast-util-from-markdown/package.json
                    node_modules/mdast-util-from-markdown/lib/types.js
                    node_modules/mdast-util-from-markdown/lib/types.d.ts
                    node_modules/mdast-util-from-markdown/lib/index.d.ts
                    node_modules/mdast-util-from-markdown/lib/index.d.ts.map
                    node_modules/mdast-util-from-markdown/dev/lib/types.js
                    node_modules/mdast-util-from-markdown/dev/lib/types.d.ts
                    node_modules/mdast-util-from-markdown/dev/lib/index.d.ts
                    node_modules/mdast-util-from-markdown/dev/lib/index.d.ts.map
                    node_modules/mdast-util-from-markdown/dev/index.d.ts
                    node_modules/mdast-util-from-markdown/index.d.ts
                    node_modules/vite/misc/true.js
                    node_modules/vite/misc/false.js
                    node_modules/vite/LICENSE.md
                    node_modules/vite/types/hmrPayload.d.ts
                    node_modules/vite/types/internal/lightningcssOptions.d.ts
                    node_modules/vite/types/internal/cssPreprocessorOptions.d.ts
                    node_modules/vite/types/internal/terserOptions.d.ts
                    node_modules/vite/types/hot.d.ts
                    node_modules/vite/types/metadata.d.ts
                    node_modules/vite/types/customEvent.d.ts
                    node_modules/vite/types/importGlob.d.ts
                    node_modules/vite/types/package.json
                    node_modules/vite/types/importMeta.d.ts
                    node_modules/vite/types/import-meta.d.ts
                    node_modules/vite/bin/openChrome.js
                    node_modules/vite/bin/vite.js
                    node_modules/vite/dist/node/module-runner.js
                    node_modules/vite/dist/node/index.js
                    node_modules/vite/dist/node/chunks/chunk.js
                    node_modules/vite/dist/node/chunks/logger.js
                    node_modules/vite/dist/node/chunks/config2.js
                    node_modules/vite/dist/node/chunks/server.js
                    node_modules/vite/dist/node/chunks/postcss-import.js
                    node_modules/vite/dist/node/chunks/preview.js
                    node_modules/vite/dist/node/chunks/lib.js
                    node_modules/vite/dist/node/chunks/config.js
                    node_modules/vite/dist/node/chunks/moduleRunnerTransport.d.ts
                    node_modules/vite/dist/node/chunks/dist.js
                    node_modules/vite/dist/node/chunks/optimizer.js
                    node_modules/vite/dist/node/module-runner.d.ts
                    node_modules/vite/dist/node/cli.js
                    node_modules/vite/dist/node/index.d.ts
                    node_modules/vite/dist/client/client.mjs
                    node_modules/vite/dist/client/env.mjs
                    node_modules/vite/README.md
                    node_modules/vite/package.json
                    node_modules/vite/client.d.ts
                    node_modules/trough/lib/index.d.ts
                    node_modules/micromark-extension-gfm-task-list-item/readme.md
                    node_modules/micromark-extension-gfm-task-list-item/package.json
                    node_modules/micromark-extension-gfm-task-list-item/lib/html.d.ts
                    node_modules/micromark-extension-gfm-task-list-item/lib/syntax.js
                    node_modules/micromark-extension-gfm-task-list-item/lib/syntax.d.ts
                    node_modules/micromark-extension-gfm-task-list-item/dev/lib/html.d.ts
                    node_modules/micromark-extension-gfm-task-list-item/dev/lib/syntax.d.ts
                    node_modules/micromark-extension-gfm-task-list-item/dev/index.d.ts
                    node_modules/micromark-extension-gfm-task-list-item/index.d.ts
                    node_modules/micromark-extension-gfm-table/index.js
                    node_modules/micromark-extension-gfm-table/readme.md
                    node_modules/micromark-extension-gfm-table/package.json
                    node_modules/micromark-extension-gfm-table/lib/edit-map.d.ts
                    node_modules/micromark-extension-gfm-table/lib/edit-map.d.ts.map
                    node_modules/micromark-extension-gfm-table/lib/syntax.d.ts.map
                    node_modules/micromark-extension-gfm-table/lib/infer.d.ts.map
                    node_modules/micromark-extension-gfm-table/lib/infer.d.ts
                    node_modules/micromark-extension-gfm-table/lib/html.d.ts
                    node_modules/micromark-extension-gfm-table/lib/syntax.js
                    node_modules/micromark-extension-gfm-table/lib/infer.js
                    node_modules/micromark-extension-gfm-table/lib/syntax.d.ts
                    node_modules/micromark-extension-gfm-table/lib/html.d.ts.map
                    node_modules/micromark-extension-gfm-table/dev/index.js
                    node_modules/micromark-extension-gfm-table/dev/lib/edit-map.d.ts
                    node_modules/micromark-extension-gfm-table/dev/lib/edit-map.d.ts.map
                    node_modules/micromark-extension-gfm-table/dev/lib/syntax.d.ts.map
                    node_modules/micromark-extension-gfm-table/dev/lib/infer.d.ts.map
                    node_modules/micromark-extension-gfm-table/dev/lib/infer.d.ts
                    node_modules/micromark-extension-gfm-table/dev/lib/html.d.ts
                    node_modules/micromark-extension-gfm-table/dev/lib/syntax.js
                    node_modules/micromark-extension-gfm-table/dev/lib/infer.js
                    node_modules/micromark-extension-gfm-table/dev/lib/syntax.d.ts
                    node_modules/micromark-extension-gfm-table/dev/lib/html.d.ts.map
                    node_modules/micromark-extension-gfm-table/dev/index.d.ts
                    node_modules/micromark-extension-gfm-table/index.d.ts
                    node_modules/micromark/stream.d.ts.map
                    node_modules/micromark/stream.js
                    node_modules/micromark/index.js
                    node_modules/micromark/stream.d.ts
                    node_modules/micromark/readme.md
                    node_modules/micromark/package.json
                    node_modules/micromark/lib/constructs.d.ts
                    node_modules/micromark/lib/create-tokenizer.js
                    node_modules/micromark/lib/parse.d.ts
                    node_modules/micromark/lib/postprocess.d.ts.map
                    node_modules/micromark/lib/postprocess.js
                    node_modules/micromark/lib/initialize/content.d.ts
                    node_modules/micromark/lib/initialize/content.d.ts.map
                    node_modules/micromark/lib/initialize/flow.js
                    node_modules/micromark/lib/initialize/flow.d.ts
                    node_modules/micromark/lib/initialize/text.d.ts.map
                    node_modules/micromark/lib/initialize/document.d.ts
                    node_modules/micromark/lib/initialize/flow.d.ts.map
                    node_modules/micromark/lib/initialize/document.d.ts.map
                    node_modules/micromark/lib/initialize/content.js
                    node_modules/micromark/lib/initialize/text.d.ts
                    node_modules/micromark/lib/initialize/text.js
                    node_modules/micromark/lib/initialize/document.js
                    node_modules/micromark/lib/preprocess.js
                    node_modules/micromark/lib/parse.js
                    node_modules/micromark/lib/postprocess.d.ts
                    node_modules/micromark/lib/constructs.js
                    node_modules/micromark/lib/compile.d.ts.map
                    node_modules/micromark/lib/create-tokenizer.d.ts
                    node_modules/micromark/lib/preprocess.d.ts
                    node_modules/micromark/lib/preprocess.d.ts.map
                    node_modules/micromark/lib/create-tokenizer.d.ts.map
                    node_modules/micromark/lib/constructs.d.ts.map
                    node_modules/micromark/lib/compile.d.ts
                    node_modules/micromark/lib/parse.d.ts.map
                    node_modules/micromark/dev/stream.d.ts.map
                    node_modules/micromark/dev/stream.js
                    node_modules/micromark/dev/index.js
                    node_modules/micromark/dev/stream.d.ts
                    node_modules/micromark/dev/lib/constructs.d.ts
                    node_modules/micromark/dev/lib/create-tokenizer.js
                    node_modules/micromark/dev/lib/parse.d.ts
                    node_modules/micromark/dev/lib/postprocess.d.ts.map
                    node_modules/micromark/dev/lib/postprocess.js
                    node_modules/micromark/dev/lib/initialize/content.d.ts
                    node_modules/micromark/dev/lib/initialize/content.d.ts.map
                    node_modules/micromark/dev/lib/initialize/flow.js
                    node_modules/micromark/dev/lib/initialize/flow.d.ts
                    node_modules/micromark/dev/lib/initialize/text.d.ts.map
                    node_modules/micromark/dev/lib/initialize/document.d.ts
                    node_modules/micromark/dev/lib/initialize/flow.d.ts.map
                    node_modules/micromark/dev/lib/initialize/document.d.ts.map
                    node_modules/micromark/dev/lib/initialize/content.js
                    node_modules/micromark/dev/lib/initialize/text.d.ts
                    node_modules/micromark/dev/lib/initialize/text.js
                    node_modules/micromark/dev/lib/initialize/document.js
                    node_modules/micromark/dev/lib/preprocess.js
                    node_modules/micromark/dev/lib/parse.js
                    node_modules/micromark/dev/lib/postprocess.d.ts
                    node_modules/micromark/dev/lib/compile.d.ts.map
                    node_modules/micromark/dev/lib/create-tokenizer.d.ts
                    node_modules/micromark/dev/lib/preprocess.d.ts
                    node_modules/micromark/dev/lib/preprocess.d.ts.map
                    node_modules/micromark/dev/lib/create-tokenizer.d.ts.map
                    node_modules/micromark/dev/lib/constructs.d.ts.map
                    node_modules/micromark/dev/lib/compile.d.ts
                    node_modules/micromark/dev/lib/parse.d.ts.map
                    node_modules/micromark/dev/index.d.ts
                    node_modules/micromark/dev/index.d.ts.map
                    node_modules/micromark/index.d.ts
                    node_modules/micromark/index.d.ts.map
                    node_modules/rollup/LICENSE.md
                    node_modules/rollup/dist/parseAst.d.ts
                    node_modules/rollup/dist/native.js
                    node_modules/rollup/dist/rollup.js
                    node_modules/rollup/dist/parseAst.js
                    node_modules/rollup/dist/rollup.d.ts
                    node_modules/rollup/dist/shared/watch-cli.js
                    node_modules/rollup/dist/shared/rollup.js
                    node_modules/rollup/dist/shared/parseAst.js
                    node_modules/rollup/dist/shared/index.js
                    node_modules/rollup/dist/shared/fsevents-importer.js
                    node_modules/rollup/dist/shared/watch.js
                    node_modules/rollup/dist/shared/loadConfigFile.js
                    node_modules/rollup/dist/getLogFilter.d.ts
                    node_modules/rollup/dist/loadConfigFile.d.ts
                    node_modules/rollup/dist/es/rollup.js
                    node_modules/rollup/dist/es/parseAst.js
                    node_modules/rollup/dist/es/shared/parseAst.js
                    node_modules/rollup/dist/es/shared/watch.js
                    node_modules/rollup/dist/es/shared/node-entry.js
                    node_modules/rollup/dist/es/package.json
                    node_modules/rollup/dist/es/getLogFilter.js
                    node_modules/rollup/dist/loadConfigFile.js
                    node_modules/rollup/dist/getLogFilter.js
                    node_modules/rollup/README.md
                    node_modules/rollup/package.json
                    node_modules/axobject-query/README.md
                    node_modules/axobject-query/package.json
                    node_modules/axobject-query/lib/AXObjectRoleMap.js
                    node_modules/axobject-query/lib/AXObjectsMap.js
                    node_modules/axobject-query/lib/elementAXObjectMap.js
                    node_modules/axobject-query/lib/util/iterationDecorator.js
                    node_modules/axobject-query/lib/util/iteratorProxy.js
                    node_modules/axobject-query/lib/etc/objects/TermRole.js
                    node_modules/axobject-query/lib/etc/objects/SearchBoxRole.js
                    node_modules/axobject-query/lib/etc/objects/TabRole.js
                    node_modules/axobject-query/lib/etc/objects/MenuBarRole.js
                    node_modules/axobject-query/lib/etc/objects/TextAreaRole.js
                    node_modules/axobject-query/lib/etc/objects/ComboBoxRole.js
                    node_modules/axobject-query/lib/etc/objects/PresentationalRole.js
                    node_modules/axobject-query/lib/etc/objects/ColumnRole.js
                    node_modules/axobject-query/lib/etc/objects/RubyRole.js
                    node_modules/axobject-query/lib/etc/objects/SpinButtonRole.js
                    node_modules/axobject-query/lib/etc/objects/ProgressIndicatorRole.js
                    node_modules/axobject-query/lib/etc/objects/ListMarkerRole.js
                    node_modules/axobject-query/lib/etc/objects/LinkRole.js
                    node_modules/axobject-query/lib/etc/objects/NavigationRole.js
                    node_modules/axobject-query/lib/etc/objects/MeterRole.js
                    node_modules/axobject-query/lib/etc/objects/DetailsRole.js
                    node_modules/axobject-query/lib/etc/objects/LogRole.js
                    node_modules/axobject-query/lib/etc/objects/ContentInfoRole.js
                    node_modules/axobject-query/lib/etc/objects/IframeRole.js
                    node_modules/axobject-query/lib/etc/objects/TreeGridRole.js
                    node_modules/axobject-query/lib/etc/objects/RulerRole.js
                    node_modules/axobject-query/lib/etc/objects/MenuItemRadioRole.js
                    node_modules/axobject-query/lib/etc/objects/TableHeaderContainerRole.js
                    node_modules/axobject-query/lib/etc/objects/LineBreakRole.js
                    node_modules/axobject-query/lib/etc/objects/HeadingRole.js
                    node_modules/axobject-query/lib/etc/objects/NoteRole.js
                    node_modules/axobject-query/lib/etc/objects/MenuRole.js
                    node_modules/axobject-query/lib/etc/objects/StatusRole.js
                    node_modules/axobject-query/lib/etc/objects/ButtonRole.js
                    node_modules/axobject-query/lib/etc/objects/FigureRole.js
                    node_modules/axobject-query/lib/etc/objects/RegionRole.js
                    node_modules/axobject-query/lib/etc/objects/TextFieldRole.js
                    node_modules/axobject-query/lib/etc/objects/VideoRole.js
                    node_modules/axobject-query/lib/etc/objects/SVGRootRole.js
                    node_modules/axobject-query/lib/etc/objects/TabGroupRole.js
                    node_modules/axobject-query/lib/etc/objects/DefinitionRole.js
                    node_modules/axobject-query/lib/etc/objects/TimeRole.js
                    node_modules/axobject-query/lib/etc/objects/TimerRole.js
                    node_modules/axobject-query/lib/etc/objects/ListItemRole.js
                    node_modules/axobject-query/lib/etc/objects/SliderThumbRole.js
                    node_modules/axobject-query/lib/etc/objects/DescriptionListTermRole.js
                    node_modules/axobject-query/lib/etc/objects/MenuListPopupRole.js
                    node_modules/axobject-query/lib/etc/objects/TabPanelRole.js
                    node_modules/axobject-query/lib/etc/objects/CellRole.js
                    node_modules/axobject-query/lib/etc/objects/OutlineRole.js
                    node_modules/axobject-query/lib/etc/objects/ListBoxRole.js
                    node_modules/axobject-query/lib/etc/objects/FormRole.js
                    node_modules/axobject-query/lib/etc/objects/ColorWellRole.js
                    node_modules/axobject-query/lib/etc/objects/RowRole.js
                    node_modules/axobject-query/lib/etc/objects/StaticTextRole.js
                    node_modules/axobject-query/lib/etc/objects/BannerRole.js
                    node_modules/axobject-query/lib/etc/objects/FigcaptionRole.js
                    node_modules/axobject-query/lib/etc/objects/ScrollBarRole.js
                    node_modules/axobject-query/lib/etc/objects/RadioButtonRole.js
                    node_modules/axobject-query/lib/etc/objects/IgnoredRole.js
                    node_modules/axobject-query/lib/etc/objects/EmbeddedObjectRole.js
                    node_modules/axobject-query/lib/etc/objects/SearchRole.js
                    node_modules/axobject-query/lib/etc/objects/MenuItemRole.js
                    node_modules/axobject-query/lib/etc/objects/MarqueeRole.js
                    node_modules/axobject-query/lib/etc/objects/DirectoryRole.js
                    node_modules/axobject-query/lib/etc/objects/BlockquoteRole.js
                    node_modules/axobject-query/lib/etc/objects/MenuButtonRole.js
                    node_modules/axobject-query/lib/etc/objects/ColumnHeaderRole.js
                    node_modules/axobject-query/lib/etc/objects/DescriptionListDetailRole.js
                    node_modules/axobject-query/lib/etc/objects/MenuListOptionRole.js
                    node_modules/axobject-query/lib/etc/objects/ScrollAreaRole.js
                    node_modules/axobject-query/lib/etc/objects/TreeItemRole.js
                    node_modules/axobject-query/lib/etc/objects/TreeRole.js
                    node_modules/axobject-query/lib/etc/objects/RadioGroupRole.js
                    node_modules/axobject-query/lib/etc/objects/TabListRole.js
                    node_modules/axobject-query/lib/etc/objects/DocumentRole.js
                    node_modules/axobject-query/lib/etc/objects/CaptionRole.js
                    node_modules/axobject-query/lib/etc/objects/WindowRole.js
                    node_modules/axobject-query/lib/etc/objects/FooterRole.js
                    node_modules/axobject-query/lib/etc/objects/InputTimeRole.js
                    node_modules/axobject-query/lib/etc/objects/BusyIndicatorRole.js
                    node_modules/axobject-query/lib/etc/objects/SwitchRole.js
                    node_modules/axobject-query/lib/etc/objects/ImageRole.js
                    node_modules/axobject-query/lib/etc/objects/MainRole.js
                    node_modules/axobject-query/lib/etc/objects/DescriptionListRole.js
                    node_modules/axobject-query/lib/etc/objects/PreRole.js
                    node_modules/axobject-query/lib/etc/objects/ParagraphRole.js
                    node_modules/axobject-query/lib/etc/objects/ImageMapLinkRole.js
                    node_modules/axobject-query/lib/etc/objects/ToolbarRole.js
                    node_modules/axobject-query/lib/etc/objects/IframePresentationalRole.js
                    node_modules/axobject-query/lib/etc/objects/UserInterfaceTooltipRole.js
                    node_modules/axobject-query/lib/etc/objects/CheckBoxRole.js
                    node_modules/axobject-query/lib/etc/objects/RowHeaderRole.js
                    node_modules/axobject-query/lib/etc/objects/GridRole.js
                    node_modules/axobject-query/lib/etc/objects/ListBoxOptionRole.js
                    node_modules/axobject-query/lib/etc/objects/ImageMapRole.js
                    node_modules/axobject-query/lib/etc/objects/CanvasRole.js
                    node_modules/axobject-query/lib/etc/objects/ListRole.js
                    node_modules/axobject-query/lib/etc/objects/SeamlessWebAreaRole.js
                    node_modules/axobject-query/lib/etc/objects/PopUpButtonRole.js
                    node_modules/axobject-query/lib/etc/objects/MathRole.js
                    node_modules/axobject-query/lib/etc/objects/MarkRole.js
                    node_modules/axobject-query/lib/etc/objects/ToggleButtonRole.js
                    node_modules/axobject-query/lib/etc/objects/DisclosureTriangleRole.js
                    node_modules/axobject-query/lib/etc/objects/TableRole.js
                    node_modules/axobject-query/lib/etc/objects/SplitterRole.js
                    node_modules/axobject-query/lib/etc/objects/ComplementaryRole.js
                    node_modules/axobject-query/lib/etc/objects/DivRole.js
                    node_modules/axobject-query/lib/etc/objects/WebAreaRole.js
                    node_modules/axobject-query/lib/etc/objects/LegendRole.js
                    node_modules/axobject-query/lib/etc/objects/MenuItemCheckBoxRole.js
                    node_modules/axobject-query/lib/etc/objects/LabelRole.js
                    node_modules/axobject-query/lib/etc/objects/DialogRole.js
                    node_modules/axobject-query/lib/etc/objects/RootWebAreaRole.js
                    node_modules/axobject-query/lib/etc/objects/GroupRole.js
                    node_modules/axobject-query/lib/etc/objects/SpinButtonPartRole.js
                    node_modules/axobject-query/lib/etc/objects/FeedRole.js
                    node_modules/axobject-query/lib/etc/objects/DateRole.js
                    node_modules/axobject-query/lib/etc/objects/SliderRole.js
                    node_modules/axobject-query/lib/etc/objects/InlineTextBoxRole.js
                    node_modules/axobject-query/lib/etc/objects/NoneRole.js
                    node_modules/axobject-query/lib/etc/objects/DateTimeRole.js
                    node_modules/axobject-query/lib/index.js
                    node_modules/axobject-query/lib/AXObjectElementMap.js
                    node_modules/vfile/readme.md
                    node_modules/vfile/package.json
                    node_modules/vfile/lib/minproc.d.ts.map
                    node_modules/vfile/lib/minurl.shared.js
                    node_modules/vfile/lib/minproc.browser.d.ts
                    node_modules/vfile/lib/minproc.d.ts
                    node_modules/vfile/lib/minpath.browser.d.ts.map
                    node_modules/vfile/lib/minurl.shared.d.ts.map
                    node_modules/vfile/lib/minurl.d.ts
                    node_modules/vfile/lib/minurl.browser.d.ts.map
                    node_modules/vfile/lib/minurl.js
                    node_modules/vfile/lib/minurl.browser.js
                    node_modules/vfile/lib/minproc.browser.d.ts.map
                    node_modules/vfile/lib/minpath.d.ts
                    node_modules/vfile/lib/minurl.shared.d.ts
                    node_modules/vfile/lib/minurl.d.ts.map
                    node_modules/vfile/lib/minurl.browser.d.ts
                    node_modules/vfile/lib/minpath.d.ts.map
                    node_modules/vfile/lib/index.d.ts
                    node_modules/vfile/lib/index.d.ts.map
                    node_modules/vfile/lib/minpath.browser.d.ts
                    node_modules/vfile/index.d.ts
                    node_modules/micromark-util-character/index.d.ts
                    node_modules/micromark-util-symbol/readme.md
                    node_modules/micromark-util-symbol/lib/constants.d.ts
                    node_modules/micromark-util-symbol/lib/types.d.ts
                    node_modules/micromark-util-symbol/lib/values.d.ts.map
                    node_modules/micromark-util-symbol/lib/codes.d.ts
                    node_modules/micromark-util-symbol/lib/default.d.ts
                    node_modules/micromark-util-symbol/lib/values.d.ts
                    node_modules/svelte-check/LICENSE
                    node_modules/svelte-check/bin/ts-version-check.js
                    node_modules/svelte-check/dist/src/svelte-native-jsx.d.ts
                    node_modules/svelte-check/dist/src/svelte-shims-v4.d.ts
                    node_modules/svelte-check/dist/src/svelte-jsx-v4.d.ts
                    node_modules/svelte-check/dist/src/svelte-shims.d.ts
                    node_modules/svelte-check/dist/src/svelte-jsx.d.ts
                    node_modules/svelte-check/README.md
                    node_modules/svelte-check/package.json
                    node_modules/mdast-util-to-hast/index.js
                    node_modules/mdast-util-to-hast/readme.md
                    node_modules/mdast-util-to-hast/package.json
                    node_modules/mdast-util-to-hast/lib/state.d.ts
                    node_modules/mdast-util-to-hast/lib/state.d.ts.map
                    node_modules/mdast-util-to-hast/lib/footer.d.ts
                    node_modules/mdast-util-to-hast/lib/index.js
                    node_modules/mdast-util-to-hast/lib/revert.d.ts.map
                    node_modules/mdast-util-to-hast/lib/state.js
                    node_modules/mdast-util-to-hast/lib/revert.js
                    node_modules/mdast-util-to-hast/lib/revert.d.ts
                    node_modules/mdast-util-to-hast/lib/index.d.ts
                    node_modules/mdast-util-to-hast/lib/footer.d.ts.map
                    node_modules/mdast-util-to-hast/lib/handlers/table-row.js
                    node_modules/mdast-util-to-hast/lib/handlers/emphasis.d.ts
                    node_modules/mdast-util-to-hast/lib/handlers/code.d.ts.map
                    node_modules/mdast-util-to-hast/lib/handlers/delete.d.ts
                    node_modules/mdast-util-to-hast/lib/handlers/list-item.d.ts.map
                    node_modules/mdast-util-to-hast/lib/handlers/thematic-break.js
                    node_modules/mdast-util-to-hast/lib/handlers/break.d.ts
                    node_modules/mdast-util-to-hast/lib/handlers/root.d.ts.map
                    node_modules/mdast-util-to-hast/lib/handlers/paragraph.d.ts
                    node_modules/mdast-util-to-hast/lib/handlers/heading.d.ts.map
                    node_modules/mdast-util-to-hast/lib/handlers/link.d.ts.map
                    node_modules/mdast-util-to-hast/lib/handlers/thematic-break.d.ts.map
                    node_modules/mdast-util-to-hast/lib/handlers/code.d.ts
                    node_modules/mdast-util-to-hast/lib/handlers/inline-code.d.ts.map
                    node_modules/mdast-util-to-hast/lib/handlers/table-cell.js
                    node_modules/mdast-util-to-hast/lib/handlers/link-reference.d.ts
                    node_modules/mdast-util-to-hast/lib/handlers/blockquote.d.ts
                    node_modules/mdast-util-to-hast/lib/handlers/table-cell.d.ts.map
                    node_modules/mdast-util-to-hast/lib/handlers/table-cell.d.ts
                    node_modules/mdast-util-to-hast/lib/handlers/table-row.d.ts.map
                    node_modules/mdast-util-to-hast/lib/handlers/link.js
                    node_modules/mdast-util-to-hast/lib/handlers/blockquote.d.ts.map
                    node_modules/mdast-util-to-hast/lib/handlers/delete.d.ts.map
                    node_modules/mdast-util-to-hast/lib/handlers/index.js
                    node_modules/mdast-util-to-hast/lib/handlers/inline-code.d.ts
                    node_modules/mdast-util-to-hast/lib/handlers/footnote-reference.d.ts.map
                    node_modules/mdast-util-to-hast/lib/handlers/list.js
                    node_modules/mdast-util-to-hast/lib/handlers/list-item.js
                    node_modules/mdast-util-to-hast/lib/handlers/link-reference.d.ts.map
                    node_modules/mdast-util-to-hast/lib/handlers/text.d.ts.map
                    node_modules/mdast-util-to-hast/lib/handlers/image-reference.d.ts.map
                    node_modules/mdast-util-to-hast/lib/handlers/list-item.d.ts
                    node_modules/mdast-util-to-hast/lib/handlers/root.js
                    node_modules/mdast-util-to-hast/lib/handlers/emphasis.d.ts.map
                    node_modules/mdast-util-to-hast/lib/handlers/break.d.ts.map
                    node_modules/mdast-util-to-hast/lib/handlers/table.js
                    node_modules/mdast-util-to-hast/lib/handlers/table.d.ts
                    node_modules/mdast-util-to-hast/lib/handlers/list.d.ts
                    node_modules/mdast-util-to-hast/lib/handlers/table-row.d.ts
                    node_modules/mdast-util-to-hast/lib/handlers/link-reference.js
                    node_modules/mdast-util-to-hast/lib/handlers/image.d.ts.map
                    node_modules/mdast-util-to-hast/lib/handlers/table.d.ts.map
                    node_modules/mdast-util-to-hast/lib/handlers/strong.js
                    node_modules/mdast-util-to-hast/lib/handlers/paragraph.d.ts.map
                    node_modules/mdast-util-to-hast/lib/handlers/html.d.ts
                    node_modules/mdast-util-to-hast/lib/handlers/heading.d.ts
                    node_modules/mdast-util-to-hast/lib/handlers/inline-code.js
                    node_modules/mdast-util-to-hast/lib/handlers/index.d.ts
                    node_modules/mdast-util-to-hast/lib/handlers/strong.d.ts
                    node_modules/mdast-util-to-hast/lib/handlers/thematic-break.d.ts
                    node_modules/mdast-util-to-hast/lib/handlers/link.d.ts
                    node_modules/mdast-util-to-hast/lib/handlers/footnote-reference.d.ts
                    node_modules/mdast-util-to-hast/lib/handlers/image-reference.d.ts
                    node_modules/mdast-util-to-hast/lib/handlers/text.d.ts
                    node_modules/mdast-util-to-hast/lib/handlers/image.d.ts
                    node_modules/mdast-util-to-hast/lib/handlers/root.d.ts
                    node_modules/mdast-util-to-hast/lib/handlers/paragraph.js
                    node_modules/mdast-util-to-hast/lib/handlers/text.js
                    node_modules/mdast-util-to-hast/lib/handlers/html.d.ts.map
                    node_modules/mdast-util-to-hast/lib/handlers/index.d.ts.map
                    node_modules/mdast-util-to-hast/lib/handlers/list.d.ts.map
                    node_modules/mdast-util-to-hast/lib/handlers/strong.d.ts.map
                    node_modules/mdast-util-to-hast/lib/index.d.ts.map
                    node_modules/mdast-util-to-hast/index.d.ts
                    node_modules/@jridgewell/sourcemap-codec/types/sourcemap-codec.d.mts
                    node_modules/@jridgewell/sourcemap-codec/types/scopes.d.mts
                    node_modules/@jridgewell/sourcemap-codec/types/strings.d.cts.map
                    node_modules/@jridgewell/sourcemap-codec/types/vlq.d.mts.map
                    node_modules/@jridgewell/sourcemap-codec/types/strings.d.mts
                    node_modules/@jridgewell/sourcemap-codec/types/strings.d.mts.map
                    node_modules/@jridgewell/sourcemap-codec/types/vlq.d.cts.map
                    node_modules/@jridgewell/sourcemap-codec/types/vlq.d.mts
                    node_modules/@jridgewell/sourcemap-codec/dist/sourcemap-codec.mjs
                    node_modules/@jridgewell/sourcemap-codec/README.md
                    node_modules/@jridgewell/sourcemap-codec/src/sourcemap-codec.ts
                    node_modules/@jridgewell/sourcemap-codec/src/strings.ts
                    node_modules/@jridgewell/sourcemap-codec/src/vlq.ts
                    node_modules/@jridgewell/sourcemap-codec/src/scopes.ts
                    node_modules/@jridgewell/trace-mapping/types/resolve.d.cts.map
                    node_modules/@jridgewell/trace-mapping/types/flatten-map.d.mts
                    node_modules/@jridgewell/trace-mapping/types/sourcemap-segment.d.mts.map
                    node_modules/@jridgewell/trace-mapping/types/trace-mapping.d.mts
                    node_modules/@jridgewell/trace-mapping/types/sort.d.mts.map
                    node_modules/@jridgewell/trace-mapping/types/types.d.cts.map
                    node_modules/@jridgewell/trace-mapping/types/by-source.d.mts
                    node_modules/@jridgewell/trace-mapping/types/flatten-map.d.cts.map
                    node_modules/@jridgewell/trace-mapping/types/trace-mapping.d.mts.map
                    node_modules/@jridgewell/trace-mapping/types/strip-filename.d.cts.map
                    node_modules/@jridgewell/trace-mapping/types/resolve.d.mts
                    node_modules/@jridgewell/trace-mapping/types/flatten-map.d.mts.map
                    node_modules/@jridgewell/trace-mapping/types/trace-mapping.d.cts.map
                    node_modules/@jridgewell/trace-mapping/types/types.d.mts
                    node_modules/@jridgewell/trace-mapping/types/strip-filename.d.mts.map
                    node_modules/@jridgewell/trace-mapping/types/strip-filename.d.mts
                    node_modules/@jridgewell/trace-mapping/types/sort.d.cts.map
                    node_modules/@jridgewell/trace-mapping/types/by-source.d.mts.map
                    node_modules/@jridgewell/trace-mapping/types/types.d.mts.map
                    node_modules/@jridgewell/trace-mapping/types/binary-search.d.mts
                    node_modules/@jridgewell/trace-mapping/types/sourcemap-segment.d.mts
                    node_modules/@jridgewell/trace-mapping/types/resolve.d.mts.map
                    node_modules/@jridgewell/trace-mapping/types/sort.d.mts
                    node_modules/@jridgewell/trace-mapping/types/sourcemap-segment.d.cts.map
                    node_modules/@jridgewell/trace-mapping/dist/trace-mapping.mjs.map
                    node_modules/@jridgewell/trace-mapping/dist/trace-mapping.umd.js.map
                    node_modules/@jridgewell/trace-mapping/dist/trace-mapping.mjs
                    node_modules/@jridgewell/trace-mapping/README.md
                    node_modules/@jridgewell/trace-mapping/src/sourcemap-segment.ts
                    node_modules/@jridgewell/trace-mapping/src/strip-filename.ts
                    node_modules/@jridgewell/trace-mapping/src/flatten-map.ts
                    node_modules/@jridgewell/trace-mapping/src/types.ts
                    node_modules/@jridgewell/trace-mapping/src/by-source.ts
                    node_modules/@jridgewell/trace-mapping/src/sort.ts
                    node_modules/@jridgewell/trace-mapping/src/trace-mapping.ts
                    node_modules/@jridgewell/trace-mapping/src/binary-search.ts
                    node_modules/@jridgewell/trace-mapping/src/resolve.ts
                    node_modules/@jridgewell/gen-mapping/types/sourcemap-segment.d.mts.map
                    node_modules/@jridgewell/gen-mapping/types/types.d.cts.map
                    node_modules/@jridgewell/gen-mapping/types/set-array.d.mts.map
                    node_modules/@jridgewell/gen-mapping/types/types.d.mts
                    node_modules/@jridgewell/gen-mapping/types/types.d.mts.map
                    node_modules/@jridgewell/gen-mapping/types/gen-mapping.d.mts
                    node_modules/@jridgewell/gen-mapping/types/set-array.d.mts
                    node_modules/@jridgewell/gen-mapping/types/sourcemap-segment.d.mts
                    node_modules/@jridgewell/gen-mapping/types/sourcemap-segment.d.cts.map
                    node_modules/@jridgewell/gen-mapping/dist/types/types.d.ts
                    node_modules/@jridgewell/gen-mapping/dist/types/gen-mapping.d.ts
                    node_modules/@jridgewell/gen-mapping/dist/types/set-array.d.ts
                    node_modules/@jridgewell/gen-mapping/dist/types/sourcemap-segment.d.ts
                    node_modules/@jridgewell/gen-mapping/dist/gen-mapping.mjs
                    node_modules/@jridgewell/gen-mapping/README.md
                    node_modules/@jridgewell/gen-mapping/src/sourcemap-segment.ts
                    node_modules/@jridgewell/gen-mapping/src/gen-mapping.ts
                    node_modules/@jridgewell/gen-mapping/src/types.ts
                    node_modules/@jridgewell/gen-mapping/src/set-array.ts
                    node_modules/@jridgewell/remapping/types/types.d.cts.map
                    node_modules/@jridgewell/remapping/types/source-map.d.mts
                    node_modules/@jridgewell/remapping/types/types.d.mts
                    node_modules/@jridgewell/remapping/types/remapping.d.mts
                    node_modules/@jridgewell/remapping/types/build-source-map-tree.d.mts
                    node_modules/@jridgewell/remapping/types/types.d.mts.map
                    node_modules/@jridgewell/remapping/types/source-map-tree.d.mts
                    node_modules/@jridgewell/remapping/dist/remapping.mjs
                    node_modules/@jridgewell/remapping/README.md
                    node_modules/@jridgewell/remapping/src/remapping.ts
                    node_modules/@jridgewell/remapping/src/source-map.ts
                    node_modules/@jridgewell/remapping/src/source-map-tree.ts
                    node_modules/@jridgewell/remapping/src/types.ts
                    node_modules/@jridgewell/remapping/src/build-source-map-tree.ts
                    node_modules/tailwindcss/LICENSE
                    node_modules/tailwindcss/dist/resolve-config-QUZ9b-Gn.d.mts
                    node_modules/tailwindcss/dist/resolve-config-B4yBzhca.d.ts
                    node_modules/tailwindcss/dist/flatten-color-palette.d.mts
                    node_modules/tailwindcss/dist/flatten-color-palette.mjs
                    node_modules/tailwindcss/dist/lib.mjs
                    node_modules/tailwindcss/dist/flatten-color-palette.d.ts
                    node_modules/tailwindcss/dist/default-theme.mjs
                    node_modules/tailwindcss/dist/chunk-C2OYBFIH.mjs
                    node_modules/tailwindcss/dist/default-theme.d.mts
                    node_modules/tailwindcss/dist/plugin.d.ts
                    node_modules/tailwindcss/dist/lib.d.mts
                    node_modules/tailwindcss/dist/colors.mjs
                    node_modules/tailwindcss/dist/chunk-DCG7AFIE.mjs
                    node_modules/tailwindcss/dist/types-DWdTiksJ.d.mts
                    node_modules/tailwindcss/dist/plugin.d.mts
                    node_modules/tailwindcss/dist/default-theme.d.ts
                    node_modules/tailwindcss/dist/colors.d.mts
                    node_modules/tailwindcss/dist/plugin.mjs
                    node_modules/tailwindcss/dist/chunk-5JIJA4QV.mjs
                    node_modules/tailwindcss/dist/lib.d.ts
                    node_modules/tailwindcss/dist/colors-C__qRT83.d.ts
                    node_modules/tailwindcss/dist/colors.d.ts
                    node_modules/tailwindcss/dist/plugin.js
                    node_modules/tailwindcss/README.md
                    node_modules/tailwindcss/package.json
                    node_modules/parse5/dist/tree-adapters/interface.js
                    node_modules/parse5/dist/tree-adapters/interface.d.ts
                    node_modules/parse5/dist/tree-adapters/default.d.ts
                    node_modules/parse5/dist/serializer/index.js
                    node_modules/parse5/dist/serializer/index.d.ts
                    node_modules/parse5/dist/tokenizer/preprocessor.d.ts
                    node_modules/parse5/dist/tokenizer/preprocessor.js
                    node_modules/parse5/dist/tokenizer/index.js
                    node_modules/parse5/dist/tokenizer/index.d.ts
                    node_modules/parse5/dist/index.js
                    node_modules/parse5/dist/parser/formatting-element-list.d.ts
                    node_modules/parse5/dist/parser/open-element-stack.js
                    node_modules/parse5/dist/parser/formatting-element-list.js
                    node_modules/parse5/dist/parser/index.js
                    node_modules/parse5/dist/parser/open-element-stack.d.ts
                    node_modules/parse5/dist/parser/index.d.ts
                    node_modules/parse5/dist/common/html.js
                    node_modules/parse5/dist/common/token.d.ts
                    node_modules/parse5/dist/common/foreign-content.d.ts
                    node_modules/parse5/dist/common/error-codes.d.ts
                    node_modules/parse5/dist/common/unicode.js
                    node_modules/parse5/dist/common/unicode.d.ts
                    node_modules/parse5/dist/common/token.js
                    node_modules/parse5/dist/common/doctype.d.ts
                    node_modules/parse5/dist/common/html.d.ts
                    node_modules/parse5/dist/index.d.ts
                    node_modules/parse5/dist/cjs/tree-adapters/interface.js
                    node_modules/parse5/dist/cjs/tree-adapters/interface.d.ts
                    node_modules/parse5/dist/cjs/tree-adapters/default.d.ts
                    node_modules/parse5/dist/cjs/serializer/index.js
                    node_modules/parse5/dist/cjs/serializer/index.d.ts
                    node_modules/parse5/dist/cjs/tokenizer/preprocessor.d.ts
                    node_modules/parse5/dist/cjs/tokenizer/preprocessor.js
                    node_modules/parse5/dist/cjs/tokenizer/index.js
                    node_modules/parse5/dist/cjs/tokenizer/index.d.ts
                    node_modules/parse5/dist/cjs/index.js
                    node_modules/parse5/dist/cjs/parser/formatting-element-list.d.ts
                    node_modules/parse5/dist/cjs/parser/open-element-stack.js
                    node_modules/parse5/dist/cjs/parser/formatting-element-list.js
                    node_modules/parse5/dist/cjs/parser/index.js
                    node_modules/parse5/dist/cjs/parser/open-element-stack.d.ts
                    node_modules/parse5/dist/cjs/parser/index.d.ts
                    node_modules/parse5/dist/cjs/common/html.js
                    node_modules/parse5/dist/cjs/common/token.d.ts
                    node_modules/parse5/dist/cjs/common/foreign-content.d.ts
                    node_modules/parse5/dist/cjs/common/error-codes.d.ts
                    node_modules/parse5/dist/cjs/common/unicode.js
                    node_modules/parse5/dist/cjs/common/unicode.d.ts
                    node_modules/parse5/dist/cjs/common/token.js
                    node_modules/parse5/dist/cjs/common/doctype.d.ts
                    node_modules/parse5/dist/cjs/common/html.d.ts
                    node_modules/parse5/dist/cjs/package.json
                    node_modules/parse5/dist/cjs/index.d.ts
                    node_modules/parse5/README.md
                    node_modules/parse5/package.json
                    node_modules/entities/escape.d.ts
                    node_modules/entities/dist/esm/generated/encode-html.d.ts.map
                    node_modules/entities/dist/esm/generated/decode-data-html.d.ts
                    node_modules/entities/dist/esm/generated/decode-data-xml.d.ts
                    node_modules/entities/dist/esm/generated/decode-data-html.js.map
                    node_modules/entities/dist/esm/generated/encode-html.d.ts
                    node_modules/entities/dist/esm/generated/decode-data-xml.js.map
                    node_modules/entities/dist/esm/generated/decode-data-html.d.ts.map
                    node_modules/entities/dist/esm/generated/decode-data-xml.d.ts.map
                    node_modules/entities/dist/esm/generated/encode-html.js.map
                    node_modules/entities/dist/esm/encode.d.ts.map
                    node_modules/entities/dist/esm/escape.d.ts
                    node_modules/entities/dist/esm/encode.d.ts
                    node_modules/entities/dist/esm/decode-codepoint.d.ts
                    node_modules/entities/dist/esm/escape.d.ts.map
                    node_modules/entities/dist/esm/escape.js
                    node_modules/entities/dist/esm/index.js
                    node_modules/entities/dist/esm/decode-codepoint.js.map
                    node_modules/entities/dist/esm/decode.d.ts
                    node_modules/entities/dist/esm/package.json
                    node_modules/entities/dist/esm/decode.js.map
                    node_modules/entities/dist/esm/index.js.map
                    node_modules/entities/dist/esm/decode.d.ts.map
                    node_modules/entities/dist/esm/encode.js.map
                    node_modules/entities/dist/esm/decode-codepoint.d.ts.map
                    node_modules/entities/dist/esm/escape.js.map
                    node_modules/entities/dist/esm/index.d.ts
                    node_modules/entities/dist/esm/index.d.ts.map
                    node_modules/entities/dist/commonjs/generated/encode-html.d.ts.map
                    node_modules/entities/dist/commonjs/generated/decode-data-html.d.ts
                    node_modules/entities/dist/commonjs/generated/decode-data-xml.d.ts
                    node_modules/entities/dist/commonjs/generated/decode-data-html.js.map
                    node_modules/entities/dist/commonjs/generated/encode-html.d.ts
                    node_modules/entities/dist/commonjs/generated/decode-data-xml.js.map
                    node_modules/entities/dist/commonjs/generated/decode-data-html.d.ts.map
                    node_modules/entities/dist/commonjs/generated/decode-data-xml.d.ts.map
                    node_modules/entities/dist/commonjs/generated/encode-html.js.map
                    node_modules/entities/dist/commonjs/encode.d.ts.map
                    node_modules/entities/dist/commonjs/escape.d.ts
                    node_modules/entities/dist/commonjs/encode.d.ts
                    node_modules/entities/dist/commonjs/decode-codepoint.d.ts
                    node_modules/entities/dist/commonjs/escape.d.ts.map
                    node_modules/entities/dist/commonjs/escape.js
                    node_modules/entities/dist/commonjs/index.js
                    node_modules/entities/dist/commonjs/decode-codepoint.js.map
                    node_modules/entities/dist/commonjs/decode.d.ts
                    node_modules/entities/dist/commonjs/package.json
                    node_modules/entities/dist/commonjs/decode.js.map
                    node_modules/entities/dist/commonjs/index.js.map
                    node_modules/entities/dist/commonjs/decode.d.ts.map
                    node_modules/entities/dist/commonjs/encode.js.map
                    node_modules/entities/dist/commonjs/decode-codepoint.d.ts.map
                    node_modules/entities/dist/commonjs/escape.js.map
                    node_modules/entities/dist/commonjs/index.d.ts
                    node_modules/entities/dist/commonjs/index.d.ts.map
                    node_modules/entities/escape.js
                    node_modules/entities/decode.d.ts
                    node_modules/entities/readme.md
                    node_modules/entities/package.json
                    node_modules/entities/src/generated/decode-data-html.ts
                    node_modules/entities/src/generated/decode-data-xml.ts
                    node_modules/entities/src/generated/encode-html.ts
                    node_modules/entities/src/generated/.eslintrc.json
                    node_modules/entities/src/decode.spec.ts
                    node_modules/entities/src/decode.ts
                    node_modules/entities/src/index.spec.ts
                    node_modules/entities/src/decode-codepoint.ts
                    node_modules/entities/src/index.ts
                    node_modules/entities/src/encode.ts
                    node_modules/entities/src/escape.spec.ts
                    node_modules/entities/src/encode.spec.ts
                    node_modules/entities/src/escape.ts
                    node_modules/lightningcss/node/targets.d.ts
                    node_modules/lightningcss/node/index.d.ts
                    node_modules/liquidjs/dist/filters/date.d.ts
                    node_modules/liquidjs/dist/filters/math.d.ts
                    node_modules/liquidjs/dist/filters/base64-impl.d.ts
                    node_modules/liquidjs/dist/filters/crypto.d.ts
                    node_modules/liquidjs/dist/filters/misc.d.ts
                    node_modules/liquidjs/dist/filters/array.d.ts
                    node_modules/liquidjs/dist/filters/string.d.ts
                    node_modules/liquidjs/dist/filters/url.d.ts
                    node_modules/liquidjs/dist/filters/html.d.ts
                    node_modules/liquidjs/dist/filters/base64.d.ts
                    node_modules/liquidjs/dist/filters/index.d.ts
                    node_modules/liquidjs/dist/filters/crypto-impl.d.ts
                    node_modules/liquidjs/dist/liquid.browser.mjs
                    node_modules/liquidjs/dist/context/scope.d.ts
                    node_modules/liquidjs/dist/context/context.spec.d.ts
                    node_modules/liquidjs/dist/context/context.d.ts
                    node_modules/liquidjs/dist/context/block-mode.d.ts
                    node_modules/liquidjs/dist/context/index.d.ts
                    node_modules/liquidjs/dist/liquid.browser.umd.js.map
                    node_modules/liquidjs/dist/cache/lru.d.ts
                    node_modules/liquidjs/dist/cache/lru.spec.d.ts
                    node_modules/liquidjs/dist/cache/cache.d.ts
                    node_modules/liquidjs/dist/cache/index.d.ts
                    node_modules/liquidjs/dist/util/error.d.ts
                    node_modules/liquidjs/dist/util/liquid-date.spec.d.ts
                    node_modules/liquidjs/dist/util/underscore.spec.d.ts
                    node_modules/liquidjs/dist/util/strftime.spec.d.ts
                    node_modules/liquidjs/dist/util/literal.d.ts
                    node_modules/liquidjs/dist/util/async.spec.d.ts
                    node_modules/liquidjs/dist/util/character.d.ts
                    node_modules/liquidjs/dist/util/operator-trie.d.ts
                    node_modules/liquidjs/dist/util/error.spec.d.ts
                    node_modules/liquidjs/dist/util/performance.spec.d.ts
                    node_modules/liquidjs/dist/util/performance.d.ts
                    node_modules/liquidjs/dist/util/assert.spec.d.ts
                    node_modules/liquidjs/dist/util/assert.d.ts
                    node_modules/liquidjs/dist/util/liquid-date.d.ts
                    node_modules/liquidjs/dist/util/limiter.d.ts
                    node_modules/liquidjs/dist/util/index.d.ts
                    node_modules/liquidjs/dist/util/strftime.d.ts
                    node_modules/liquidjs/dist/util/intl.d.ts
                    node_modules/liquidjs/dist/util/underscore.d.ts
                    node_modules/liquidjs/dist/util/async.d.ts
                    node_modules/liquidjs/dist/util/type-guards.spec.d.ts
                    node_modules/liquidjs/dist/util/type-guards.d.ts
                    node_modules/liquidjs/dist/liquid-options.spec.d.ts
                    node_modules/liquidjs/dist/liquid-options.d.ts
                    node_modules/liquidjs/dist/template/filter.d.ts
                    node_modules/liquidjs/dist/template/filter-impl-options.d.ts
                    node_modules/liquidjs/dist/template/value.d.ts
                    node_modules/liquidjs/dist/template/template.d.ts
                    node_modules/liquidjs/dist/template/filter.spec.d.ts
                    node_modules/liquidjs/dist/template/output.d.ts
                    node_modules/liquidjs/dist/template/output.spec.d.ts
                    node_modules/liquidjs/dist/template/analysis.spec.d.ts
                    node_modules/liquidjs/dist/template/tag-options-adapter.d.ts
                    node_modules/liquidjs/dist/template/template-impl.d.ts
                    node_modules/liquidjs/dist/template/hash.d.ts
                    node_modules/liquidjs/dist/template/value.spec.d.ts
                    node_modules/liquidjs/dist/template/tag.d.ts
                    node_modules/liquidjs/dist/template/analysis.d.ts
                    node_modules/liquidjs/dist/template/html.d.ts
                    node_modules/liquidjs/dist/template/index.d.ts
                    node_modules/liquidjs/dist/template/hash.spec.d.ts
                    node_modules/liquidjs/dist/render/string.spec.d.ts
                    node_modules/liquidjs/dist/render/boolean.d.ts
                    node_modules/liquidjs/dist/render/render.d.ts
                    node_modules/liquidjs/dist/render/expression.spec.d.ts
                    node_modules/liquidjs/dist/render/string.d.ts
                    node_modules/liquidjs/dist/render/expression.d.ts
                    node_modules/liquidjs/dist/render/operator.d.ts
                    node_modules/liquidjs/dist/render/render.spec.d.ts
                    node_modules/liquidjs/dist/render/index.d.ts
                    node_modules/liquidjs/dist/render/boolean.spec.d.ts
                    node_modules/liquidjs/dist/parser/parse-stream.spec.d.ts
                    node_modules/liquidjs/dist/parser/tokenizer.spec.d.ts
                    node_modules/liquidjs/dist/parser/tokenizer.d.ts
                    node_modules/liquidjs/dist/parser/parse-stream.d.ts
                    node_modules/liquidjs/dist/parser/whitespace-ctrl.d.ts
                    node_modules/liquidjs/dist/parser/parser.spec.d.ts
                    node_modules/liquidjs/dist/parser/filter-arg.d.ts
                    node_modules/liquidjs/dist/parser/index.d.ts
                    node_modules/liquidjs/dist/parser/parser.d.ts
                    node_modules/liquidjs/dist/parser/token-kind.d.ts
                    node_modules/liquidjs/dist/tags/tablerow.d.ts
                    node_modules/liquidjs/dist/tags/for.d.ts
                    node_modules/liquidjs/dist/tags/inline-comment.d.ts
                    node_modules/liquidjs/dist/tags/block.d.ts
                    node_modules/liquidjs/dist/tags/if.d.ts
                    node_modules/liquidjs/dist/tags/break.d.ts
                    node_modules/liquidjs/dist/tags/unless.d.ts
                    node_modules/liquidjs/dist/tags/echo.d.ts
                    node_modules/liquidjs/dist/tags/render.d.ts
                    node_modules/liquidjs/dist/tags/raw.d.ts
                    node_modules/liquidjs/dist/tags/comment.d.ts
                    node_modules/liquidjs/dist/tags/capture.d.ts
                    node_modules/liquidjs/dist/tags/increment.d.ts
                    node_modules/liquidjs/dist/tags/cycle.d.ts
                    node_modules/liquidjs/dist/tags/assign.d.ts
                    node_modules/liquidjs/dist/tags/layout.d.ts
                    node_modules/liquidjs/dist/tags/include.d.ts
                    node_modules/liquidjs/dist/tags/liquid.d.ts
                    node_modules/liquidjs/dist/tags/decrement.d.ts
                    node_modules/liquidjs/dist/tags/index.d.ts
                    node_modules/liquidjs/dist/tags/continue.d.ts
                    node_modules/liquidjs/dist/tags/case.d.ts
                    node_modules/liquidjs/dist/drop/empty-drop.d.ts
                    node_modules/liquidjs/dist/drop/blank-drop.d.ts
                    node_modules/liquidjs/dist/drop/forloop-drop.d.ts
                    node_modules/liquidjs/dist/drop/null-drop.d.ts
                    node_modules/liquidjs/dist/drop/comparable.d.ts
                    node_modules/liquidjs/dist/drop/block-drop.d.ts
                    node_modules/liquidjs/dist/drop/index.d.ts
                    node_modules/liquidjs/dist/drop/drop.d.ts
                    node_modules/liquidjs/dist/drop/tablerowloop-drop.d.ts
                    node_modules/liquidjs/dist/liquid.node.mjs
                    node_modules/liquidjs/dist/emitters/emitter.d.ts
                    node_modules/liquidjs/dist/emitters/streamed-emitter.d.ts
                    node_modules/liquidjs/dist/emitters/simple-emitter.d.ts
                    node_modules/liquidjs/dist/emitters/index.d.ts
                    node_modules/liquidjs/dist/emitters/keeping-type-emitter.d.ts
                    node_modules/liquidjs/dist/liquid.d.ts
                    node_modules/liquidjs/dist/build/base64-impl-browser.d.ts
                    node_modules/liquidjs/dist/build/crypto-impl-browser.spec.d.ts
                    node_modules/liquidjs/dist/build/streamed-emitter-browser.spec.d.ts
                    node_modules/liquidjs/dist/build/base64-impl-browser.spec.d.ts
                    node_modules/liquidjs/dist/build/streamed-emitter-browser.d.ts
                    node_modules/liquidjs/dist/build/fs-impl-browser.d.ts
                    node_modules/liquidjs/dist/build/crypto-impl-browser.d.ts
                    node_modules/liquidjs/dist/build/fs-impl-browser.spec.d.ts
                    node_modules/liquidjs/dist/index.d.ts
                    node_modules/liquidjs/dist/fs/fs-impl.d.ts
                    node_modules/liquidjs/dist/fs/map-fs.d.ts
                    node_modules/liquidjs/dist/fs/map-fs.spec.d.ts
                    node_modules/liquidjs/dist/fs/fs.d.ts
                    node_modules/liquidjs/dist/fs/loader.d.ts
                    node_modules/liquidjs/dist/fs/fs-impl.spec.d.ts
                    node_modules/liquidjs/dist/fs/node-require.d.ts
                    node_modules/liquidjs/dist/fs/loader.spec.d.ts
                    node_modules/liquidjs/dist/fs/index.d.ts
                    node_modules/liquidjs/dist/liquid.browser.min.js.map
                    node_modules/liquidjs/dist/tokens/identifier-token.d.ts
                    node_modules/liquidjs/dist/tokens/delimited-token.d.ts
                    node_modules/liquidjs/dist/tokens/filtered-value-token.d.ts
                    node_modules/liquidjs/dist/tokens/top-level-token.d.ts
                    node_modules/liquidjs/dist/tokens/token.d.ts
                    node_modules/liquidjs/dist/tokens/tag-token.d.ts
                    node_modules/liquidjs/dist/tokens/quoted-token.d.ts
                    node_modules/liquidjs/dist/tokens/literal-token.d.ts
                    node_modules/liquidjs/dist/tokens/range-token.d.ts
                    node_modules/liquidjs/dist/tokens/filter-token.d.ts
                    node_modules/liquidjs/dist/tokens/value-token.d.ts
                    node_modules/liquidjs/dist/tokens/operator-token.d.ts
                    node_modules/liquidjs/dist/tokens/html-token.d.ts
                    node_modules/liquidjs/dist/tokens/liquid-tag-token.d.ts
                    node_modules/liquidjs/dist/tokens/property-access-token.d.ts
                    node_modules/liquidjs/dist/tokens/hash-token.d.ts
                    node_modules/liquidjs/dist/tokens/output-token.d.ts
                    node_modules/liquidjs/dist/tokens/index.d.ts
                    node_modules/liquidjs/dist/tokens/number-token.d.ts
                    node_modules/liquidjs/README.md
                    node_modules/liquidjs/package.json
                    node_modules/@esbuild/darwin-arm64/README.md
                    node_modules/@esbuild/darwin-arm64/package.json
                    node_modules/micromark-core-commonmark/readme.md
                    node_modules/micromark-core-commonmark/package.json
                    node_modules/micromark-core-commonmark/lib/content.d.ts
                    node_modules/micromark-core-commonmark/lib/html-flow.d.ts
                    node_modules/micromark-core-commonmark/lib/character-reference.d.ts
                    node_modules/micromark-core-commonmark/lib/heading-atx.d.ts
                    node_modules/micromark-core-commonmark/lib/label-start-link.d.ts
                    node_modules/micromark-core-commonmark/lib/label-start-image.d.ts.map
                    node_modules/micromark-core-commonmark/lib/setext-underline.d.ts
                    node_modules/micromark-core-commonmark/lib/label-end.d.ts
                    node_modules/micromark-core-commonmark/lib/thematic-break.js
                    node_modules/micromark-core-commonmark/lib/label-start-link.js
                    node_modules/micromark-core-commonmark/lib/content.d.ts.map
                    node_modules/micromark-core-commonmark/lib/autolink.d.ts
                    node_modules/micromark-core-commonmark/lib/label-start-link.d.ts.map
                    node_modules/micromark-core-commonmark/lib/code-indented.d.ts.map
                    node_modules/micromark-core-commonmark/lib/thematic-break.d.ts.map
                    node_modules/micromark-core-commonmark/lib/code-fenced.d.ts
                    node_modules/micromark-core-commonmark/lib/block-quote.d.ts
                    node_modules/micromark-core-commonmark/lib/line-ending.d.ts
                    node_modules/micromark-core-commonmark/lib/character-escape.d.ts
                    node_modules/micromark-core-commonmark/lib/attention.d.ts.map
                    node_modules/micromark-core-commonmark/lib/blank-line.d.ts.map
                    node_modules/micromark-core-commonmark/lib/html-text.d.ts
                    node_modules/micromark-core-commonmark/lib/character-reference.d.ts.map
                    node_modules/micromark-core-commonmark/lib/setext-underline.js
                    node_modules/micromark-core-commonmark/lib/block-quote.d.ts.map
                    node_modules/micromark-core-commonmark/lib/label-start-image.d.ts
                    node_modules/micromark-core-commonmark/lib/list.js
                    node_modules/micromark-core-commonmark/lib/code-fenced.d.ts.map
                    node_modules/micromark-core-commonmark/lib/code-text.d.ts
                    node_modules/micromark-core-commonmark/lib/heading-atx.d.ts.map
                    node_modules/micromark-core-commonmark/lib/line-ending.js
                    node_modules/micromark-core-commonmark/lib/line-ending.d.ts.map
                    node_modules/micromark-core-commonmark/lib/attention.d.ts
                    node_modules/micromark-core-commonmark/lib/autolink.d.ts.map
                    node_modules/micromark-core-commonmark/lib/hard-break-escape.d.ts.map
                    node_modules/micromark-core-commonmark/lib/character-escape.d.ts.map
                    node_modules/micromark-core-commonmark/lib/list.d.ts
                    node_modules/micromark-core-commonmark/lib/hard-break-escape.d.ts
                    node_modules/micromark-core-commonmark/lib/code-indented.d.ts
                    node_modules/micromark-core-commonmark/lib/setext-underline.d.ts.map
                    node_modules/micromark-core-commonmark/lib/html-flow.d.ts.map
                    node_modules/micromark-core-commonmark/lib/thematic-break.d.ts
                    node_modules/micromark-core-commonmark/lib/label-end.d.ts.map
                    node_modules/micromark-core-commonmark/lib/html-text.d.ts.map
                    node_modules/micromark-core-commonmark/lib/definition.d.ts
                    node_modules/micromark-core-commonmark/lib/definition.d.ts.map
                    node_modules/micromark-core-commonmark/lib/code-text.d.ts.map
                    node_modules/micromark-core-commonmark/lib/list.d.ts.map
                    node_modules/micromark-core-commonmark/lib/blank-line.d.ts
                    node_modules/micromark-core-commonmark/dev/lib/content.d.ts
                    node_modules/micromark-core-commonmark/dev/lib/html-flow.d.ts
                    node_modules/micromark-core-commonmark/dev/lib/character-reference.d.ts
                    node_modules/micromark-core-commonmark/dev/lib/heading-atx.d.ts
                    node_modules/micromark-core-commonmark/dev/lib/label-start-link.d.ts
                    node_modules/micromark-core-commonmark/dev/lib/label-start-image.d.ts.map
                    node_modules/micromark-core-commonmark/dev/lib/setext-underline.d.ts
                    node_modules/micromark-core-commonmark/dev/lib/label-end.d.ts
                    node_modules/micromark-core-commonmark/dev/lib/thematic-break.js
                    node_modules/micromark-core-commonmark/dev/lib/content.d.ts.map
                    node_modules/micromark-core-commonmark/dev/lib/autolink.d.ts
                    node_modules/micromark-core-commonmark/dev/lib/label-start-link.d.ts.map
                    node_modules/micromark-core-commonmark/dev/lib/code-indented.d.ts.map
                    node_modules/micromark-core-commonmark/dev/lib/thematic-break.d.ts.map
                    node_modules/micromark-core-commonmark/dev/lib/code-fenced.d.ts
                    node_modules/micromark-core-commonmark/dev/lib/block-quote.d.ts
                    node_modules/micromark-core-commonmark/dev/lib/line-ending.d.ts
                    node_modules/micromark-core-commonmark/dev/lib/character-escape.d.ts
                    node_modules/micromark-core-commonmark/dev/lib/attention.d.ts.map
                    node_modules/micromark-core-commonmark/dev/lib/blank-line.d.ts.map
                    node_modules/micromark-core-commonmark/dev/lib/html-text.d.ts
                    node_modules/micromark-core-commonmark/dev/lib/character-reference.d.ts.map
                    node_modules/micromark-core-commonmark/dev/lib/setext-underline.js
                    node_modules/micromark-core-commonmark/dev/lib/block-quote.d.ts.map
                    node_modules/micromark-core-commonmark/dev/lib/label-start-image.d.ts
                    node_modules/micromark-core-commonmark/dev/lib/list.js
                    node_modules/micromark-core-commonmark/dev/lib/code-fenced.d.ts.map
                    node_modules/micromark-core-commonmark/dev/lib/code-text.d.ts
                    node_modules/micromark-core-commonmark/dev/lib/heading-atx.d.ts.map
                    node_modules/micromark-core-commonmark/dev/lib/line-ending.js
                    node_modules/micromark-core-commonmark/dev/lib/line-ending.d.ts.map
                    node_modules/micromark-core-commonmark/dev/lib/attention.d.ts
                    node_modules/micromark-core-commonmark/dev/lib/autolink.d.ts.map
                    node_modules/micromark-core-commonmark/dev/lib/hard-break-escape.d.ts.map
                    node_modules/micromark-core-commonmark/dev/lib/character-escape.d.ts.map
                    node_modules/micromark-core-commonmark/dev/lib/list.d.ts
                    node_modules/micromark-core-commonmark/dev/lib/hard-break-escape.d.ts
                    node_modules/micromark-core-commonmark/dev/lib/code-indented.d.ts
                    node_modules/micromark-core-commonmark/dev/lib/setext-underline.d.ts.map
                    node_modules/micromark-core-commonmark/dev/lib/html-flow.d.ts.map
                    node_modules/micromark-core-commonmark/dev/lib/thematic-break.d.ts
                    node_modules/micromark-core-commonmark/dev/lib/label-end.d.ts.map
                    node_modules/micromark-core-commonmark/dev/lib/html-text.d.ts.map
                    node_modules/micromark-core-commonmark/dev/lib/definition.d.ts
                    node_modules/micromark-core-commonmark/dev/lib/definition.d.ts.map
                    node_modules/micromark-core-commonmark/dev/lib/code-text.d.ts.map
                    node_modules/micromark-core-commonmark/dev/lib/list.d.ts.map
                    node_modules/micromark-core-commonmark/dev/lib/blank-line.d.ts
                    node_modules/micromark-core-commonmark/dev/index.d.ts
                    node_modules/micromark-core-commonmark/dev/index.d.ts.map
                    node_modules/micromark-core-commonmark/index.d.ts
                    node_modules/micromark-core-commonmark/index.d.ts.map
                    node_modules/.bin/jiti
                    node_modules/.bin/svelte-kit
                    node_modules/.bin/tsserver
                    node_modules/.bin/nanoid
                    node_modules/.bin/acorn
                    node_modules/.bin/tsc
                    node_modules/.bin/js-yaml
                    node_modules/.bin/liquid
                    node_modules/.bin/vite
                    node_modules/.bin/rollup
                    node_modules/.bin/svelte-check
                    node_modules/.bin/esbuild
                    node_modules/.bin/liquidjs
                    node_modules/@sveltejs/kit/types/index.d.ts
                    node_modules/@sveltejs/kit/types/index.d.ts.map
                    node_modules/@sveltejs/kit/LICENSE
                    node_modules/@sveltejs/kit/README.md
                    node_modules/@sveltejs/kit/package.json
                    node_modules/@sveltejs/kit/svelte-kit.js
                    node_modules/@sveltejs/kit/src/constants.js
                    node_modules/@sveltejs/kit/src/types/private.d.ts
                    node_modules/@sveltejs/kit/src/types/ambient.d.ts
                    node_modules/@sveltejs/kit/src/types/synthetic/$env+static+public.md
                    node_modules/@sveltejs/kit/src/types/synthetic/$env+dynamic+public.md
                    node_modules/@sveltejs/kit/src/types/synthetic/$lib.md
                    node_modules/@sveltejs/kit/src/types/synthetic/$env+static+private.md
                    node_modules/@sveltejs/kit/src/types/synthetic/$env+dynamic+private.md
                    node_modules/@sveltejs/kit/src/types/ambient-private.d.ts
                    node_modules/@sveltejs/kit/src/types/internal.d.ts
                    node_modules/@sveltejs/kit/src/types/global-private.d.ts
                    node_modules/@sveltejs/kit/src/core/adapt/index.js
                    node_modules/@sveltejs/kit/src/core/generate_manifest/find_server_assets.js
                    node_modules/@sveltejs/kit/src/core/generate_manifest/index.js
                    node_modules/@sveltejs/kit/src/core/config/types.d.ts
                    node_modules/@sveltejs/kit/src/core/config/options.js
                    node_modules/@sveltejs/kit/src/core/config/index.js
                    node_modules/@sveltejs/kit/src/core/env.js
                    node_modules/@sveltejs/kit/src/core/postbuild/queue.js
                    node_modules/@sveltejs/kit/src/core/postbuild/crawl.js
                    node_modules/@sveltejs/kit/src/core/postbuild/entities.js
                    node_modules/@sveltejs/kit/src/core/postbuild/fallback.js
                    node_modules/@sveltejs/kit/src/core/postbuild/prerender.js
                    node_modules/@sveltejs/kit/src/core/utils.js
                    node_modules/@sveltejs/kit/src/core/sync/create_manifest_data/sort.js
                    node_modules/@sveltejs/kit/src/core/sync/create_manifest_data/conflict.js
                    node_modules/@sveltejs/kit/src/core/sync/create_manifest_data/types.d.ts
                    node_modules/@sveltejs/kit/src/core/sync/create_manifest_data/index.js
                    node_modules/@sveltejs/kit/src/core/sync/write_non_ambient.js
                    node_modules/@sveltejs/kit/src/core/sync/write_env.js
                    node_modules/@sveltejs/kit/src/core/sync/write_server.js
                    node_modules/@sveltejs/kit/src/core/sync/sync.js
                    node_modules/@sveltejs/kit/src/core/sync/write_client_manifest.js
                    node_modules/@sveltejs/kit/src/core/sync/write_types/index.js
                    node_modules/@sveltejs/kit/src/core/sync/write_tsconfig.js
                    node_modules/@sveltejs/kit/src/core/sync/utils.js
                    node_modules/@sveltejs/kit/src/core/sync/ts.js
                    node_modules/@sveltejs/kit/src/core/sync/write_root.js
                    node_modules/@sveltejs/kit/src/core/sync/write_ambient.js
                    node_modules/@sveltejs/kit/src/runtime/app/stores.js
                    node_modules/@sveltejs/kit/src/runtime/app/paths/client.js
                    node_modules/@sveltejs/kit/src/runtime/app/paths/types.d.ts
                    node_modules/@sveltejs/kit/src/runtime/app/paths/server.js
                    node_modules/@sveltejs/kit/src/runtime/app/paths/internal/client.js
                    node_modules/@sveltejs/kit/src/runtime/app/paths/internal/server.js
                    node_modules/@sveltejs/kit/src/runtime/app/paths/index.js
                    node_modules/@sveltejs/kit/src/runtime/app/paths/public.d.ts
                    node_modules/@sveltejs/kit/src/runtime/app/server/index.js
                    node_modules/@sveltejs/kit/src/runtime/app/server/remote/query.js
                    node_modules/@sveltejs/kit/src/runtime/app/server/remote/index.js
                    node_modules/@sveltejs/kit/src/runtime/app/server/remote/requested.js
                    node_modules/@sveltejs/kit/src/runtime/app/server/remote/command.js
                    node_modules/@sveltejs/kit/src/runtime/app/server/remote/form.js
                    node_modules/@sveltejs/kit/src/runtime/app/server/remote/prerender.js
                    node_modules/@sveltejs/kit/src/runtime/app/server/remote/shared.js
                    node_modules/@sveltejs/kit/src/runtime/app/state/client.js
                    node_modules/@sveltejs/kit/src/runtime/app/state/server.js
                    node_modules/@sveltejs/kit/src/runtime/app/state/index.js
                    node_modules/@sveltejs/kit/src/runtime/app/env/standard-schema.d.ts
                    node_modules/@sveltejs/kit/src/runtime/app/env/types.d.ts
                    node_modules/@sveltejs/kit/src/runtime/app/env/internal.js
                    node_modules/@sveltejs/kit/src/runtime/app/env/index.js
                    node_modules/@sveltejs/kit/src/runtime/app/env/public/client.js
                    node_modules/@sveltejs/kit/src/runtime/app/env/public/server.js
                    node_modules/@sveltejs/kit/src/runtime/app/env/public/index.js
                    node_modules/@sveltejs/kit/src/runtime/app/env/private.js
                    node_modules/@sveltejs/kit/src/runtime/app/navigation.js
                    node_modules/@sveltejs/kit/src/runtime/app/environment/types.d.ts
                    node_modules/@sveltejs/kit/src/runtime/app/environment/index.js
                    node_modules/@sveltejs/kit/src/runtime/app/forms.js
                    node_modules/@sveltejs/kit/src/runtime/form-utils.js
                    node_modules/@sveltejs/kit/src/runtime/server/constants.js
                    node_modules/@sveltejs/kit/src/runtime/server/page/csp.js
                    node_modules/@sveltejs/kit/src/runtime/server/page/types.d.ts
                    node_modules/@sveltejs/kit/src/runtime/server/page/render.js
                    node_modules/@sveltejs/kit/src/runtime/server/page/index.js
                    node_modules/@sveltejs/kit/src/runtime/server/page/server_routing.js
                    node_modules/@sveltejs/kit/src/runtime/server/page/load_data.js
                    node_modules/@sveltejs/kit/src/runtime/server/page/data_serializer.js
                    node_modules/@sveltejs/kit/src/runtime/server/page/respond_with_error.js
                    node_modules/@sveltejs/kit/src/runtime/server/page/crypto.js
                    node_modules/@sveltejs/kit/src/runtime/server/page/serialize_data.js
                    node_modules/@sveltejs/kit/src/runtime/server/remote.js
                    node_modules/@sveltejs/kit/src/runtime/server/validate-headers.js
                    node_modules/@sveltejs/kit/src/runtime/server/fetch.js
                    node_modules/@sveltejs/kit/src/runtime/server/index.js
                    node_modules/@sveltejs/kit/src/runtime/server/respond.js
                    node_modules/@sveltejs/kit/src/runtime/server/ambient.d.ts
                    node_modules/@sveltejs/kit/src/runtime/server/utils.js
                    node_modules/@sveltejs/kit/src/runtime/server/endpoint.js
                    node_modules/@sveltejs/kit/src/runtime/server/cookie.js
                    node_modules/@sveltejs/kit/src/runtime/server/data/index.js
                    node_modules/@sveltejs/kit/src/runtime/server/env_module.js
                    node_modules/@sveltejs/kit/src/runtime/shared-server.js
                    node_modules/@sveltejs/kit/src/runtime/env/dynamic/public.js
                    node_modules/@sveltejs/kit/src/runtime/env/dynamic/private.js
                    node_modules/@sveltejs/kit/src/runtime/pathname.js
                    node_modules/@sveltejs/kit/src/runtime/components/svelte-4/layout.svelte
                    node_modules/@sveltejs/kit/src/runtime/components/svelte-4/error.svelte
                    node_modules/@sveltejs/kit/src/runtime/components/svelte-5/layout.svelte
                    node_modules/@sveltejs/kit/src/runtime/components/svelte-5/error.svelte
                    node_modules/@sveltejs/kit/src/runtime/utils.js
                    node_modules/@sveltejs/kit/src/runtime/telemetry/otel.js
                    node_modules/@sveltejs/kit/src/runtime/telemetry/noop.js
                    node_modules/@sveltejs/kit/src/runtime/telemetry/record_span.js
                    node_modules/@sveltejs/kit/src/runtime/shared.js
                    node_modules/@sveltejs/kit/src/runtime/client/constants.js
                    node_modules/@sveltejs/kit/src/runtime/client/client.js
                    node_modules/@sveltejs/kit/src/runtime/client/sse.js
                    node_modules/@sveltejs/kit/src/runtime/client/stream.js
                    node_modules/@sveltejs/kit/src/runtime/client/types.d.ts
                    node_modules/@sveltejs/kit/src/runtime/client/session-storage.js
                    node_modules/@sveltejs/kit/src/runtime/client/remote-functions/form.svelte.js
                    node_modules/@sveltejs/kit/src/runtime/client/remote-functions/command.svelte.js
                    node_modules/@sveltejs/kit/src/runtime/client/remote-functions/shared.svelte.js
                    node_modules/@sveltejs/kit/src/runtime/client/remote-functions/index.js
                    node_modules/@sveltejs/kit/src/runtime/client/remote-functions/query-live/proxy.js
                    node_modules/@sveltejs/kit/src/runtime/client/remote-functions/query-live/index.js
                    node_modules/@sveltejs/kit/src/runtime/client/remote-functions/query-live/instance.svelte.js
                    node_modules/@sveltejs/kit/src/runtime/client/remote-functions/query-live/iterator.js
                    node_modules/@sveltejs/kit/src/runtime/client/remote-functions/query-batch.svelte.js
                    node_modules/@sveltejs/kit/src/runtime/client/remote-functions/prerender.svelte.js
                    node_modules/@sveltejs/kit/src/runtime/client/remote-functions/query/proxy.js
                    node_modules/@sveltejs/kit/src/runtime/client/remote-functions/query/index.js
                    node_modules/@sveltejs/kit/src/runtime/client/remote-functions/query/instance.svelte.js
                    node_modules/@sveltejs/kit/src/runtime/client/parse.js
                    node_modules/@sveltejs/kit/src/runtime/client/fetcher.js
                    node_modules/@sveltejs/kit/src/runtime/client/utils.js
                    node_modules/@sveltejs/kit/src/runtime/client/ndjson.js
                    node_modules/@sveltejs/kit/src/runtime/client/state.svelte.js
                    node_modules/@sveltejs/kit/src/runtime/client/entry.js
                    node_modules/@sveltejs/kit/src/utils/filesystem.js
                    node_modules/@sveltejs/kit/src/utils/fork.js
                    node_modules/@sveltejs/kit/src/utils/features.js
                    node_modules/@sveltejs/kit/src/utils/escape.js
                    node_modules/@sveltejs/kit/src/utils/misc.js
                    node_modules/@sveltejs/kit/src/utils/promise.js
                    node_modules/@sveltejs/kit/src/utils/import.js
                    node_modules/@sveltejs/kit/src/utils/exports.js
                    node_modules/@sveltejs/kit/src/utils/functions.js
                    node_modules/@sveltejs/kit/src/utils/env.js
                    node_modules/@sveltejs/kit/src/utils/error.js
                    node_modules/@sveltejs/kit/src/utils/streaming.js
                    node_modules/@sveltejs/kit/src/utils/page_nodes.js
                    node_modules/@sveltejs/kit/src/utils/css.js
                    node_modules/@sveltejs/kit/src/utils/shared-iterator.js
                    node_modules/@sveltejs/kit/src/utils/url.js
                    node_modules/@sveltejs/kit/src/utils/hash.js
                    node_modules/@sveltejs/kit/src/utils/http.js
                    node_modules/@sveltejs/kit/src/utils/routing.js
                    node_modules/@sveltejs/kit/src/version.js
                    node_modules/@sveltejs/kit/src/exports/internal/event.js
                    node_modules/@sveltejs/kit/src/exports/internal/types.d.ts
                    node_modules/@sveltejs/kit/src/exports/internal/server.js
                    node_modules/@sveltejs/kit/src/exports/internal/index.js
                    node_modules/@sveltejs/kit/src/exports/internal/env.js
                    node_modules/@sveltejs/kit/src/exports/internal/remote-functions.js
                    node_modules/@sveltejs/kit/src/exports/index.js
                    node_modules/@sveltejs/kit/src/exports/env/index.js
                    node_modules/@sveltejs/kit/src/exports/vite/types.d.ts
                    node_modules/@sveltejs/kit/src/exports/vite/static_analysis/types.d.ts
                    node_modules/@sveltejs/kit/src/exports/vite/static_analysis/index.js
                    node_modules/@sveltejs/kit/src/exports/vite/static_analysis/utils.js
                    node_modules/@sveltejs/kit/src/exports/vite/index.js
                    node_modules/@sveltejs/kit/src/exports/vite/module_ids.js
                    node_modules/@sveltejs/kit/src/exports/vite/dev/index.js
                    node_modules/@sveltejs/kit/src/exports/vite/preview/index.js
                    node_modules/@sveltejs/kit/src/exports/vite/utils.js
                    node_modules/@sveltejs/kit/src/exports/vite/build/remote.js
                    node_modules/@sveltejs/kit/src/exports/vite/build/utils.js
                    node_modules/@sveltejs/kit/src/exports/hooks/sequence.js
                    node_modules/@sveltejs/kit/src/exports/hooks/index.js
                    node_modules/@sveltejs/kit/src/exports/public.d.ts
                    node_modules/@sveltejs/kit/src/exports/node/polyfills.js
                    node_modules/@sveltejs/kit/src/exports/node/index.js
                    node_modules/jiti/dist/jiti.cjs
                    node_modules/jiti/README.md
                    node_modules/jiti/package.json
                    node_modules/jiti/lib/jiti.mjs
                    node_modules/jiti/lib/jiti.cjs
                    node_modules/jiti/lib/jiti-native.mjs
                    node_modules/jiti/lib/types.d.ts
                    node_modules/jiti/lib/jiti.d.mts
                    node_modules/jiti/lib/jiti-static.mjs
                    node_modules/jiti/lib/jiti.d.cts
                    node_modules/jiti/lib/jiti-hooks.mjs
                    node_modules/jiti/lib/jiti-register.mjs
                    node_modules/jiti/lib/jiti-cli.mjs
                    node_modules/jiti/lib/jiti-register.d.mts
                    node_modules/svelte/LICENSE.md
                    node_modules/svelte/motion.d.ts
                    node_modules/svelte/svelte-html.d.ts
                    node_modules/svelte/types/index.d.ts
                    node_modules/svelte/types/compiler/interfaces.d.ts
                    node_modules/svelte/types/compiler/preprocess.d.ts
                    node_modules/svelte/types/index.d.ts.map
                    node_modules/svelte/animate.d.ts
                    node_modules/svelte/action.d.ts
                    node_modules/svelte/store.d.ts
                    node_modules/svelte/easing.d.ts
                    node_modules/svelte/elements.d.ts
                    node_modules/svelte/README.md
                    node_modules/svelte/compiler.d.ts
                    node_modules/svelte/package.json
                    node_modules/svelte/legacy.d.ts
                    node_modules/svelte/index.d.ts
                    node_modules/svelte/compiler/index.js
                    node_modules/svelte/compiler/package.json
                    node_modules/svelte/transition.d.ts
                    node_modules/svelte/src/constants.js
                    node_modules/svelte/src/transition/index.js
                    node_modules/svelte/src/index-server.js
                    node_modules/svelte/src/easing/index.js
                    node_modules/svelte/src/animate/index.js
                    node_modules/svelte/src/index-client.js
                    node_modules/svelte/src/internal/flags/tracing.js
                    node_modules/svelte/src/internal/flags/index.js
                    node_modules/svelte/src/internal/flags/legacy.js
                    node_modules/svelte/src/internal/index.js
                    node_modules/svelte/src/internal/server/blocks/html.js
                    node_modules/svelte/src/internal/server/blocks/snippet.js
                    node_modules/svelte/src/internal/server/warnings.js
                    node_modules/svelte/src/internal/server/renderer.js
                    node_modules/svelte/src/internal/server/hydratable.js
                    node_modules/svelte/src/internal/server/index.js
                    node_modules/svelte/src/internal/server/dev.js
                    node_modules/svelte/src/internal/server/errors.js
                    node_modules/svelte/src/internal/server/context.js
                    node_modules/svelte/src/internal/server/crypto.js
                    node_modules/svelte/src/internal/server/render-context.js
                    node_modules/svelte/src/internal/server/hydration.js
                    node_modules/svelte/src/internal/shared/warnings.js
                    node_modules/svelte/src/internal/shared/dev.js
                    node_modules/svelte/src/internal/shared/errors.js
                    node_modules/svelte/src/internal/shared/clone.js
                    node_modules/svelte/src/internal/shared/utils.js
                    node_modules/svelte/src/internal/shared/validate.js
                    node_modules/svelte/src/internal/disclose-version.js
                    node_modules/svelte/src/internal/client/constants.js
                    node_modules/svelte/src/internal/client/warnings.js
                    node_modules/svelte/src/internal/client/proxy.js
                    node_modules/svelte/src/internal/client/runtime.js
                    node_modules/svelte/src/internal/client/error-handling.js
                    node_modules/svelte/src/internal/client/hydratable.js
                    node_modules/svelte/src/internal/client/render.js
                    node_modules/svelte/src/internal/client/index.js
                    node_modules/svelte/src/internal/client/legacy.js
                    node_modules/svelte/src/internal/client/errors.js
                    node_modules/svelte/src/internal/client/reactivity/batch.js
                    node_modules/svelte/src/internal/client/reactivity/effects.js
                    node_modules/svelte/src/internal/client/reactivity/store.js
                    node_modules/svelte/src/internal/client/reactivity/deriveds.js
                    node_modules/svelte/src/internal/client/reactivity/props.js
                    node_modules/svelte/src/internal/client/reactivity/status.js
                    node_modules/svelte/src/internal/client/reactivity/utils.js
                    node_modules/svelte/src/internal/client/reactivity/sources.js
                    node_modules/svelte/src/internal/client/reactivity/equality.js
                    node_modules/svelte/src/internal/client/dom/blocks/html.js
                    node_modules/svelte/src/internal/client/dom/blocks/key.js
                    node_modules/svelte/src/internal/client/dom/blocks/css-props.js
                    node_modules/svelte/src/internal/client/dom/blocks/snippet.js
                    node_modules/svelte/src/internal/client/dom/blocks/slot.js
                    node_modules/svelte/src/internal/client/dom/blocks/boundary.js
                    node_modules/svelte/src/internal/client/dom/blocks/each.js
                    node_modules/svelte/src/internal/client/dom/blocks/branches.js
                    node_modules/svelte/src/internal/client/dom/blocks/svelte-head.js
                    node_modules/svelte/src/internal/client/dom/blocks/if.js
                    node_modules/svelte/src/internal/client/dom/blocks/svelte-component.js
                    node_modules/svelte/src/internal/client/dom/blocks/svelte-element.js
                    node_modules/svelte/src/internal/client/dom/task.js
                    node_modules/svelte/src/internal/client/dom/legacy/event-modifiers.js
                    node_modules/svelte/src/internal/client/dom/legacy/misc.js
                    node_modules/svelte/src/internal/client/dom/legacy/lifecycle.js
                    node_modules/svelte/src/internal/client/dom/reconciler.js
                    node_modules/svelte/src/internal/client/dom/elements/events.js
                    node_modules/svelte/src/internal/client/dom/elements/misc.js
                    node_modules/svelte/src/internal/client/dom/elements/style.js
                    node_modules/svelte/src/internal/client/dom/elements/customizable-select.js
                    node_modules/svelte/src/internal/client/dom/elements/transitions.js
                    node_modules/svelte/src/internal/client/dom/elements/custom-element.js
                    node_modules/svelte/src/internal/client/dom/elements/bindings/this.js
                    node_modules/svelte/src/internal/client/dom/elements/bindings/size.js
                    node_modules/svelte/src/internal/client/dom/elements/bindings/media.js
                    node_modules/svelte/src/internal/client/dom/elements/bindings/window.js
                    node_modules/svelte/src/internal/client/dom/elements/bindings/select.js
                    node_modules/svelte/src/internal/client/dom/elements/bindings/props.js
                    node_modules/svelte/src/internal/client/dom/elements/bindings/universal.js
                    node_modules/svelte/src/internal/client/dom/elements/bindings/navigator.js
                    node_modules/svelte/src/internal/client/dom/elements/bindings/shared.js
                    node_modules/svelte/src/internal/client/dom/elements/bindings/input.js
                    node_modules/svelte/src/internal/client/dom/elements/bindings/document.js
                    node_modules/svelte/src/internal/client/dom/elements/class.js
                    node_modules/svelte/src/internal/client/dom/operations.js
                    node_modules/svelte/src/internal/client/dom/css.js
                    node_modules/svelte/src/internal/client/dom/template.js
                    node_modules/svelte/src/internal/client/dom/hydration.js
                    node_modules/svelte/src/internal/client/dev/elements.js
                    node_modules/svelte/src/internal/client/dev/tracing.js
                    node_modules/svelte/src/internal/client/dev/ownership.js
                    node_modules/svelte/src/internal/client/dev/hmr.js
                    node_modules/svelte/src/internal/client/dev/legacy.js
                    node_modules/svelte/src/internal/client/dev/validation.js
                    node_modules/svelte/src/internal/client/dev/css.js
                    node_modules/svelte/src/internal/client/dev/inspect.js
                    node_modules/svelte/src/internal/client/dev/console-log.js
                    node_modules/svelte/src/internal/client/dev/equality.js
                    node_modules/svelte/src/internal/client/dev/debug.js
                    node_modules/svelte/src/internal/client/context.js
                    node_modules/svelte/src/internal/client/timing.js
                    node_modules/svelte/src/internal/client/validate.js
                    node_modules/svelte/src/internal/client/loop.js
                    node_modules/svelte/src/legacy/legacy-server.js
                    node_modules/svelte/src/legacy/legacy-client.js
                    node_modules/svelte/src/server/index.js
                    node_modules/svelte/src/motion/index.js
                    node_modules/svelte/src/motion/tweened.js
                    node_modules/svelte/src/motion/utils.js
                    node_modules/svelte/src/motion/spring.js
                    node_modules/svelte/src/version.js
                    node_modules/svelte/src/escaping.js
                    node_modules/svelte/src/html-tree-validation.js
                    node_modules/svelte/src/reactivity/index-server.js
                    node_modules/svelte/src/reactivity/media-query.js
                    node_modules/svelte/src/reactivity/reactive-value.js
                    node_modules/svelte/src/reactivity/url-search-params.js
                    node_modules/svelte/src/reactivity/index-client.js
                    node_modules/svelte/src/reactivity/set.js
                    node_modules/svelte/src/reactivity/create-subscriber.js
                    node_modules/svelte/src/reactivity/window/index.js
                    node_modules/svelte/src/reactivity/date.js
                    node_modules/svelte/src/reactivity/url.js
                    node_modules/svelte/src/reactivity/map.js
                    node_modules/svelte/src/utils.js
                    node_modules/svelte/src/events/index.js
                    node_modules/svelte/src/attachments/index.js
                    node_modules/svelte/src/compiler/warnings.js
                    node_modules/svelte/src/compiler/preprocess/replace_in_code.js
                    node_modules/svelte/src/compiler/preprocess/index.js
                    node_modules/svelte/src/compiler/preprocess/decode_sourcemap.js
                    node_modules/svelte/src/compiler/index.js
                    node_modules/svelte/src/compiler/utils/mapped_code.js
                    node_modules/svelte/src/compiler/utils/slot.js
                    node_modules/svelte/src/compiler/utils/builders.js
                    node_modules/svelte/src/compiler/utils/extract_svelte_ignore.js
                    node_modules/svelte/src/compiler/utils/sanitize_template_string.js
[33mYAML Exception reading /Users/spencer/Documents/GitHub/sorter-v2-04/docs/src/content/hardware/electronics/psu-pigtail.md: (<unknown>): mapping values are not allowed in this context at line 8 column 64 [0m
[33mYAML Exception reading /Users/spencer/Documents/GitHub/sorter-v2-04/docs/src/content/lab/operation-target-10ppm-2026-04-25.md: (<unknown>): mapping values are not allowed in this context at line 11 column 68 [0m
[33m     Build Warning: Layout 'default' requested in src/content/hardware/BOM.md does not exist.[0m
[33m     Build Warning: Layout 'default' requested in src/content/hardware/assembly/feeder/arranging-c-channels.md does not exist.[0m
[31m  Liquid Exception: Could not locate the included file 'fastener-legend.html' in any of ["/Users/spencer/Documents/GitHub/sorter-v2-04/docs/_includes"]. Ensure it exists in one of those directories and, if it is a symlink, does not point outside your site source. in src/content/hardware/assembly/distribution/bin-frame/bottom-interface.md[0m
[33m             Error: Could not locate the included file 'fastener-legend.html' in any of ["/Users/spencer/Documents/GitHub/sorter-v2-04/docs/_includes"]. Ensure it exists in one of those directories and, if it is a symlink, does not point outside your site source.[0m
[33m             Error: Run jekyll build --trace for more information.[0m
                    
      Regenerating: 346 file(s) changed at 2026-08-20 21:16:46
                    node_modules/typescript/lib/_tsc.js
                    node_modules/esbuild/bin/esbuild
                    node_modules/svelte/src/compiler/utils/string.js
                    node_modules/svelte/src/compiler/utils/compile_diagnostic.js
                    node_modules/svelte/src/compiler/utils/push_array.js
                    node_modules/svelte/src/compiler/legacy.js
                    node_modules/svelte/src/compiler/print/index.js
                    node_modules/svelte/src/compiler/migrate/index.js
                    node_modules/svelte/src/compiler/errors.js
                    node_modules/svelte/src/compiler/state.js
                    node_modules/svelte/src/compiler/phases/3-transform/css/index.js
                    node_modules/svelte/src/compiler/phases/3-transform/index.js
                    node_modules/svelte/src/compiler/phases/3-transform/server/visitors/DeclarationTag.js
                    node_modules/svelte/src/compiler/phases/3-transform/server/visitors/DebugTag.js
                    node_modules/svelte/src/compiler/phases/3-transform/server/visitors/SvelteComponent.js
                    node_modules/svelte/src/compiler/phases/3-transform/server/visitors/ConstTag.js
                    node_modules/svelte/src/compiler/phases/3-transform/server/visitors/SlotElement.js
                    node_modules/svelte/src/compiler/phases/3-transform/server/visitors/RenderTag.js
                    node_modules/svelte/src/compiler/phases/3-transform/server/visitors/SvelteSelf.js
                    node_modules/svelte/src/compiler/phases/3-transform/server/visitors/SvelteFragment.js
                    node_modules/svelte/src/compiler/phases/3-transform/server/visitors/SvelteHead.js
                    node_modules/svelte/src/compiler/phases/3-transform/server/visitors/SvelteElement.js
                    node_modules/svelte/src/compiler/phases/3-transform/server/visitors/RegularElement.js
                    node_modules/svelte/src/compiler/phases/3-transform/server/visitors/TitleElement.js
                    node_modules/svelte/src/compiler/phases/3-transform/server/visitors/EachBlock.js
                    node_modules/svelte/src/compiler/phases/3-transform/server/visitors/MemberExpression.js
                    node_modules/svelte/src/compiler/phases/3-transform/server/visitors/LabeledStatement.js
                    node_modules/svelte/src/compiler/phases/3-transform/server/visitors/shared/element.js
                    node_modules/svelte/src/compiler/phases/3-transform/server/visitors/shared/component.js
                    node_modules/svelte/src/compiler/phases/3-transform/server/visitors/shared/utils.js
                    node_modules/svelte/src/compiler/phases/3-transform/server/visitors/KeyBlock.js
                    node_modules/svelte/src/compiler/phases/3-transform/server/visitors/ExpressionStatement.js
                    node_modules/svelte/src/compiler/phases/3-transform/server/visitors/SpreadAttribute.js
                    node_modules/svelte/src/compiler/phases/3-transform/server/visitors/Component.js
                    node_modules/svelte/src/compiler/phases/3-transform/server/visitors/Identifier.js
                    node_modules/svelte/src/compiler/phases/3-transform/server/visitors/AwaitExpression.js
                    node_modules/svelte/src/compiler/phases/3-transform/server/visitors/SnippetBlock.js
                    node_modules/svelte/src/compiler/phases/3-transform/server/visitors/SvelteBoundary.js
                    node_modules/svelte/src/compiler/phases/3-transform/server/visitors/VariableDeclaration.js
                    node_modules/svelte/src/compiler/phases/3-transform/server/visitors/CallExpression.js
                    node_modules/svelte/src/compiler/phases/3-transform/server/visitors/HtmlTag.js
                    node_modules/svelte/src/compiler/phases/3-transform/server/visitors/IfBlock.js
                    node_modules/svelte/src/compiler/phases/3-transform/server/visitors/Fragment.js
                    node_modules/svelte/src/compiler/phases/3-transform/server/visitors/UpdateExpression.js
                    node_modules/svelte/src/compiler/phases/3-transform/server/visitors/ClassBody.js
                    node_modules/svelte/src/compiler/phases/3-transform/server/visitors/PropertyDefinition.js
                    node_modules/svelte/src/compiler/phases/3-transform/server/visitors/Program.js
                    node_modules/svelte/src/compiler/phases/3-transform/server/transform-server.js
                    node_modules/svelte/src/compiler/phases/3-transform/shared/transform-async.js
                    node_modules/svelte/src/compiler/phases/3-transform/utils.js
                    node_modules/svelte/src/compiler/phases/3-transform/client/visitors/DeclarationTag.js
                    node_modules/svelte/src/compiler/phases/3-transform/client/visitors/DebugTag.js
                    node_modules/svelte/src/compiler/phases/3-transform/client/visitors/FunctionDeclaration.js
                    node_modules/svelte/src/compiler/phases/3-transform/client/visitors/SvelteComponent.js
                    node_modules/svelte/src/compiler/phases/3-transform/client/visitors/ConstTag.js
                    node_modules/svelte/src/compiler/phases/3-transform/client/visitors/ExportNamedDeclaration.js
                    node_modules/svelte/src/compiler/phases/3-transform/client/visitors/SlotElement.js
                    node_modules/svelte/src/compiler/phases/3-transform/client/visitors/RenderTag.js
                    node_modules/svelte/src/compiler/phases/3-transform/client/visitors/SvelteSelf.js
                    node_modules/svelte/src/compiler/phases/3-transform/client/visitors/BindDirective.js
                    node_modules/svelte/src/compiler/phases/3-transform/client/visitors/SvelteFragment.js
                    node_modules/svelte/src/compiler/phases/3-transform/client/visitors/SvelteHead.js
                    node_modules/svelte/src/compiler/phases/3-transform/client/visitors/SvelteElement.js
                    node_modules/svelte/src/compiler/phases/3-transform/client/visitors/ForOfStatement.js
                    node_modules/svelte/src/compiler/phases/3-transform/client/visitors/RegularElement.js
                    node_modules/svelte/src/compiler/phases/3-transform/client/visitors/SvelteDocument.js
                    node_modules/svelte/src/compiler/phases/3-transform/client/visitors/UseDirective.js
                    node_modules/svelte/src/compiler/phases/3-transform/client/visitors/TitleElement.js
                    node_modules/svelte/src/compiler/phases/3-transform/client/visitors/SvelteWindow.js
                    node_modules/svelte/src/compiler/phases/3-transform/client/visitors/EachBlock.js
                    node_modules/svelte/src/compiler/phases/3-transform/client/visitors/TransitionDirective.js
                    node_modules/svelte/src/compiler/phases/3-transform/client/visitors/MemberExpression.js
                    node_modules/svelte/src/compiler/phases/3-transform/client/visitors/FunctionExpression.js
                    node_modules/svelte/src/compiler/phases/3-transform/client/visitors/BinaryExpression.js
                    node_modules/svelte/src/compiler/phases/3-transform/client/visitors/LabeledStatement.js
                    node_modules/svelte/src/compiler/phases/3-transform/client/visitors/shared/events.js
                    node_modules/svelte/src/compiler/phases/3-transform/client/visitors/shared/element.js
                    node_modules/svelte/src/compiler/phases/3-transform/client/visitors/shared/special_element.js
                    node_modules/svelte/src/compiler/phases/3-transform/client/visitors/shared/component.js
                    node_modules/svelte/src/compiler/phases/3-transform/client/visitors/shared/declarations.js
                    node_modules/svelte/src/compiler/phases/3-transform/client/visitors/shared/function.js
                    node_modules/svelte/src/compiler/phases/3-transform/client/visitors/shared/fragment.js
                    node_modules/svelte/src/compiler/phases/3-transform/client/visitors/shared/utils.js
                    node_modules/svelte/src/compiler/phases/3-transform/client/visitors/KeyBlock.js
                    node_modules/svelte/src/compiler/phases/3-transform/client/visitors/ExpressionStatement.js
                    node_modules/svelte/src/compiler/phases/3-transform/client/visitors/Comment.js
                    node_modules/svelte/src/compiler/phases/3-transform/client/visitors/SpreadAttribute.js
                    node_modules/svelte/src/compiler/phases/3-transform/client/visitors/Component.js
                    node_modules/svelte/src/compiler/phases/3-transform/client/visitors/Identifier.js
                    node_modules/svelte/src/compiler/phases/3-transform/client/visitors/BlockStatement.js
                    node_modules/svelte/src/compiler/phases/3-transform/client/visitors/SnippetBlock.js
                    node_modules/svelte/src/compiler/phases/3-transform/client/visitors/SvelteBoundary.js
                    node_modules/svelte/src/compiler/phases/3-transform/client/visitors/BreakStatement.js
                    node_modules/svelte/src/compiler/phases/3-transform/client/visitors/VariableDeclaration.js
                    node_modules/svelte/src/compiler/phases/3-transform/client/visitors/SvelteBody.js
                    node_modules/svelte/src/compiler/phases/3-transform/client/visitors/CallExpression.js
                    node_modules/svelte/src/compiler/phases/3-transform/client/visitors/OnDirective.js
                    node_modules/svelte/src/compiler/phases/3-transform/client/visitors/HtmlTag.js
                    node_modules/svelte/src/compiler/phases/3-transform/client/visitors/IfBlock.js
                    node_modules/svelte/src/compiler/phases/3-transform/client/visitors/Fragment.js
                    node_modules/svelte/src/compiler/phases/3-transform/client/visitors/UpdateExpression.js
                    node_modules/svelte/src/compiler/phases/3-transform/client/visitors/LetDirective.js
                    node_modules/svelte/src/compiler/phases/3-transform/client/visitors/ClassBody.js
                    node_modules/svelte/src/compiler/phases/3-transform/client/visitors/Program.js
                    node_modules/svelte/src/compiler/phases/3-transform/client/transform-template/index.js
                    node_modules/svelte/src/compiler/phases/3-transform/client/transform-template/fix-attribute-casing.js
                    node_modules/svelte/src/compiler/phases/3-transform/client/transform-template/template.js
                    node_modules/svelte/src/compiler/phases/3-transform/client/transform-client.js
                    node_modules/svelte/src/compiler/phases/3-transform/client/utils.js
                    node_modules/svelte/src/compiler/phases/1-parse/read/options.js
                    node_modules/svelte/src/compiler/phases/1-parse/read/style.js
                    node_modules/svelte/src/compiler/phases/1-parse/read/script.js
                    node_modules/svelte/src/compiler/phases/1-parse/read/expression.js
                    node_modules/svelte/src/compiler/phases/1-parse/read/context.js
                    node_modules/svelte/src/compiler/phases/1-parse/index.js
                    node_modules/svelte/src/compiler/phases/1-parse/utils/html.js
                    node_modules/svelte/src/compiler/phases/1-parse/utils/create.js
                    node_modules/svelte/src/compiler/phases/1-parse/utils/fuzzymatch.js
                    node_modules/svelte/src/compiler/phases/1-parse/utils/entities.js
                    node_modules/svelte/src/compiler/phases/1-parse/utils/bracket.js
                    node_modules/svelte/src/compiler/phases/1-parse/state/element.js
                    node_modules/svelte/src/compiler/phases/1-parse/state/tag.js
                    node_modules/svelte/src/compiler/phases/1-parse/state/fragment.js
                    node_modules/svelte/src/compiler/phases/1-parse/state/text.js
                    node_modules/svelte/src/compiler/phases/1-parse/remove_typescript_nodes.js
                    node_modules/svelte/src/compiler/phases/patterns.js
                    node_modules/svelte/src/compiler/phases/2-analyze/visitors/DeclarationTag.js
                    node_modules/svelte/src/compiler/phases/2-analyze/visitors/ClassDirective.js
                    node_modules/svelte/src/compiler/phases/2-analyze/visitors/DebugTag.js
                    node_modules/svelte/src/compiler/phases/2-analyze/visitors/FunctionDeclaration.js
                    node_modules/svelte/src/compiler/phases/2-analyze/visitors/SvelteComponent.js
                    node_modules/svelte/src/compiler/phases/2-analyze/visitors/ConstTag.js
                    node_modules/svelte/src/compiler/phases/2-analyze/visitors/ExportNamedDeclaration.js
                    node_modules/svelte/src/compiler/phases/2-analyze/visitors/SlotElement.js
                    node_modules/svelte/src/compiler/phases/2-analyze/visitors/RenderTag.js
                    node_modules/svelte/src/compiler/phases/2-analyze/visitors/SvelteSelf.js
                    node_modules/svelte/src/compiler/phases/2-analyze/visitors/StyleDirective.js
                    node_modules/svelte/src/compiler/phases/2-analyze/visitors/BindDirective.js
                    node_modules/svelte/src/compiler/phases/2-analyze/visitors/SvelteFragment.js
                    node_modules/svelte/src/compiler/phases/2-analyze/visitors/SvelteHead.js
                    node_modules/svelte/src/compiler/phases/2-analyze/visitors/SvelteElement.js
                    node_modules/svelte/src/compiler/phases/2-analyze/visitors/RegularElement.js
                    node_modules/svelte/src/compiler/phases/2-analyze/visitors/TemplateElement.js
                    node_modules/svelte/src/compiler/phases/2-analyze/visitors/SvelteDocument.js
                    node_modules/svelte/src/compiler/phases/2-analyze/visitors/UseDirective.js
                    node_modules/svelte/src/compiler/phases/2-analyze/visitors/TitleElement.js
                    node_modules/svelte/src/compiler/phases/2-analyze/visitors/SvelteWindow.js
                    node_modules/svelte/src/compiler/phases/2-analyze/visitors/ExportDefaultDeclaration.js
                    node_modules/svelte/src/compiler/phases/2-analyze/visitors/ImportDeclaration.js
                    node_modules/svelte/src/compiler/phases/2-analyze/visitors/EachBlock.js
                    node_modules/svelte/src/compiler/phases/2-analyze/visitors/TransitionDirective.js
                    node_modules/svelte/src/compiler/phases/2-analyze/visitors/TaggedTemplateExpression.js
                    node_modules/svelte/src/compiler/phases/2-analyze/visitors/MemberExpression.js
                    node_modules/svelte/src/compiler/phases/2-analyze/visitors/FunctionExpression.js
                    node_modules/svelte/src/compiler/phases/2-analyze/visitors/Literal.js
                    node_modules/svelte/src/compiler/phases/2-analyze/visitors/ClassDeclaration.js
                    node_modules/svelte/src/compiler/phases/2-analyze/visitors/LabeledStatement.js
                    node_modules/svelte/src/compiler/phases/2-analyze/visitors/shared/element.js
                    node_modules/svelte/src/compiler/phases/2-analyze/visitors/shared/special-element.js
                    node_modules/svelte/src/compiler/phases/2-analyze/visitors/shared/component.js
                    node_modules/svelte/src/compiler/phases/2-analyze/visitors/shared/function.js
                    node_modules/svelte/src/compiler/phases/2-analyze/visitors/shared/a11y/constants.js
                    node_modules/svelte/src/compiler/phases/2-analyze/visitors/shared/a11y/index.js
                    node_modules/svelte/src/compiler/phases/2-analyze/visitors/shared/fragment.js
                    node_modules/svelte/src/compiler/phases/2-analyze/visitors/shared/utils.js
                    node_modules/svelte/src/compiler/phases/2-analyze/visitors/shared/snippets.js
                    node_modules/svelte/src/compiler/phases/2-analyze/visitors/VariableDeclarator.js
                    node_modules/svelte/src/compiler/phases/2-analyze/visitors/KeyBlock.js
                    node_modules/svelte/src/compiler/phases/2-analyze/visitors/ExpressionStatement.js
                    node_modules/svelte/src/compiler/phases/2-analyze/visitors/SpreadAttribute.js
                    node_modules/svelte/src/compiler/phases/2-analyze/visitors/Component.js
                    node_modules/svelte/src/compiler/phases/2-analyze/visitors/Identifier.js
                    node_modules/svelte/src/compiler/phases/2-analyze/visitors/SnippetBlock.js
                    node_modules/svelte/src/compiler/phases/2-analyze/visitors/SvelteBoundary.js
                    node_modules/svelte/src/compiler/phases/2-analyze/visitors/SvelteBody.js
                    node_modules/svelte/src/compiler/phases/2-analyze/visitors/CallExpression.js
                    node_modules/svelte/src/compiler/phases/2-analyze/visitors/OnDirective.js
                    node_modules/svelte/src/compiler/phases/2-analyze/visitors/HtmlTag.js
                    node_modules/svelte/src/compiler/phases/2-analyze/visitors/IfBlock.js
                    node_modules/svelte/src/compiler/phases/2-analyze/visitors/Fragment.js
                    node_modules/svelte/src/compiler/phases/2-analyze/visitors/UpdateExpression.js
                    node_modules/svelte/src/compiler/phases/2-analyze/visitors/ExportSpecifier.js
                    node_modules/svelte/src/compiler/phases/2-analyze/visitors/LetDirective.js
                    node_modules/svelte/src/compiler/phases/2-analyze/visitors/ClassBody.js
                    node_modules/svelte/src/compiler/phases/2-analyze/visitors/PropertyDefinition.js
                    node_modules/svelte/src/compiler/phases/2-analyze/visitors/ExpressionTag.js
                    node_modules/svelte/src/compiler/phases/2-analyze/visitors/SpreadElement.js
                    node_modules/svelte/src/compiler/phases/2-analyze/visitors/Text.js
                    node_modules/svelte/src/compiler/phases/2-analyze/visitors/NewExpression.js
                    node_modules/svelte/src/compiler/phases/2-analyze/css/css-warn.js
                    node_modules/svelte/src/compiler/phases/2-analyze/css/css-prune.js
                    node_modules/svelte/src/compiler/phases/2-analyze/css/css-analyze.js
                    node_modules/svelte/src/compiler/phases/2-analyze/css/utils.js
                    node_modules/svelte/src/compiler/phases/2-analyze/index.js
                    node_modules/svelte/src/compiler/phases/2-analyze/utils/check_graph_for_cycles.js
                    node_modules/svelte/src/compiler/phases/nodes.js
                    node_modules/svelte/src/compiler/phases/scope.js
                    node_modules/svelte/src/compiler/phases/css.js
                    node_modules/svelte/src/compiler/phases/bindings.js
                    node_modules/svelte/src/compiler/validate-options.js
                    node_modules/svelte/src/store/index-server.js
                    node_modules/svelte/src/store/index-client.js
                    node_modules/svelte/src/store/shared/index.js
                    node_modules/svelte/src/store/utils.js
                    node_modules/aria-query/README.md
                    node_modules/aria-query/package.json
                    node_modules/aria-query/lib/etc/roles/abstract/windowRole.js
                    node_modules/aria-query/lib/etc/roles/abstract/widgetRole.js
                    node_modules/aria-query/lib/etc/roles/literal/termRole.js
                    node_modules/aria-query/lib/etc/roles/literal/tooltipRole.js
                    node_modules/aria-query/lib/etc/roles/literal/treegridRole.js
                    node_modules/aria-query/lib/etc/roles/literal/timeRole.js
                    node_modules/aria-query/lib/etc/roles/literal/timerRole.js
                    node_modules/aria-query/lib/etc/roles/literal/textboxRole.js
                    node_modules/aria-query/lib/etc/roles/literal/treeitemRole.js
                    node_modules/aria-query/lib/etc/roles/literal/treeRole.js
                    node_modules/aria-query/lib/etc/roles/literal/toolbarRole.js
                    node_modules/typescript/README.md
                    node_modules/typescript/package.json
                    node_modules/typescript/lib/lib.es2019.object.d.ts
                    node_modules/typescript/lib/lib.dom.iterable.d.ts
                    node_modules/typescript/lib/typesMap.json
                    node_modules/typescript/lib/lib.es2018.full.d.ts
                    node_modules/typescript/lib/lib.esnext.collection.d.ts
                    node_modules/typescript/lib/tsserverlibrary.js
                    node_modules/typescript/lib/lib.es2015.reflect.d.ts
                    node_modules/typescript/lib/lib.es2019.string.d.ts
                    node_modules/typescript/lib/lib.es2017.date.d.ts
                    node_modules/typescript/lib/lib.es2021.intl.d.ts
                    node_modules/typescript/lib/lib.es2016.d.ts
                    node_modules/typescript/lib/lib.es2015.core.d.ts
                    node_modules/typescript/lib/lib.dom.asynciterable.d.ts
                    node_modules/typescript/lib/pl/diagnosticMessages.generated.json
                    node_modules/typescript/lib/lib.es2019.intl.d.ts
                    node_modules/typescript/lib/lib.es2022.string.d.ts
                    node_modules/typescript/lib/lib.es2020.d.ts
                    node_modules/typescript/lib/lib.es2020.full.d.ts
                    node_modules/typescript/lib/typescript.js
                    node_modules/typescript/lib/lib.es2022.object.d.ts
                    node_modules/typescript/lib/lib.esnext.iterator.d.ts
                    node_modules/typescript/lib/lib.es2015.proxy.d.ts
                    node_modules/typescript/lib/lib.es2015.generator.d.ts
                    node_modules/typescript/lib/lib.esnext.promise.d.ts
                    node_modules/typescript/lib/lib.es2021.d.ts
                    node_modules/typescript/lib/lib.esnext.disposable.d.ts
                    node_modules/typescript/lib/lib.es2020.number.d.ts
                    node_modules/typescript/lib/lib.es2017.d.ts
                    node_modules/typescript/lib/lib.es2018.promise.d.ts
                    node_modules/typescript/lib/lib.es2017.typedarrays.d.ts
                    node_modules/typescript/lib/lib.scripthost.d.ts
                    node_modules/typescript/lib/lib.es2022.array.d.ts
                    node_modules/typescript/lib/lib.esnext.decorators.d.ts
                    node_modules/typescript/lib/lib.es2024.arraybuffer.d.ts
                    node_modules/typescript/lib/lib.es2019.full.d.ts
                    node_modules/typescript/lib/lib.es2020.intl.d.ts
                    node_modules/typescript/lib/lib.es2024.collection.d.ts
                    node_modules/typescript/lib/ja/diagnosticMessages.generated.json
                    node_modules/typescript/lib/lib.decorators.legacy.d.ts
                    node_modules/typescript/lib/lib.es2015.promise.d.ts
                    node_modules/typescript/lib/_tsserver.js
                    node_modules/typescript/lib/lib.es2018.intl.d.ts
                    node_modules/typescript/lib/lib.es2015.symbol.wellknown.d.ts
                    node_modules/typescript/lib/lib.es2024.object.d.ts
                    node_modules/typescript/lib/it/diagnosticMessages.generated.json
                    node_modules/typescript/lib/lib.es2024.promise.d.ts
                    node_modules/typescript/lib/cs/diagnosticMessages.generated.json
                    node_modules/typescript/lib/lib.es2021.full.d.ts
                    node_modules/typescript/lib/lib.es2024.string.d.ts
                    node_modules/typescript/lib/lib.es2015.iterable.d.ts
                    node_modules/typescript/lib/ru/diagnosticMessages.generated.json
                    node_modules/typescript/lib/lib.es2018.regexp.d.ts
                    node_modules/typescript/lib/lib.decorators.d.ts
                    node_modules/typescript/lib/lib.es2021.string.d.ts
                    node_modules/typescript/lib/lib.es2018.asynciterable.d.ts
                    node_modules/typescript/lib/tsserver.js
                    node_modules/typescript/lib/lib.es6.d.ts
                    node_modules/typescript/lib/lib.esnext.sharedmemory.d.ts
                    node_modules/typescript/lib/lib.es2023.collection.d.ts
                    node_modules/typescript/lib/lib.es2022.error.d.ts
                    node_modules/typescript/lib/lib.es2016.array.include.d.ts
                    node_modules/typescript/lib/lib.esnext.intl.d.ts
                    node_modules/typescript/lib/lib.es5.d.ts
                    node_modules/typescript/lib/lib.esnext.d.ts
                    node_modules/typescript/lib/zh-cn/diagnosticMessages.generated.json
                    node_modules/typescript/lib/lib.es2023.intl.d.ts
                    node_modules/typescript/lib/lib.esnext.float16.d.ts
                    node_modules/typescript/lib/lib.es2019.array.d.ts
                    node_modules/typescript/lib/lib.es2024.d.ts
                    node_modules/typescript/lib/tsc.js
                    node_modules/typescript/lib/lib.es2016.intl.d.ts
                    node_modules/typescript/lib/lib.es2024.regexp.d.ts
                    node_modules/typescript/lib/lib.es2020.date.d.ts
                    node_modules/typescript/lib/lib.webworker.asynciterable.d.ts
                    node_modules/typescript/lib/lib.es2022.full.d.ts
                    node_modules/typescript/lib/_typingsInstaller.js
                    node_modules/typescript/lib/lib.es2017.full.d.ts
                    node_modules/typescript/lib/lib.es2020.promise.d.ts
                    node_modules/typescript/lib/lib.dom.d.ts
                    node_modules/typescript/lib/lib.es2023.array.d.ts
                    node_modules/typescript/lib/lib.es2024.sharedmemory.d.ts
                    node_modules/typescript/lib/lib.es2020.symbol.wellknown.d.ts
                    node_modules/typescript/lib/lib.webworker.iterable.d.ts
                    node_modules/typescript/lib/lib.es2020.bigint.d.ts
                    node_modules/typescript/lib/zh-tw/diagnosticMessages.generated.json
                    node_modules/typescript/lib/lib.es2020.sharedmemory.d.ts
                    node_modules/typescript/lib/lib.es2021.promise.d.ts
                    node_modules/typescript/lib/pt-br/diagnosticMessages.generated.json
                    node_modules/typescript/lib/lib.esnext.error.d.ts
                    node_modules/typescript/lib/de/diagnosticMessages.generated.json
                    node_modules/typescript/lib/lib.es2024.full.d.ts
                    node_modules/typescript/lib/ko/diagnosticMessages.generated.json
                    node_modules/typescript/lib/lib.es2022.intl.d.ts
                    node_modules/typescript/lib/lib.es2022.regexp.d.ts
                    node_modules/typescript/lib/lib.es2017.sharedmemory.d.ts
                    node_modules/typescript/lib/lib.es2017.intl.d.ts
                    node_modules/typescript/lib/fr/diagnosticMessages.generated.json
                    node_modules/typescript/lib/lib.webworker.d.ts
                    node_modules/typescript/lib/es/diagnosticMessages.generated.json
                    node_modules/typescript/lib/tsserverlibrary.d.ts
                    node_modules/typescript/lib/lib.es2019.symbol.d.ts
                    node_modules/typescript/lib/lib.d.ts
                    node_modules/typescript/lib/lib.es2018.d.ts
                    node_modules/typescript/lib/lib.esnext.full.d.ts
                    node_modules/typescript/lib/lib.es2020.string.d.ts
                    node_modules/typescript/lib/lib.es2023.full.d.ts
                    node_modules/typescript/lib/lib.es2018.asyncgenerator.d.ts
                    node_modules/typescript/lib/typingsInstaller.js
                    node_modules/typescript/lib/lib.es2022.d.ts
                    node_modules/typescript/lib/lib.es2021.weakref.d.ts
                    node_modules/typescript/lib/lib.es2016.full.d.ts
                    node_modules/typescript/lib/lib.es2017.object.d.ts
                    node_modules/typescript/lib/lib.es2023.d.ts
                    node_modules/typescript/lib/watchGuard.js
                    node_modules/typescript/lib/typescript.d.ts
                    node_modules/typescript/lib/lib.es2017.string.d.ts
                    node_modules/typescript/lib/lib.es2019.d.ts
                    node_modules/typescript/lib/tr/diagnosticMessages.generated.json
                    node_modules/typescript/lib/lib.webworker.importscripts.d.ts
                    node_modules/typescript/lib/lib.es2015.symbol.d.ts
                    node_modules/typescript/lib/lib.es2017.arraybuffer.d.ts
                    node_modules/typescript/lib/lib.esnext.array.d.ts
                    node_modules/typescript/lib/lib.es2015.collection.d.ts
                    node_modules/typescript/lib/lib.es2015.d.ts
                    node_modules/typescript/LICENSE.txt
                    node_modules/typescript/ThirdPartyNoticeText.txt
                    node_modules/typescript/SECURITY.md
[33mYAML Exception reading /Users/spencer/Documents/GitHub/sorter-v2-04/docs/src/content/hardware/electronics/psu-pigtail.md: (<unknown>): mapping values are not allowed in this context at line 8 column 64 [0m
[33mYAML Exception reading /Users/spencer/Documents/GitHub/sorter-v2-04/docs/src/content/lab/operation-target-10ppm-2026-04-25.md: (<unknown>): mapping values are not allowed in this context at line 11 column 68 [0m
[33m     Build Warning: Layout 'default' requested in src/content/hardware/BOM.md does not exist.[0m
[33m     Build Warning: Layout 'default' requested in src/content/hardware/assembly/feeder/arranging-c-channels.md does not exist.[0m
[31m  Liquid Exception: Could not locate the included file 'fastener-legend.html' in any of ["/Users/spencer/Documents/GitHub/sorter-v2-04/docs/_includes"]. Ensure it exists in one of those directories and, if it is a symlink, does not point outside your site source. in src/content/hardware/assembly/distribution/bin-frame/bottom-interface.md[0m
[33m             Error: Could not locate the included file 'fastener-legend.html' in any of ["/Users/spencer/Documents/GitHub/sorter-v2-04/docs/_includes"]. Ensure it exists in one of those directories and, if it is a symlink, does not point outside your site source.[0m
[33m             Error: Run jekyll build --trace for more information.[0m
                    
      Regenerating: 1 file(s) changed at 2026-08-20 21:16:49
                    node_modules/.package-lock.json
[33mYAML Exception reading /Users/spencer/Documents/GitHub/sorter-v2-04/docs/src/content/hardware/electronics/psu-pigtail.md: (<unknown>): mapping values are not allowed in this context at line 8 column 64 [0m
[33mYAML Exception reading /Users/spencer/Documents/GitHub/sorter-v2-04/docs/src/content/lab/operation-target-10ppm-2026-04-25.md: (<unknown>): mapping values are not allowed in this context at line 11 column 68 [0m
[33m     Build Warning: Layout 'default' requested in src/content/hardware/BOM.md does not exist.[0m
[33m     Build Warning: Layout 'default' requested in src/content/hardware/assembly/feeder/arranging-c-channels.md does not exist.[0m
[31m  Liquid Exception: Could not locate the included file 'fastener-legend.html' in any of ["/Users/spencer/Documents/GitHub/sorter-v2-04/docs/_includes"]. Ensure it exists in one of those directories and, if it is a symlink, does not point outside your site source. in src/content/hardware/assembly/distribution/bin-frame/bottom-interface.md[0m
[33m             Error: Could not locate the included file 'fastener-legend.html' in any of ["/Users/spencer/Documents/GitHub/sorter-v2-04/docs/_includes"]. Ensure it exists in one of those directories and, if it is a symlink, does not point outside your site source.[0m
[33m             Error: Run jekyll build --trace for more information.[0m
                    
      Regenerating: 1 file(s) changed at 2026-08-20 21:16:50
                    node_modules/.vite-temp/vite.config.ts.timestamp-1787275010382-2e3163458e295.mjs
[33mYAML Exception reading /Users/spencer/Documents/GitHub/sorter-v2-04/docs/src/content/hardware/electronics/psu-pigtail.md: (<unknown>): mapping values are not allowed in this context at line 8 column 64 [0m
[33mYAML Exception reading /Users/spencer/Documents/GitHub/sorter-v2-04/docs/src/content/lab/operation-target-10ppm-2026-04-25.md: (<unknown>): mapping values are not allowed in this context at line 11 column 68 [0m
[33m     Build Warning: Layout 'default' requested in src/content/hardware/BOM.md does not exist.[0m
[33m     Build Warning: Layout 'default' requested in src/content/hardware/assembly/feeder/arranging-c-channels.md does not exist.[0m
[31m  Liquid Exception: Could not locate the included file 'fastener-legend.html' in any of ["/Users/spencer/Documents/GitHub/sorter-v2-04/docs/_includes"]. Ensure it exists in one of those directories and, if it is a symlink, does not point outside your site source. in src/content/hardware/assembly/distribution/bin-frame/bottom-interface.md[0m
[33m             Error: Could not locate the included file 'fastener-legend.html' in any of ["/Users/spencer/Documents/GitHub/sorter-v2-04/docs/_includes"]. Ensure it exists in one of those directories and, if it is a symlink, does not point outside your site source.[0m
[33m             Error: Run jekyll build --trace for more information.[0m
                    
      Regenerating: 1 file(s) changed at 2026-08-20 21:16:51
                    node_modules/.vite-temp/vite.config.ts.timestamp-1787275010382-2e3163458e295.mjs
[33mYAML Exception reading /Users/spencer/Documents/GitHub/sorter-v2-04/docs/src/content/hardware/electronics/psu-pigtail.md: (<unknown>): mapping values are not allowed in this context at line 8 column 64 [0m
[33mYAML Exception reading /Users/spencer/Documents/GitHub/sorter-v2-04/docs/src/content/lab/operation-target-10ppm-2026-04-25.md: (<unknown>): mapping values are not allowed in this context at line 11 column 68 [0m
[33m     Build Warning: Layout 'default' requested in src/content/hardware/BOM.md does not exist.[0m
[33m     Build Warning: Layout 'default' requested in src/content/hardware/assembly/feeder/arranging-c-channels.md does not exist.[0m
[31m  Liquid Exception: Could not locate the included file 'fastener-legend.html' in any of ["/Users/spencer/Documents/GitHub/sorter-v2-04/docs/_includes"]. Ensure it exists in one of those directories and, if it is a symlink, does not point outside your site source. in src/content/hardware/assembly/distribution/bin-frame/bottom-interface.md[0m
[33m             Error: Could not locate the included file 'fastener-legend.html' in any of ["/Users/spencer/Documents/GitHub/sorter-v2-04/docs/_includes"]. Ensure it exists in one of those directories and, if it is a symlink, does not point outside your site source.[0m
[33m             Error: Run jekyll build --trace for more information.[0m
                    
      Regenerating: 1 file(s) changed at 2026-08-20 21:17:10
                    node_modules/.vite-temp/vite.config.ts.timestamp-1787275030833-72bc71411ca98.mjs
[33mYAML Exception reading /Users/spencer/Documents/GitHub/sorter-v2-04/docs/src/content/hardware/electronics/psu-pigtail.md: (<unknown>): mapping values are not allowed in this context at line 8 column 64 [0m
[33mYAML Exception reading /Users/spencer/Documents/GitHub/sorter-v2-04/docs/src/content/lab/operation-target-10ppm-2026-04-25.md: (<unknown>): mapping values are not allowed in this context at line 11 column 68 [0m
[33m     Build Warning: Layout 'default' requested in src/content/hardware/BOM.md does not exist.[0m
[33m     Build Warning: Layout 'default' requested in src/content/hardware/assembly/feeder/arranging-c-channels.md does not exist.[0m
[31m  Liquid Exception: Could not locate the included file 'fastener-legend.html' in any of ["/Users/spencer/Documents/GitHub/sorter-v2-04/docs/_includes"]. Ensure it exists in one of those directories and, if it is a symlink, does not point outside your site source. in src/content/hardware/assembly/distribution/bin-frame/bottom-interface.md[0m
[33m             Error: Could not locate the included file 'fastener-legend.html' in any of ["/Users/spencer/Documents/GitHub/sorter-v2-04/docs/_includes"]. Ensure it exists in one of those directories and, if it is a symlink, does not point outside your site source.[0m
[33m             Error: Run jekyll build --trace for more information.[0m
                    
      Regenerating: 1 file(s) changed at 2026-08-20 21:17:11
                    node_modules/.vite-temp/vite.config.ts.timestamp-1787275030833-72bc71411ca98.mjs
[33mYAML Exception reading /Users/spencer/Documents/GitHub/sorter-v2-04/docs/src/content/hardware/electronics/psu-pigtail.md: (<unknown>): mapping values are not allowed in this context at line 8 column 64 [0m
[33mYAML Exception reading /Users/spencer/Documents/GitHub/sorter-v2-04/docs/src/content/lab/operation-target-10ppm-2026-04-25.md: (<unknown>): mapping values are not allowed in this context at line 11 column 68 [0m
[33m     Build Warning: Layout 'default' requested in src/content/hardware/BOM.md does not exist.[0m
[33m     Build Warning: Layout 'default' requested in src/content/hardware/assembly/feeder/arranging-c-channels.md does not exist.[0m
[31m  Liquid Exception: Could not locate the included file 'fastener-legend.html' in any of ["/Users/spencer/Documents/GitHub/sorter-v2-04/docs/_includes"]. Ensure it exists in one of those directories and, if it is a symlink, does not point outside your site source. in src/content/hardware/assembly/distribution/bin-frame/bottom-interface.md[0m
[33m             Error: Could not locate the included file 'fastener-legend.html' in any of ["/Users/spencer/Documents/GitHub/sorter-v2-04/docs/_includes"]. Ensure it exists in one of those directories and, if it is a symlink, does not point outside your site source.[0m
[33m             Error: Run jekyll build --trace for more information.[0m
                    
      Regenerating: 1 file(s) changed at 2026-08-20 21:17:12
                    node_modules/.vite-temp/vite.config.ts.timestamp-1787275032381-8255b6254a4e.mjs
[33mYAML Exception reading /Users/spencer/Documents/GitHub/sorter-v2-04/docs/src/content/hardware/electronics/psu-pigtail.md: (<unknown>): mapping values are not allowed in this context at line 8 column 64 [0m
[33mYAML Exception reading /Users/spencer/Documents/GitHub/sorter-v2-04/docs/src/content/lab/operation-target-10ppm-2026-04-25.md: (<unknown>): mapping values are not allowed in this context at line 11 column 68 [0m
[33m     Build Warning: Layout 'default' requested in src/content/hardware/BOM.md does not exist.[0m
[33m     Build Warning: Layout 'default' requested in src/content/hardware/assembly/feeder/arranging-c-channels.md does not exist.[0m
[31m  Liquid Exception: Could not locate the included file 'fastener-legend.html' in any of ["/Users/spencer/Documents/GitHub/sorter-v2-04/docs/_includes"]. Ensure it exists in one of those directories and, if it is a symlink, does not point outside your site source. in src/content/hardware/assembly/distribution/bin-frame/bottom-interface.md[0m
[33m             Error: Could not locate the included file 'fastener-legend.html' in any of ["/Users/spencer/Documents/GitHub/sorter-v2-04/docs/_includes"]. Ensure it exists in one of those directories and, if it is a symlink, does not point outside your site source.[0m
[33m             Error: Run jekyll build --trace for more information.[0m
                    
      Regenerating: 1 file(s) changed at 2026-08-20 21:17:14
                    node_modules/.vite-temp/vite.config.ts.timestamp-1787275033736-f0ca1346dfe88.mjs
[33mYAML Exception reading /Users/spencer/Documents/GitHub/sorter-v2-04/docs/src/content/hardware/electronics/psu-pigtail.md: (<unknown>): mapping values are not allowed in this context at line 8 column 64 [0m
[33mYAML Exception reading /Users/spencer/Documents/GitHub/sorter-v2-04/docs/src/content/lab/operation-target-10ppm-2026-04-25.md: (<unknown>): mapping values are not allowed in this context at line 11 column 68 [0m
[33m     Build Warning: Layout 'default' requested in src/content/hardware/BOM.md does not exist.[0m
[33m     Build Warning: Layout 'default' requested in src/content/hardware/assembly/feeder/arranging-c-channels.md does not exist.[0m
[31m  Liquid Exception: Could not locate the included file 'fastener-legend.html' in any of ["/Users/spencer/Documents/GitHub/sorter-v2-04/docs/_includes"]. Ensure it exists in one of those directories and, if it is a symlink, does not point outside your site source. in src/content/hardware/assembly/distribution/bin-frame/bottom-interface.md[0m
[33m             Error: Could not locate the included file 'fastener-legend.html' in any of ["/Users/spencer/Documents/GitHub/sorter-v2-04/docs/_includes"]. Ensure it exists in one of those directories and, if it is a symlink, does not point outside your site source.[0m
[33m             Error: Run jekyll build --trace for more information.[0m
                    
      Regenerating: 1 file(s) changed at 2026-08-20 21:17:14
                    node_modules/.vite-temp/vite.config.ts.timestamp-1787275033736-f0ca1346dfe88.mjs
[33mYAML Exception reading /Users/spencer/Documents/GitHub/sorter-v2-04/docs/src/content/hardware/electronics/psu-pigtail.md: (<unknown>): mapping values are not allowed in this context at line 8 column 64 [0m
[33mYAML Exception reading /Users/spencer/Documents/GitHub/sorter-v2-04/docs/src/content/lab/operation-target-10ppm-2026-04-25.md: (<unknown>): mapping values are not allowed in this context at line 11 column 68 [0m
[33m     Build Warning: Layout 'default' requested in src/content/hardware/BOM.md does not exist.[0m
[33m     Build Warning: Layout 'default' requested in src/content/hardware/assembly/feeder/arranging-c-channels.md does not exist.[0m
[31m  Liquid Exception: Could not locate the included file 'fastener-legend.html' in any of ["/Users/spencer/Documents/GitHub/sorter-v2-04/docs/_includes"]. Ensure it exists in one of those directories and, if it is a symlink, does not point outside your site source. in src/content/hardware/assembly/distribution/bin-frame/bottom-interface.md[0m
[33m             Error: Could not locate the included file 'fastener-legend.html' in any of ["/Users/spencer/Documents/GitHub/sorter-v2-04/docs/_includes"]. Ensure it exists in one of those directories and, if it is a symlink, does not point outside your site source.[0m
[33m             Error: Run jekyll build --trace for more information.[0m
                    
      Regenerating: 1 file(s) changed at 2026-08-20 21:17:30
                    .jekyll.log
[33mYAML Exception reading /Users/spencer/Documents/GitHub/sorter-v2-04/docs/src/content/hardware/electronics/psu-pigtail.md: (<unknown>): mapping values are not allowed in this context at line 8 column 64 [0m
[33mYAML Exception reading /Users/spencer/Documents/GitHub/sorter-v2-04/docs/src/content/lab/operation-target-10ppm-2026-04-25.md: (<unknown>): mapping values are not allowed in this context at line 11 column 68 [0m
[33m     Build Warning: Layout 'default' requested in src/content/hardware/BOM.md does not exist.[0m
[33m     Build Warning: Layout 'default' requested in src/content/hardware/assembly/feeder/arranging-c-channels.md does not exist.[0m
[31m  Liquid Exception: Could not locate the included file 'fastener-legend.html' in any of ["/Users/spencer/Documents/GitHub/sorter-v2-04/docs/_includes"]. Ensure it exists in one of those directories and, if it is a symlink, does not point outside your site source. in src/content/hardware/assembly/distribution/bin-frame/bottom-interface.md[0m
[33m             Error: Could not locate the included file 'fastener-legend.html' in any of ["/Users/spencer/Documents/GitHub/sorter-v2-04/docs/_includes"]. Ensure it exists in one of those directories and, if it is a symlink, does not point outside your site source.[0m
[33m             Error: Run jekyll build --trace for more information.[0m
                    
      Regenerating: 356 file(s) changed at 2026-08-20 21:17:30
                    .svelte-kit/generated/client-optimized/nodes/2.js
                    .svelte-kit/generated/client-optimized/nodes/0.js
                    .svelte-kit/generated/client-optimized/nodes/1.js
                    .svelte-kit/generated/client-optimized/matchers.js
                    .svelte-kit/generated/client-optimized/app.js
                    .svelte-kit/generated/server/internal.js
                    .svelte-kit/generated/shared/error-template.js
                    .svelte-kit/generated/root.js
                    .svelte-kit/generated/root.svelte
                    .svelte-kit/generated/client/nodes/2.js
                    .svelte-kit/generated/client/nodes/0.js
                    .svelte-kit/generated/client/nodes/1.js
                    .svelte-kit/generated/client/matchers.js
                    .svelte-kit/generated/client/app.js
                    .svelte-kit/non-ambient.d.ts
                    .svelte-kit/types/route_meta_data.json
                    .svelte-kit/types/src/routes/[...path]/proxy+page.server.ts
                    .svelte-kit/types/src/routes/[...path]/$types.d.ts
                    .svelte-kit/types/src/routes/$types.d.ts
                    .svelte-kit/env.d.ts
                    .svelte-kit/output/prerendered/dependencies/hardware/BOM/__data.json
                    .svelte-kit/output/prerendered/dependencies/hardware/electronics/psu-pigtail/__data.json
                    .svelte-kit/output/prerendered/dependencies/hardware/electronics/order/__data.json
                    .svelte-kit/output/prerendered/dependencies/hardware/electronics/__data.json
                    .svelte-kit/output/prerendered/dependencies/hardware/electronics/wireviz/__data.json
                    .svelte-kit/output/prerendered/dependencies/hardware/electronics/steppers/__data.json
                    .svelte-kit/output/prerendered/dependencies/hardware/assembly/feeder/arranging-c-channels/__data.json
                    .svelte-kit/output/prerendered/dependencies/hardware/assembly/feeder/__data.json
                    .svelte-kit/output/prerendered/dependencies/hardware/assembly/feeder/c-channel/__data.json
                    .svelte-kit/output/prerendered/dependencies/hardware/assembly/feeder/classification-chamber/__data.json
                    .svelte-kit/output/prerendered/dependencies/hardware/assembly/distribution/top-interface/__data.json
                    .svelte-kit/output/prerendered/dependencies/hardware/assembly/distribution/external-bracket/__data.json
                    .svelte-kit/output/prerendered/dependencies/hardware/assembly/distribution/bin-frame/regular-layers/__data.json
                    .svelte-kit/output/prerendered/dependencies/hardware/assembly/distribution/bin-frame/__data.json
                    .svelte-kit/output/prerendered/dependencies/hardware/assembly/distribution/bin-frame/bottom-interface/__data.json
                    .svelte-kit/output/prerendered/dependencies/hardware/assembly/distribution/bin-frame/bottom-two-layers/__data.json
                    .svelte-kit/output/prerendered/dependencies/hardware/assembly/distribution/__data.json
                    .svelte-kit/output/prerendered/dependencies/hardware/assembly/distribution/chute/door-module/__data.json
                    .svelte-kit/output/prerendered/dependencies/hardware/assembly/distribution/chute/layer-connectors/__data.json
                    .svelte-kit/output/prerendered/dependencies/hardware/assembly/distribution/chute/mg995-servo/servo-mount/__data.json
                    .svelte-kit/output/prerendered/dependencies/hardware/assembly/distribution/chute/mg995-servo/__data.json
                    .svelte-kit/output/prerendered/dependencies/hardware/assembly/distribution/chute/mg995-servo/how-to-install/__data.json
                    .svelte-kit/output/prerendered/dependencies/hardware/assembly/distribution/chute/__data.json
                    .svelte-kit/output/prerendered/dependencies/hardware/assembly/distribution/chute/chute-core/__data.json
                    .svelte-kit/output/prerendered/dependencies/hardware/assembly/distribution/chute/pcb/__data.json
                    .svelte-kit/output/prerendered/dependencies/hardware/assembly/distribution/chute/funnel/__data.json
                    .svelte-kit/output/prerendered/dependencies/hardware/assembly/__data.json
                    .svelte-kit/output/prerendered/dependencies/hardware/assembly/software-setup/__data.json
                    .svelte-kit/output/prerendered/dependencies/hardware/__data.json
                    .svelte-kit/output/prerendered/dependencies/hardware/orange-pi-5/__data.json
                    .svelte-kit/output/prerendered/dependencies/hardware/parts/lazy-susan/__data.json
                    .svelte-kit/output/prerendered/dependencies/hardware/parts/__data.json
                    .svelte-kit/output/prerendered/dependencies/hardware/helpers/lazy-susan/__data.json
                    .svelte-kit/output/prerendered/dependencies/hardware/helpers/__data.json
                    .svelte-kit/output/prerendered/dependencies/hardware/helpers/pulley-gear-mod/__data.json
                    .svelte-kit/output/prerendered/dependencies/hardware/helpers/heat-inserts/__data.json
                    .svelte-kit/output/prerendered/dependencies/sorter/dev-flow/__data.json
                    .svelte-kit/output/prerendered/dependencies/sorter/camera-calibration/__data.json
                    .svelte-kit/output/prerendered/dependencies/sorter/profile-reference/__data.json
                    .svelte-kit/output/prerendered/dependencies/sorter/machine-toml-reference/__data.json
                    .svelte-kit/output/prerendered/dependencies/sorter/__data.json
                    .svelte-kit/output/prerendered/dependencies/sorter/what-leaves-the-machine/__data.json
                    .svelte-kit/output/prerendered/dependencies/sorter/installation/sorter-os/__data.json
                    .svelte-kit/output/prerendered/dependencies/sorter/installation/by-hand/__data.json
                    .svelte-kit/output/prerendered/dependencies/sorter/installation/linux-generic/__data.json
                    .svelte-kit/output/prerendered/dependencies/sorter/installation/__data.json
                    .svelte-kit/output/prerendered/dependencies/sorter/troubleshooting/__data.json
                    .svelte-kit/output/prerendered/dependencies/sorter/happy-path-incident-inventory/__data.json
                    .svelte-kit/output/prerendered/dependencies/sorter/safe-shutdown/__data.json
                    .svelte-kit/output/prerendered/dependencies/sorter/tutorials/first-sort-run/__data.json
                    .svelte-kit/output/prerendered/dependencies/c1-c3-current-behavior-review/__data.json
                    .svelte-kit/output/prerendered/dependencies/lab/software-architecture-decisions/__data.json
                    .svelte-kit/output/prerendered/dependencies/lab/classification-research/__data.json
                    .svelte-kit/output/prerendered/dependencies/lab/__data.json
                    .svelte-kit/output/prerendered/dependencies/lab/c-channel-singulation/__data.json
                    .svelte-kit/output/prerendered/dependencies/lab/object-detection/device-benchmarking/__data.json
                    .svelte-kit/output/prerendered/dependencies/lab/object-detection/__data.json
                    .svelte-kit/output/prerendered/dependencies/lab/object-detection/hailo-hef-workflow/__data.json
                    .svelte-kit/output/prerendered/dependencies/lab/object-detection/how-models-are-built/__data.json
                    .svelte-kit/output/prerendered/dependencies/lab/styleguide/__data.json
                    .svelte-kit/output/prerendered/dependencies/lab/feeder-experiments/__data.json
                    .svelte-kit/output/prerendered/dependencies/lab/operation-target-10ppm-2026-04-25/__data.json
                    .svelte-kit/output/prerendered/dependencies/__data.json
                    .svelte-kit/output/prerendered/dependencies/getting-started/__data.json
                    .svelte-kit/output/prerendered/dependencies/hive/__data.json
                    .svelte-kit/output/prerendered/pages/hardware/index.html
                    .svelte-kit/output/prerendered/pages/hardware/BOM/index.html
                    .svelte-kit/output/prerendered/pages/hardware/electronics/psu-pigtail/index.html
                    .svelte-kit/output/prerendered/pages/hardware/electronics/order/index.html
                    .svelte-kit/output/prerendered/pages/hardware/electronics/index.html
                    .svelte-kit/output/prerendered/pages/hardware/electronics/wireviz/index.html
                    .svelte-kit/output/prerendered/pages/hardware/electronics/steppers/index.html
                    .svelte-kit/output/prerendered/pages/hardware/assembly/feeder/arranging-c-channels/index.html
                    .svelte-kit/output/prerendered/pages/hardware/assembly/feeder/index.html
                    .svelte-kit/output/prerendered/pages/hardware/assembly/feeder/c-channel/index.html
                    .svelte-kit/output/prerendered/pages/hardware/assembly/feeder/classification-chamber/index.html
                    .svelte-kit/output/prerendered/pages/hardware/assembly/index.html
                    .svelte-kit/output/prerendered/pages/hardware/assembly/distribution/index.html
                    .svelte-kit/output/prerendered/pages/hardware/assembly/distribution/top-interface/index.html
                    .svelte-kit/output/prerendered/pages/hardware/assembly/distribution/external-bracket/index.html
                    .svelte-kit/output/prerendered/pages/hardware/assembly/distribution/bin-frame/index.html
                    .svelte-kit/output/prerendered/pages/hardware/assembly/distribution/bin-frame/regular-layers/index.html
                    .svelte-kit/output/prerendered/pages/hardware/assembly/distribution/bin-frame/bottom-interface/index.html
                    .svelte-kit/output/prerendered/pages/hardware/assembly/distribution/bin-frame/bottom-two-layers/index.html
                    .svelte-kit/output/prerendered/pages/hardware/assembly/distribution/chute/door-module/index.html
                    .svelte-kit/output/prerendered/pages/hardware/assembly/distribution/chute/index.html
                    .svelte-kit/output/prerendered/pages/hardware/assembly/distribution/chute/layer-connectors/index.html
                    .svelte-kit/output/prerendered/pages/hardware/assembly/distribution/chute/mg995-servo/index.html
                    .svelte-kit/output/prerendered/pages/hardware/assembly/distribution/chute/mg995-servo/servo-mount/index.html
                    .svelte-kit/output/prerendered/pages/hardware/assembly/distribution/chute/mg995-servo/how-to-install/index.html
                    .svelte-kit/output/prerendered/pages/hardware/assembly/distribution/chute/chute-core/index.html
                    .svelte-kit/output/prerendered/pages/hardware/assembly/distribution/chute/pcb/index.html
                    .svelte-kit/output/prerendered/pages/hardware/assembly/distribution/chute/funnel/index.html
                    .svelte-kit/output/prerendered/pages/hardware/assembly/software-setup/index.html
                    .svelte-kit/output/prerendered/pages/hardware/orange-pi-5/index.html
                    .svelte-kit/output/prerendered/pages/hardware/parts/lazy-susan/index.html
                    .svelte-kit/output/prerendered/pages/hardware/parts/index.html
                    .svelte-kit/output/prerendered/pages/hardware/helpers/lazy-susan/index.html
                    .svelte-kit/output/prerendered/pages/hardware/helpers/index.html
                    .svelte-kit/output/prerendered/pages/hardware/helpers/pulley-gear-mod/index.html
                    .svelte-kit/output/prerendered/pages/hardware/helpers/heat-inserts/index.html
                    .svelte-kit/output/prerendered/pages/index.html
                    .svelte-kit/output/prerendered/pages/sorter/dev-flow/index.html
                    .svelte-kit/output/prerendered/pages/sorter/camera-calibration/index.html
                    .svelte-kit/output/prerendered/pages/sorter/profile-reference/index.html
                    .svelte-kit/output/prerendered/pages/sorter/index.html
                    .svelte-kit/output/prerendered/pages/sorter/machine-toml-reference/index.html
                    .svelte-kit/output/prerendered/pages/sorter/what-leaves-the-machine/index.html
                    .svelte-kit/output/prerendered/pages/sorter/installation/sorter-os/index.html
                    .svelte-kit/output/prerendered/pages/sorter/installation/index.html
                    .svelte-kit/output/prerendered/pages/sorter/installation/by-hand/index.html
                    .svelte-kit/output/prerendered/pages/sorter/installation/linux-generic/index.html
                    .svelte-kit/output/prerendered/pages/sorter/troubleshooting/index.html
                    .svelte-kit/output/prerendered/pages/sorter/happy-path-incident-inventory/index.html
                    .svelte-kit/output/prerendered/pages/sorter/safe-shutdown/index.html
                    .svelte-kit/output/prerendered/pages/sorter/tutorials/first-sort-run/index.html
                    .svelte-kit/output/prerendered/pages/c1-c3-current-behavior-review/index.html
                    .svelte-kit/output/prerendered/pages/lab/software-architecture-decisions/index.html
                    .svelte-kit/output/prerendered/pages/lab/index.html
                    .svelte-kit/output/prerendered/pages/lab/classification-research/index.html
                    .svelte-kit/output/prerendered/pages/lab/c-channel-singulation/index.html
                    .svelte-kit/output/prerendered/pages/lab/object-detection/device-benchmarking/index.html
                    .svelte-kit/output/prerendered/pages/lab/object-detection/index.html
                    .svelte-kit/output/prerendered/pages/lab/object-detection/hailo-hef-workflow/index.html
                    .svelte-kit/output/prerendered/pages/lab/object-detection/how-models-are-built/index.html
                    .svelte-kit/output/prerendered/pages/lab/styleguide/index.html
                    .svelte-kit/output/prerendered/pages/lab/feeder-experiments/index.html
                    .svelte-kit/output/prerendered/pages/lab/operation-target-10ppm-2026-04-25/index.html
                    .svelte-kit/output/prerendered/pages/getting-started/index.html
                    .svelte-kit/output/prerendered/pages/hive/index.html
                    .svelte-kit/output/server/entries/fallbacks/error.svelte.js
                    .svelte-kit/output/server/entries/pages/_layout.server.ts.js
                    .svelte-kit/output/server/entries/pages/_layout.svelte.js
                    .svelte-kit/output/server/entries/pages/_...path_/_page.svelte.js
                    .svelte-kit/output/server/entries/pages/_...path_/_page.server.ts.js
                    .svelte-kit/output/server/nodes/2.js
                    .svelte-kit/output/server/nodes/0.js
                    .svelte-kit/output/server/nodes/1.js
                    .svelte-kit/output/server/internal.js
                    .svelte-kit/output/server/manifest.js
                    .svelte-kit/output/server/index.js
                    .svelte-kit/output/server/env.js
                    .svelte-kit/output/server/chunks/server.js
                    .svelte-kit/output/server/chunks/internal.js
                    .svelte-kit/output/server/chunks/exports.js
                    .svelte-kit/output/server/chunks/index.js
                    .svelte-kit/output/server/chunks/index2.js
                    .svelte-kit/output/server/chunks/utils2.js
                    .svelte-kit/output/server/chunks/root.js
                    .svelte-kit/output/server/chunks/utils.js
                    .svelte-kit/output/server/chunks/content.js
                    .svelte-kit/output/server/remote-entry.js
                    .svelte-kit/output/server/manifest-full.js
                    .svelte-kit/output/server/_app/immutable/assets/_layout.BMKL5nHo.css
                    .svelte-kit/output/server/.vite/manifest.json
                    .svelte-kit/output/client/404.html
                    .svelte-kit/output/client/assets/pi5-01.png
                    .svelte-kit/output/client/assets/basically-logo.svg
                    .svelte-kit/output/client/assets/favicon-192.png
                    .svelte-kit/output/client/assets/favicon.ico
                    .svelte-kit/output/client/assets/apple-touch-icon.png
                    .svelte-kit/output/client/assets/favicon-96.png
                    .svelte-kit/output/client/assets/png-transparent-siemens-star-focus-camera-optics-charts-angle-lens-triangle.png
                    .svelte-kit/output/client/_app/version.json
                    .svelte-kit/output/client/_app/immutable/nodes/2.CI5mzhQo.js
                    .svelte-kit/output/client/_app/immutable/nodes/1.EPfhPvHz.js
                    .svelte-kit/output/client/_app/immutable/nodes/0.C_oo0atX.js
                    .svelte-kit/output/client/_app/immutable/entry/app.Cl1XOx_Z.js
                    .svelte-kit/output/client/_app/immutable/entry/start.DwTxq8tl.js
                    .svelte-kit/output/client/_app/immutable/chunks/wbPk3Yxo.js
                    .svelte-kit/output/client/_app/immutable/chunks/BrNM8hpo.js
                    .svelte-kit/output/client/_app/immutable/chunks/CnBY5Msw.js
                    .svelte-kit/output/client/_app/immutable/chunks/0AsbCKfH.js
                    .svelte-kit/output/client/_app/immutable/chunks/DFN31AeT.js
                    .svelte-kit/output/client/_app/immutable/chunks/CqyU6X28.js
                    .svelte-kit/output/client/_app/immutable/chunks/DH6kVJX4.js
                    .svelte-kit/output/client/_app/immutable/chunks/YY9by26O.js
                    .svelte-kit/output/client/_app/immutable/chunks/Dig18vMl.js
                    .svelte-kit/output/client/_app/immutable/assets/0.BMKL5nHo.css
                    .svelte-kit/output/client/.vite/manifest.json
                    .svelte-kit/ambient.d.ts
                    .svelte-kit/tsconfig.json
                    build/hardware/index.html
                    build/hardware/BOM/index.html
                    build/hardware/BOM/__data.json
                    build/hardware/electronics/psu-pigtail/index.html
                    build/hardware/electronics/psu-pigtail/__data.json
                    build/hardware/electronics/order/index.html
                    build/hardware/electronics/order/__data.json
                    build/hardware/electronics/index.html
                    build/hardware/electronics/__data.json
                    build/hardware/electronics/wireviz/index.html
                    build/hardware/electronics/wireviz/__data.json
                    build/hardware/electronics/steppers/index.html
                    build/hardware/electronics/steppers/__data.json
                    build/hardware/assembly/feeder/arranging-c-channels/index.html
                    build/hardware/assembly/feeder/arranging-c-channels/__data.json
                    build/hardware/assembly/feeder/index.html
                    build/hardware/assembly/feeder/__data.json
                    build/hardware/assembly/feeder/c-channel/index.html
                    build/hardware/assembly/feeder/c-channel/__data.json
                    build/hardware/assembly/feeder/classification-chamber/index.html
                    build/hardware/assembly/feeder/classification-chamber/__data.json
                    build/hardware/assembly/index.html
                    build/hardware/assembly/distribution/index.html
                    build/hardware/assembly/distribution/top-interface/index.html
                    build/hardware/assembly/distribution/top-interface/__data.json
                    build/hardware/assembly/distribution/external-bracket/index.html
                    build/hardware/assembly/distribution/external-bracket/__data.json
                    build/hardware/assembly/distribution/bin-frame/index.html
                    build/hardware/assembly/distribution/bin-frame/regular-layers/index.html
                    build/hardware/assembly/distribution/bin-frame/regular-layers/__data.json
                    build/hardware/assembly/distribution/bin-frame/__data.json
                    build/hardware/assembly/distribution/bin-frame/bottom-interface/index.html
                    build/hardware/assembly/distribution/bin-frame/bottom-interface/__data.json
                    build/hardware/assembly/distribution/bin-frame/bottom-two-layers/index.html
                    build/hardware/assembly/distribution/bin-frame/bottom-two-layers/__data.json
                    build/hardware/assembly/distribution/__data.json
                    build/hardware/assembly/distribution/chute/door-module/index.html
                    build/hardware/assembly/distribution/chute/door-module/__data.json
                    build/hardware/assembly/distribution/chute/index.html
                    build/hardware/assembly/distribution/chute/layer-connectors/index.html
                    build/hardware/assembly/distribution/chute/layer-connectors/__data.json
                    build/hardware/assembly/distribution/chute/mg995-servo/index.html
                    build/hardware/assembly/distribution/chute/mg995-servo/servo-mount/index.html
                    build/hardware/assembly/distribution/chute/mg995-servo/servo-mount/__data.json
                    build/hardware/assembly/distribution/chute/mg995-servo/__data.json
                    build/hardware/assembly/distribution/chute/mg995-servo/how-to-install/index.html
                    build/hardware/assembly/distribution/chute/mg995-servo/how-to-install/__data.json
                    build/hardware/assembly/distribution/chute/__data.json
                    build/hardware/assembly/distribution/chute/chute-core/index.html
                    build/hardware/assembly/distribution/chute/chute-core/__data.json
                    build/hardware/assembly/distribution/chute/pcb/index.html
                    build/hardware/assembly/distribution/chute/pcb/__data.json
                    build/hardware/assembly/distribution/chute/funnel/index.html
                    build/hardware/assembly/distribution/chute/funnel/__data.json
                    build/hardware/assembly/__data.json
                    build/hardware/assembly/software-setup/index.html
                    build/hardware/assembly/software-setup/__data.json
                    build/hardware/__data.json
                    build/hardware/orange-pi-5/index.html
                    build/hardware/orange-pi-5/__data.json
                    build/hardware/parts/lazy-susan/index.html
                    build/hardware/parts/lazy-susan/__data.json
                    build/hardware/parts/index.html
                    build/hardware/parts/__data.json
                    build/hardware/helpers/lazy-susan/index.html
                    build/hardware/helpers/lazy-susan/__data.json
                    build/hardware/helpers/index.html
                    build/hardware/helpers/__data.json
                    build/hardware/helpers/pulley-gear-mod/index.html
                    build/hardware/helpers/pulley-gear-mod/__data.json
                    build/hardware/helpers/heat-inserts/index.html
                    build/hardware/helpers/heat-inserts/__data.json
                    build/index.html
                    build/sorter/dev-flow/index.html
                    build/sorter/dev-flow/__data.json
                    build/sorter/camera-calibration/index.html
                    build/sorter/camera-calibration/__data.json
                    build/sorter/profile-reference/index.html
                    build/sorter/profile-reference/__data.json
                    build/sorter/index.html
                    build/sorter/machine-toml-reference/index.html
                    build/sorter/machine-toml-reference/__data.json
                    build/sorter/__data.json
                    build/sorter/what-leaves-the-machine/index.html
                    build/sorter/what-leaves-the-machine/__data.json
                    build/sorter/installation/sorter-os/index.html
                    build/sorter/installation/sorter-os/__data.json
                    build/sorter/installation/index.html
                    build/sorter/installation/by-hand/index.html
                    build/sorter/installation/by-hand/__data.json
                    build/sorter/installation/linux-generic/index.html
                    build/sorter/installation/linux-generic/__data.json
                    build/sorter/installation/__data.json
                    build/sorter/troubleshooting/index.html
                    build/sorter/troubleshooting/__data.json
                    build/sorter/happy-path-incident-inventory/index.html
                    build/sorter/happy-path-incident-inventory/__data.json
                    build/sorter/safe-shutdown/index.html
                    build/sorter/safe-shutdown/__data.json
                    build/sorter/tutorials/first-sort-run/index.html
                    build/sorter/tutorials/first-sort-run/__data.json
                    build/c1-c3-current-behavior-review/index.html
                    build/c1-c3-current-behavior-review/__data.json
                    build/lab/software-architecture-decisions/index.html
                    build/lab/software-architecture-decisions/__data.json
                    build/lab/index.html
                    build/lab/classification-research/index.html
                    build/lab/classification-research/__data.json
                    build/lab/__data.json
                    build/lab/c-channel-singulation/index.html
                    build/lab/c-channel-singulation/__data.json
                    build/lab/object-detection/device-benchmarking/index.html
                    build/lab/object-detection/device-benchmarking/__data.json
                    build/lab/object-detection/index.html
                    build/lab/object-detection/__data.json
                    build/lab/object-detection/hailo-hef-workflow/index.html
                    build/lab/object-detection/hailo-hef-workflow/__data.json
                    build/lab/object-detection/how-models-are-built/index.html
                    build/lab/object-detection/how-models-are-built/__data.json
                    build/lab/styleguide/index.html
                    build/lab/styleguide/__data.json
                    build/lab/feeder-experiments/index.html
                    build/lab/feeder-experiments/__data.json
                    build/lab/operation-target-10ppm-2026-04-25/index.html
                    build/lab/operation-target-10ppm-2026-04-25/__data.json
                    build/404.html
                    build/__data.json
                    build/getting-started/index.html
                    build/getting-started/__data.json
                    build/hive/index.html
                    build/hive/__data.json
                    build/assets/pi5-01.png
                    build/assets/basically-logo.svg
                    build/assets/favicon-192.png
                    build/assets/favicon.ico
                    build/assets/apple-touch-icon.png
                    build/assets/favicon-96.png
                    build/assets/png-transparent-siemens-star-focus-camera-optics-charts-angle-lens-triangle.png
                    build/_app/version.json
                    build/_app/immutable/nodes/2.CI5mzhQo.js
                    build/_app/immutable/nodes/1.EPfhPvHz.js
                    build/_app/immutable/nodes/0.C_oo0atX.js
                    build/_app/immutable/entry/app.Cl1XOx_Z.js
                    build/_app/immutable/entry/start.DwTxq8tl.js
                    build/_app/immutable/chunks/wbPk3Yxo.js
                    build/_app/immutable/chunks/BrNM8hpo.js
                    build/_app/immutable/chunks/CnBY5Msw.js
                    build/_app/immutable/chunks/0AsbCKfH.js
                    build/_app/immutable/chunks/DFN31AeT.js
                    build/_app/immutable/chunks/CqyU6X28.js
                    build/_app/immutable/chunks/DH6kVJX4.js
                    build/_app/immutable/chunks/YY9by26O.js
                    build/_app/immutable/chunks/Dig18vMl.js
                    build/_app/immutable/assets/0.BMKL5nHo.css
[33mYAML Exception reading /Users/spencer/Documents/GitHub/sorter-v2-04/docs/src/content/hardware/electronics/psu-pigtail.md: (<unknown>): mapping values are not allowed in this context at line 8 column 64 [0m
[33mYAML Exception reading /Users/spencer/Documents/GitHub/sorter-v2-04/docs/src/content/lab/operation-target-10ppm-2026-04-25.md: (<unknown>): mapping values are not allowed in this context at line 11 column 68 [0m
[33m     Build Warning: Layout 'default' requested in src/content/hardware/BOM.md does not exist.[0m
[33m     Build Warning: Layout 'default' requested in src/content/hardware/assembly/feeder/arranging-c-channels.md does not exist.[0m
[31m  Liquid Exception: Could not locate the included file 'fastener-legend.html' in any of ["/Users/spencer/Documents/GitHub/sorter-v2-04/docs/_includes"]. Ensure it exists in one of those directories and, if it is a symlink, does not point outside your site source. in src/content/hardware/assembly/distribution/bin-frame/bottom-interface.md[0m
[33m             Error: Could not locate the included file 'fastener-legend.html' in any of ["/Users/spencer/Documents/GitHub/sorter-v2-04/docs/_includes"]. Ensure it exists in one of those directories and, if it is a symlink, does not point outside your site source.[0m
[33m             Error: Run jekyll build --trace for more information.[0m
                    
      Regenerating: 1 file(s) changed at 2026-08-20 21:17:31
                    .jekyll.log
[33mYAML Exception reading /Users/spencer/Documents/GitHub/sorter-v2-04/docs/src/content/hardware/electronics/psu-pigtail.md: (<unknown>): mapping values are not allowed in this context at line 8 column 64 [0m
[33mYAML Exception reading /Users/spencer/Documents/GitHub/sorter-v2-04/docs/src/content/lab/operation-target-10ppm-2026-04-25.md: (<unknown>): mapping values are not allowed in this context at line 11 column 68 [0m
[33m     Build Warning: Layout 'default' requested in src/content/hardware/BOM.md does not exist.[0m
[33m     Build Warning: Layout 'default' requested in src/content/hardware/assembly/feeder/arranging-c-channels.md does not exist.[0m
[31m  Liquid Exception: Could not locate the included file 'fastener-legend.html' in any of ["/Users/spencer/Documents/GitHub/sorter-v2-04/docs/_includes"]. Ensure it exists in one of those directories and, if it is a symlink, does not point outside your site source. in src/content/hardware/assembly/distribution/bin-frame/bottom-interface.md[0m
[33m             Error: Could not locate the included file 'fastener-legend.html' in any of ["/Users/spencer/Documents/GitHub/sorter-v2-04/docs/_includes"]. Ensure it exists in one of those directories and, if it is a symlink, does not point outside your site source.[0m
[33m             Error: Run jekyll build --trace for more information.[0m
                    
      Regenerating: 1 file(s) changed at 2026-08-20 21:21:06
                    node_modules/.vite-temp/vite.config.ts.timestamp-1787275266594-d3108872433fd.mjs
[33mYAML Exception reading /Users/spencer/Documents/GitHub/sorter-v2-04/docs/src/content/hardware/electronics/psu-pigtail.md: (<unknown>): mapping values are not allowed in this context at line 8 column 64 [0m
[33mYAML Exception reading /Users/spencer/Documents/GitHub/sorter-v2-04/docs/src/content/lab/operation-target-10ppm-2026-04-25.md: (<unknown>): mapping values are not allowed in this context at line 11 column 68 [0m
[33m     Build Warning: Layout 'default' requested in src/content/hardware/BOM.md does not exist.[0m
[33m     Build Warning: Layout 'default' requested in src/content/hardware/assembly/feeder/arranging-c-channels.md does not exist.[0m
[31m  Liquid Exception: Could not locate the included file 'fastener-legend.html' in any of ["/Users/spencer/Documents/GitHub/sorter-v2-04/docs/_includes"]. Ensure it exists in one of those directories and, if it is a symlink, does not point outside your site source. in src/content/hardware/assembly/distribution/bin-frame/bottom-interface.md[0m
[33m             Error: Could not locate the included file 'fastener-legend.html' in any of ["/Users/spencer/Documents/GitHub/sorter-v2-04/docs/_includes"]. Ensure it exists in one of those directories and, if it is a symlink, does not point outside your site source.[0m
[33m             Error: Run jekyll build --trace for more information.[0m
                    
      Regenerating: 18 file(s) changed at 2026-08-20 21:21:07
                    .svelte-kit/generated/server/internal.js
                    .svelte-kit/generated/shared/error-template.js
                    .svelte-kit/generated/root.js
                    .svelte-kit/generated/root.svelte
                    .svelte-kit/generated/client/nodes/2.js
                    .svelte-kit/generated/client/nodes/0.js
                    .svelte-kit/generated/client/nodes/1.js
                    .svelte-kit/generated/client/matchers.js
                    .svelte-kit/generated/client/app.js
                    .svelte-kit/non-ambient.d.ts
                    .svelte-kit/types/route_meta_data.json
                    .svelte-kit/types/src/routes/[...path]/proxy+page.server.ts
                    .svelte-kit/types/src/routes/[...path]/$types.d.ts
                    .svelte-kit/types/src/routes/$types.d.ts
                    .svelte-kit/env.d.ts
                    .svelte-kit/ambient.d.ts
                    .svelte-kit/tsconfig.json
                    node_modules/.vite-temp/vite.config.ts.timestamp-1787275266594-d3108872433fd.mjs
[33mYAML Exception reading /Users/spencer/Documents/GitHub/sorter-v2-04/docs/src/content/hardware/electronics/psu-pigtail.md: (<unknown>): mapping values are not allowed in this context at line 8 column 64 [0m
[33mYAML Exception reading /Users/spencer/Documents/GitHub/sorter-v2-04/docs/src/content/lab/operation-target-10ppm-2026-04-25.md: (<unknown>): mapping values are not allowed in this context at line 11 column 68 [0m
[33m     Build Warning: Layout 'default' requested in src/content/hardware/BOM.md does not exist.[0m
[33m     Build Warning: Layout 'default' requested in src/content/hardware/assembly/feeder/arranging-c-channels.md does not exist.[0m
[31m  Liquid Exception: Could not locate the included file 'fastener-legend.html' in any of ["/Users/spencer/Documents/GitHub/sorter-v2-04/docs/_includes"]. Ensure it exists in one of those directories and, if it is a symlink, does not point outside your site source. in src/content/hardware/assembly/distribution/bin-frame/bottom-interface.md[0m
[33m             Error: Could not locate the included file 'fastener-legend.html' in any of ["/Users/spencer/Documents/GitHub/sorter-v2-04/docs/_includes"]. Ensure it exists in one of those directories and, if it is a symlink, does not point outside your site source.[0m
[33m             Error: Run jekyll build --trace for more information.[0m
                    
      Regenerating: 67 file(s) changed at 2026-08-20 21:21:07
                    node_modules/.vite/_svelte_metadata.json
                    node_modules/.vite/deps/_metadata.json
                    node_modules/.vite/deps/chunk-7RQDXF5S.js
                    node_modules/.vite/deps/svelte_internal_client.js
                    node_modules/.vite/deps/svelte_animate.js.map
                    node_modules/.vite/deps/svelte_store.js
                    node_modules/.vite/deps/chunk-OHYQYV5R.js.map
                    node_modules/.vite/deps/chunk-ZSMXIUAP.js.map
                    node_modules/.vite/deps/svelte_events.js.map
                    node_modules/.vite/deps/chunk-23AMGWAI.js.map
                    node_modules/.vite/deps/svelte_internal_disclose-version.js.map
                    node_modules/.vite/deps/svelte_motion.js
                    node_modules/.vite/deps/chunk-HNWPC2PS.js
                    node_modules/.vite/deps/chunk-OHYQYV5R.js
                    node_modules/.vite/deps/svelte_motion.js.map
                    node_modules/.vite/deps/svelte_attachments.js.map
                    node_modules/.vite/deps/chunk-YZSWGORE.js.map
                    node_modules/.vite/deps/svelte_transition.js.map
                    node_modules/.vite/deps/svelte_internal_flags_async.js.map
                    node_modules/.vite/deps/svelte_internal_disclose-version.js
                    node_modules/.vite/deps/svelte_legacy.js.map
                    node_modules/.vite/deps/chunk-LOJB2XHW.js
                    node_modules/.vite/deps/svelte_internal_flags_tracing.js
                    node_modules/.vite/deps/svelte.js.map
                    node_modules/.vite/deps/svelte_reactivity.js
                    node_modules/.vite/deps/chunk-LOJB2XHW.js.map
                    node_modules/.vite/deps/chunk-UBNTSE2R.js
                    node_modules/.vite/deps/svelte_internal_flags_async.js
                    node_modules/.vite/deps/svelte_reactivity.js.map
                    node_modules/.vite/deps/svelte_legacy.js
                    node_modules/.vite/deps/svelte___clsx.js
                    node_modules/.vite/deps/svelte_animate.js
                    node_modules/.vite/deps/svelte_reactivity_window.js.map
                    node_modules/.vite/deps/chunk-YZSWGORE.js
                    node_modules/.vite/deps/package.json
                    node_modules/.vite/deps/svelte_internal_flags_legacy.js.map
                    node_modules/.vite/deps/chunk-23AMGWAI.js
                    node_modules/.vite/deps/svelte___clsx.js.map
                    node_modules/.vite/deps/chunk-YERFD2CZ.js
                    node_modules/.vite/deps/svelte_internal_flags_tracing.js.map
                    node_modules/.vite/deps/chunk-ZSMXIUAP.js
                    node_modules/.vite/deps/chunk-U7P2NEEE.js
                    node_modules/.vite/deps/chunk-UWQDLJPI.js
                    node_modules/.vite/deps/svelte_internal_client.js.map
                    node_modules/.vite/deps/chunk-7RQDXF5S.js.map
                    node_modules/.vite/deps/chunk-HNWPC2PS.js.map
                    node_modules/.vite/deps/svelte_easing.js.map
                    node_modules/.vite/deps/svelte_attachments.js
                    node_modules/.vite/deps/chunk-UWQDLJPI.js.map
                    node_modules/.vite/deps/svelte_store.js.map
                    node_modules/.vite/deps/chunk-UBNTSE2R.js.map
                    node_modules/.vite/deps/svelte.js
                    node_modules/.vite/deps/chunk-YERFD2CZ.js.map
                    node_modules/.vite/deps/svelte_transition.js
                    node_modules/.vite/deps/chunk-IHTZ7ZBO.js
                    node_modules/.vite/deps/svelte_internal.js.map
                    node_modules/.vite/deps/esm-env.js
                    node_modules/.vite/deps/chunk-IHTZ7ZBO.js.map
                    node_modules/.vite/deps/chunk-U7P2NEEE.js.map
                    node_modules/.vite/deps/svelte_reactivity_window.js
                    node_modules/.vite/deps/devalue.js
                    node_modules/.vite/deps/svelte_events.js
                    node_modules/.vite/deps/svelte_internal_flags_legacy.js
                    node_modules/.vite/deps/svelte_internal.js
                    node_modules/.vite/deps/esm-env.js.map
                    node_modules/.vite/deps/devalue.js.map
                    node_modules/.vite/deps/svelte_easing.js
[33mYAML Exception reading /Users/spencer/Documents/GitHub/sorter-v2-04/docs/src/content/hardware/electronics/psu-pigtail.md: (<unknown>): mapping values are not allowed in this context at line 8 column 64 [0m
[33mYAML Exception reading /Users/spencer/Documents/GitHub/sorter-v2-04/docs/src/content/lab/operation-target-10ppm-2026-04-25.md: (<unknown>): mapping values are not allowed in this context at line 11 column 68 [0m
[33m     Build Warning: Layout 'default' requested in src/content/hardware/BOM.md does not exist.[0m
[33m     Build Warning: Layout 'default' requested in src/content/hardware/assembly/feeder/arranging-c-channels.md does not exist.[0m
[31m  Liquid Exception: Could not locate the included file 'fastener-legend.html' in any of ["/Users/spencer/Documents/GitHub/sorter-v2-04/docs/_includes"]. Ensure it exists in one of those directories and, if it is a symlink, does not point outside your site source. in src/content/hardware/assembly/distribution/bin-frame/bottom-interface.md[0m
[33m             Error: Could not locate the included file 'fastener-legend.html' in any of ["/Users/spencer/Documents/GitHub/sorter-v2-04/docs/_includes"]. Ensure it exists in one of those directories and, if it is a symlink, does not point outside your site source.[0m
[33m             Error: Run jekyll build --trace for more information.[0m
                    
      Regenerating: 3 file(s) changed at 2026-08-20 21:28:28
                    src/lib/server/content.ts
                    src/lib/components/Requirements.svelte
                    src/routes/layout.css
[33mYAML Exception reading /Users/spencer/Documents/GitHub/sorter-v2-04/docs/src/content/hardware/electronics/psu-pigtail.md: (<unknown>): mapping values are not allowed in this context at line 8 column 64 [0m
[33mYAML Exception reading /Users/spencer/Documents/GitHub/sorter-v2-04/docs/src/content/lab/operation-target-10ppm-2026-04-25.md: (<unknown>): mapping values are not allowed in this context at line 11 column 68 [0m
[33m     Build Warning: Layout 'default' requested in src/content/hardware/BOM.md does not exist.[0m
[33m     Build Warning: Layout 'default' requested in src/content/hardware/assembly/feeder/arranging-c-channels.md does not exist.[0m
[31m  Liquid Exception: Could not locate the included file 'fastener-legend.html' in any of ["/Users/spencer/Documents/GitHub/sorter-v2-04/docs/_includes"]. Ensure it exists in one of those directories and, if it is a symlink, does not point outside your site source. in src/content/hardware/assembly/distribution/bin-frame/bottom-interface.md[0m
[33m             Error: Could not locate the included file 'fastener-legend.html' in any of ["/Users/spencer/Documents/GitHub/sorter-v2-04/docs/_includes"]. Ensure it exists in one of those directories and, if it is a symlink, does not point outside your site source.[0m
[33m             Error: Run jekyll build --trace for more information.[0m
                    
      Regenerating: 1 file(s) changed at 2026-08-20 21:28:50
                    node_modules/.vite-temp/vite.config.ts.timestamp-1787275730631-863ecd8f671cd.mjs
[33mYAML Exception reading /Users/spencer/Documents/GitHub/sorter-v2-04/docs/src/content/hardware/electronics/psu-pigtail.md: (<unknown>): mapping values are not allowed in this context at line 8 column 64 [0m
[33mYAML Exception reading /Users/spencer/Documents/GitHub/sorter-v2-04/docs/src/content/lab/operation-target-10ppm-2026-04-25.md: (<unknown>): mapping values are not allowed in this context at line 11 column 68 [0m
[33m     Build Warning: Layout 'default' requested in src/content/hardware/BOM.md does not exist.[0m
[33m     Build Warning: Layout 'default' requested in src/content/hardware/assembly/feeder/arranging-c-channels.md does not exist.[0m
[31m  Liquid Exception: Could not locate the included file 'fastener-legend.html' in any of ["/Users/spencer/Documents/GitHub/sorter-v2-04/docs/_includes"]. Ensure it exists in one of those directories and, if it is a symlink, does not point outside your site source. in src/content/hardware/assembly/distribution/bin-frame/bottom-interface.md[0m
[33m             Error: Could not locate the included file 'fastener-legend.html' in any of ["/Users/spencer/Documents/GitHub/sorter-v2-04/docs/_includes"]. Ensure it exists in one of those directories and, if it is a symlink, does not point outside your site source.[0m
[33m             Error: Run jekyll build --trace for more information.[0m
                    
      Regenerating: 123 file(s) changed at 2026-08-20 21:28:51
                    .svelte-kit/generated/server/internal.js
                    .svelte-kit/generated/shared/error-template.js
                    .svelte-kit/generated/root.js
                    .svelte-kit/generated/root.svelte
                    .svelte-kit/generated/client/nodes/2.js
                    .svelte-kit/generated/client/nodes/0.js
                    .svelte-kit/generated/client/nodes/1.js
                    .svelte-kit/generated/client/matchers.js
                    .svelte-kit/generated/client/app.js
                    .svelte-kit/non-ambient.d.ts
                    .svelte-kit/types/route_meta_data.json
                    .svelte-kit/types/src/routes/[...path]/proxy+page.server.ts
                    .svelte-kit/types/src/routes/[...path]/$types.d.ts
                    .svelte-kit/types/src/routes/$types.d.ts
                    .svelte-kit/env.d.ts
                    .svelte-kit/ambient.d.ts
                    .svelte-kit/tsconfig.json
                    node_modules/.vite-temp/vite.config.ts.timestamp-1787275730631-863ecd8f671cd.mjs
                    .svelte-kit/output/client/.vite/manifest.json
                    .svelte-kit/output/client/404.html
                    .svelte-kit/output/client/_app/immutable/assets/0.BMKL5nHo.css
                    .svelte-kit/output/client/_app/immutable/chunks/wbPk3Yxo.js
                    .svelte-kit/output/client/_app/immutable/chunks/BrNM8hpo.js
                    .svelte-kit/output/client/_app/immutable/chunks/CnBY5Msw.js
                    .svelte-kit/output/client/_app/immutable/chunks/0AsbCKfH.js
                    .svelte-kit/output/client/_app/immutable/chunks/DFN31AeT.js
                    .svelte-kit/output/client/_app/immutable/chunks/CqyU6X28.js
                    .svelte-kit/output/client/_app/immutable/chunks/DH6kVJX4.js
                    .svelte-kit/output/client/_app/immutable/chunks/YY9by26O.js
                    .svelte-kit/output/client/_app/immutable/chunks/Dig18vMl.js
                    .svelte-kit/output/client/_app/immutable/entry/app.Cl1XOx_Z.js
                    .svelte-kit/output/client/_app/immutable/entry/start.DwTxq8tl.js
                    .svelte-kit/output/client/_app/immutable/nodes/2.CI5mzhQo.js
                    .svelte-kit/output/client/_app/immutable/nodes/1.EPfhPvHz.js
                    .svelte-kit/output/client/_app/immutable/nodes/0.C_oo0atX.js
                    .svelte-kit/output/client/_app/version.json
                    .svelte-kit/output/client/assets/pi5-01.png
                    .svelte-kit/output/client/assets/basically-logo.svg
                    .svelte-kit/output/client/assets/favicon-192.png
                    .svelte-kit/output/client/assets/favicon.ico
                    .svelte-kit/output/client/assets/apple-touch-icon.png
                    .svelte-kit/output/client/assets/favicon-96.png
                    .svelte-kit/output/client/assets/png-transparent-siemens-star-focus-camera-optics-charts-angle-lens-triangle.png
                    .svelte-kit/output/prerendered/dependencies/__data.json
                    .svelte-kit/output/prerendered/dependencies/c1-c3-current-behavior-review/__data.json
                    .svelte-kit/output/prerendered/dependencies/getting-started/__data.json
                    .svelte-kit/output/prerendered/dependencies/hardware/BOM/__data.json
                    .svelte-kit/output/prerendered/dependencies/hardware/__data.json
                    .svelte-kit/output/prerendered/dependencies/hardware/assembly/__data.json
                    .svelte-kit/output/prerendered/dependencies/hardware/assembly/distribution/__data.json
                    .svelte-kit/output/prerendered/dependencies/hardware/assembly/distribution/bin-frame/__data.json
                    .svelte-kit/output/prerendered/dependencies/hardware/assembly/distribution/bin-frame/bottom-interface/__data.json
                    .svelte-kit/output/prerendered/dependencies/hardware/assembly/distribution/bin-frame/bottom-two-layers/__data.json
                    .svelte-kit/output/prerendered/dependencies/hardware/assembly/distribution/bin-frame/regular-layers/__data.json
                    .svelte-kit/output/prerendered/dependencies/hardware/assembly/distribution/chute/__data.json
                    .svelte-kit/output/prerendered/dependencies/hardware/assembly/distribution/chute/chute-core/__data.json
                    .svelte-kit/output/prerendered/dependencies/hardware/assembly/distribution/chute/door-module/__data.json
                    .svelte-kit/output/prerendered/dependencies/hardware/assembly/distribution/chute/funnel/__data.json
                    .svelte-kit/output/prerendered/dependencies/hardware/assembly/distribution/chute/layer-connectors/__data.json
                    .svelte-kit/output/prerendered/dependencies/hardware/assembly/distribution/chute/mg995-servo/__data.json
                    .svelte-kit/output/prerendered/dependencies/hardware/assembly/distribution/chute/mg995-servo/how-to-install/__data.json
                    .svelte-kit/output/prerendered/dependencies/hardware/assembly/distribution/chute/mg995-servo/servo-mount/__data.json
                    .svelte-kit/output/prerendered/dependencies/hardware/assembly/distribution/chute/pcb/__data.json
                    .svelte-kit/output/prerendered/dependencies/hardware/assembly/distribution/external-bracket/__data.json
                    .svelte-kit/output/prerendered/dependencies/hardware/assembly/distribution/top-interface/__data.json
                    .svelte-kit/output/prerendered/dependencies/hardware/assembly/feeder/__data.json
                    .svelte-kit/output/prerendered/dependencies/hardware/assembly/feeder/arranging-c-channels/__data.json
                    .svelte-kit/output/prerendered/dependencies/hardware/assembly/feeder/c-channel/__data.json
                    .svelte-kit/output/prerendered/dependencies/hardware/assembly/feeder/classification-chamber/__data.json
                    .svelte-kit/output/prerendered/dependencies/hardware/assembly/software-setup/__data.json
                    .svelte-kit/output/prerendered/dependencies/hardware/electronics/__data.json
                    .svelte-kit/output/prerendered/dependencies/hardware/electronics/order/__data.json
                    .svelte-kit/output/prerendered/dependencies/hardware/electronics/psu-pigtail/__data.json
                    .svelte-kit/output/prerendered/dependencies/hardware/electronics/steppers/__data.json
                    .svelte-kit/output/prerendered/dependencies/hardware/electronics/wireviz/__data.json
                    .svelte-kit/output/prerendered/dependencies/hardware/helpers/__data.json
                    .svelte-kit/output/prerendered/dependencies/hardware/helpers/heat-inserts/__data.json
                    .svelte-kit/output/prerendered/dependencies/hardware/helpers/lazy-susan/__data.json
                    .svelte-kit/output/prerendered/dependencies/hardware/helpers/pulley-gear-mod/__data.json
                    .svelte-kit/output/prerendered/dependencies/hardware/orange-pi-5/__data.json
                    .svelte-kit/output/prerendered/dependencies/hardware/parts/__data.json
                    .svelte-kit/output/prerendered/dependencies/hardware/parts/lazy-susan/__data.json
                    .svelte-kit/output/prerendered/dependencies/hive/__data.json
                    .svelte-kit/output/prerendered/dependencies/lab/__data.json
                    .svelte-kit/output/prerendered/dependencies/lab/c-channel-singulation/__data.json
                    .svelte-kit/output/prerendered/dependencies/lab/classification-research/__data.json
                    .svelte-kit/output/prerendered/dependencies/lab/feeder-experiments/__data.json
                    .svelte-kit/output/prerendered/dependencies/lab/object-detection/__data.json
                    .svelte-kit/output/prerendered/dependencies/lab/object-detection/device-benchmarking/__data.json
                    .svelte-kit/output/prerendered/dependencies/lab/object-detection/hailo-hef-workflow/__data.json
                    .svelte-kit/output/prerendered/dependencies/lab/object-detection/how-models-are-built/__data.json
                    .svelte-kit/output/prerendered/dependencies/lab/operation-target-10ppm-2026-04-25/__data.json
                    .svelte-kit/output/prerendered/dependencies/lab/software-architecture-decisions/__data.json
                    .svelte-kit/output/prerendered/dependencies/lab/styleguide/__data.json
                    .svelte-kit/output/prerendered/dependencies/sorter/__data.json
                    .svelte-kit/output/prerendered/dependencies/sorter/camera-calibration/__data.json
                    .svelte-kit/output/prerendered/dependencies/sorter/dev-flow/__data.json
                    .svelte-kit/output/prerendered/dependencies/sorter/happy-path-incident-inventory/__data.json
                    .svelte-kit/output/prerendered/dependencies/sorter/installation/__data.json
                    .svelte-kit/output/prerendered/dependencies/sorter/installation/by-hand/__data.json
                    .svelte-kit/output/prerendered/dependencies/sorter/installation/linux-generic/__data.json
                    .svelte-kit/output/prerendered/dependencies/sorter/installation/sorter-os/__data.json
                    .svelte-kit/output/prerendered/dependencies/sorter/machine-toml-reference/__data.json
                    .svelte-kit/output/prerendered/dependencies/sorter/profile-reference/__data.json
                    .svelte-kit/output/prerendered/dependencies/sorter/safe-shutdown/__data.json
                    .svelte-kit/output/prerendered/dependencies/sorter/troubleshooting/__data.json
                    .svelte-kit/output/prerendered/dependencies/sorter/tutorials/first-sort-run/__data.json
                    .svelte-kit/output/prerendered/dependencies/sorter/what-leaves-the-machine/__data.json
                    .svelte-kit/output/prerendered/pages/c1-c3-current-behavior-review/index.html
                    .svelte-kit/output/prerendered/pages/index.html
                    .svelte-kit/output/prerendered/pages/getting-started/index.html
                    .svelte-kit/output/prerendered/pages/hardware/BOM/index.html
                    .svelte-kit/output/prerendered/pages/hardware/index.html
                    .svelte-kit/output/prerendered/pages/hardware/assembly/distribution/bin-frame/bottom-interface/index.html
                    .svelte-kit/output/prerendered/pages/hardware/assembly/distribution/bin-frame/index.html
                    .svelte-kit/output/prerendered/pages/hardware/assembly/distribution/bin-frame/bottom-two-layers/index.html
                    .svelte-kit/output/prerendered/pages/hardware/assembly/distribution/bin-frame/regular-layers/index.html
                    .svelte-kit/output/prerendered/pages/hardware/assembly/distribution/index.html
                    .svelte-kit/output/prerendered/pages/hardware/assembly/distribution/chute/chute-core/index.html
                    .svelte-kit/output/prerendered/pages/hardware/assembly/distribution/chute/index.html
                    .svelte-kit/output/prerendered/pages/hardware/assembly/distribution/chute/door-module/index.html
                    .svelte-kit/output/prerendered/pages/hardware/assembly/distribution/chute/funnel/index.html
                    .svelte-kit/output/prerendered/pages/hardware/assembly/distribution/chute/layer-connectors/index.html
[33mYAML Exception reading /Users/spencer/Documents/GitHub/sorter-v2-04/docs/src/content/hardware/electronics/psu-pigtail.md: (<unknown>): mapping values are not allowed in this context at line 8 column 64 [0m
[33mYAML Exception reading /Users/spencer/Documents/GitHub/sorter-v2-04/docs/src/content/lab/operation-target-10ppm-2026-04-25.md: (<unknown>): mapping values are not allowed in this context at line 11 column 68 [0m
[33m     Build Warning: Layout 'default' requested in src/content/hardware/BOM.md does not exist.[0m
[33m     Build Warning: Layout 'default' requested in src/content/hardware/assembly/feeder/arranging-c-channels.md does not exist.[0m
[31m  Liquid Exception: Could not locate the included file 'fastener-legend.html' in any of ["/Users/spencer/Documents/GitHub/sorter-v2-04/docs/_includes"]. Ensure it exists in one of those directories and, if it is a symlink, does not point outside your site source. in src/content/hardware/assembly/distribution/bin-frame/bottom-interface.md[0m
[33m             Error: Could not locate the included file 'fastener-legend.html' in any of ["/Users/spencer/Documents/GitHub/sorter-v2-04/docs/_includes"]. Ensure it exists in one of those directories and, if it is a symlink, does not point outside your site source.[0m
[33m             Error: Run jekyll build --trace for more information.[0m
                    
      Regenerating: 75 file(s) changed at 2026-08-20 21:28:51
                    .svelte-kit/output/prerendered/pages/hardware/assembly/distribution/chute/mg995-servo/how-to-install/index.html
                    .svelte-kit/output/prerendered/pages/hardware/assembly/distribution/chute/mg995-servo/index.html
                    .svelte-kit/output/prerendered/pages/hardware/assembly/distribution/chute/mg995-servo/servo-mount/index.html
                    .svelte-kit/output/prerendered/pages/hardware/assembly/distribution/chute/pcb/index.html
                    .svelte-kit/output/prerendered/pages/hardware/assembly/distribution/external-bracket/index.html
                    .svelte-kit/output/prerendered/pages/hardware/assembly/distribution/top-interface/index.html
                    .svelte-kit/output/prerendered/pages/hardware/assembly/index.html
                    .svelte-kit/output/prerendered/pages/hardware/assembly/feeder/arranging-c-channels/index.html
                    .svelte-kit/output/prerendered/pages/hardware/assembly/feeder/index.html
                    .svelte-kit/output/prerendered/pages/hardware/assembly/feeder/c-channel/index.html
                    .svelte-kit/output/prerendered/pages/hardware/assembly/feeder/classification-chamber/index.html
                    .svelte-kit/output/prerendered/pages/hardware/assembly/software-setup/index.html
                    .svelte-kit/output/prerendered/pages/hardware/electronics/index.html
                    .svelte-kit/output/prerendered/pages/hardware/electronics/order/index.html
                    .svelte-kit/output/prerendered/pages/hardware/electronics/psu-pigtail/index.html
                    .svelte-kit/output/prerendered/pages/hardware/electronics/steppers/index.html
                    .svelte-kit/output/prerendered/pages/hardware/electronics/wireviz/index.html
                    .svelte-kit/output/prerendered/pages/hardware/helpers/heat-inserts/index.html
                    .svelte-kit/output/prerendered/pages/hardware/helpers/index.html
                    .svelte-kit/output/prerendered/pages/hardware/helpers/lazy-susan/index.html
                    .svelte-kit/output/prerendered/pages/hardware/helpers/pulley-gear-mod/index.html
                    .svelte-kit/output/prerendered/pages/hardware/orange-pi-5/index.html
                    .svelte-kit/output/prerendered/pages/hardware/parts/index.html
                    .svelte-kit/output/prerendered/pages/hardware/parts/lazy-susan/index.html
                    .svelte-kit/output/prerendered/pages/hive/index.html
                    .svelte-kit/output/prerendered/pages/lab/c-channel-singulation/index.html
                    .svelte-kit/output/prerendered/pages/lab/index.html
                    .svelte-kit/output/prerendered/pages/lab/classification-research/index.html
                    .svelte-kit/output/prerendered/pages/lab/feeder-experiments/index.html
                    .svelte-kit/output/prerendered/pages/lab/object-detection/device-benchmarking/index.html
                    .svelte-kit/output/prerendered/pages/lab/object-detection/index.html
                    .svelte-kit/output/prerendered/pages/lab/object-detection/hailo-hef-workflow/index.html
                    .svelte-kit/output/prerendered/pages/lab/object-detection/how-models-are-built/index.html
                    .svelte-kit/output/prerendered/pages/lab/operation-target-10ppm-2026-04-25/index.html
                    .svelte-kit/output/prerendered/pages/lab/software-architecture-decisions/index.html
                    .svelte-kit/output/prerendered/pages/lab/styleguide/index.html
                    .svelte-kit/output/prerendered/pages/sorter/camera-calibration/index.html
                    .svelte-kit/output/prerendered/pages/sorter/index.html
                    .svelte-kit/output/prerendered/pages/sorter/dev-flow/index.html
                    .svelte-kit/output/prerendered/pages/sorter/happy-path-incident-inventory/index.html
                    .svelte-kit/output/prerendered/pages/sorter/installation/by-hand/index.html
                    .svelte-kit/output/prerendered/pages/sorter/installation/index.html
                    .svelte-kit/output/prerendered/pages/sorter/installation/linux-generic/index.html
                    .svelte-kit/output/prerendered/pages/sorter/installation/sorter-os/index.html
                    .svelte-kit/output/prerendered/pages/sorter/machine-toml-reference/index.html
                    .svelte-kit/output/prerendered/pages/sorter/profile-reference/index.html
                    .svelte-kit/output/prerendered/pages/sorter/safe-shutdown/index.html
                    .svelte-kit/output/prerendered/pages/sorter/troubleshooting/index.html
                    .svelte-kit/output/prerendered/pages/sorter/tutorials/first-sort-run/index.html
                    .svelte-kit/output/prerendered/pages/sorter/what-leaves-the-machine/index.html
                    .svelte-kit/output/server/.vite/manifest.json
                    .svelte-kit/output/server/internal.js
                    .svelte-kit/output/server/manifest.js
                    .svelte-kit/output/server/index.js
                    .svelte-kit/output/server/env.js
                    .svelte-kit/output/server/remote-entry.js
                    .svelte-kit/output/server/manifest-full.js
                    .svelte-kit/output/server/_app/immutable/assets/_layout.BMKL5nHo.css
                    .svelte-kit/output/server/chunks/server.js
                    .svelte-kit/output/server/chunks/internal.js
                    .svelte-kit/output/server/chunks/exports.js
                    .svelte-kit/output/server/chunks/index.js
                    .svelte-kit/output/server/chunks/index2.js
                    .svelte-kit/output/server/chunks/utils2.js
                    .svelte-kit/output/server/chunks/root.js
                    .svelte-kit/output/server/chunks/utils.js
                    .svelte-kit/output/server/chunks/content.js
                    .svelte-kit/output/server/entries/fallbacks/error.svelte.js
                    .svelte-kit/output/server/entries/pages/_...path_/_page.svelte.js
                    .svelte-kit/output/server/entries/pages/_...path_/_page.server.ts.js
                    .svelte-kit/output/server/entries/pages/_layout.server.ts.js
                    .svelte-kit/output/server/entries/pages/_layout.svelte.js
                    .svelte-kit/output/server/nodes/2.js
                    .svelte-kit/output/server/nodes/0.js
                    .svelte-kit/output/server/nodes/1.js
[33mYAML Exception reading /Users/spencer/Documents/GitHub/sorter-v2-04/docs/src/content/hardware/electronics/psu-pigtail.md: (<unknown>): mapping values are not allowed in this context at line 8 column 64 [0m
[33mYAML Exception reading /Users/spencer/Documents/GitHub/sorter-v2-04/docs/src/content/lab/operation-target-10ppm-2026-04-25.md: (<unknown>): mapping values are not allowed in this context at line 11 column 68 [0m
[33m     Build Warning: Layout 'default' requested in src/content/hardware/BOM.md does not exist.[0m
[33m     Build Warning: Layout 'default' requested in src/content/hardware/assembly/feeder/arranging-c-channels.md does not exist.[0m
[31m  Liquid Exception: Could not locate the included file 'fastener-legend.html' in any of ["/Users/spencer/Documents/GitHub/sorter-v2-04/docs/_includes"]. Ensure it exists in one of those directories and, if it is a symlink, does not point outside your site source. in src/content/hardware/assembly/distribution/bin-frame/bottom-interface.md[0m
[33m             Error: Could not locate the included file 'fastener-legend.html' in any of ["/Users/spencer/Documents/GitHub/sorter-v2-04/docs/_includes"]. Ensure it exists in one of those directories and, if it is a symlink, does not point outside your site source.[0m
[33m             Error: Run jekyll build --trace for more information.[0m
                    
      Regenerating: 24 file(s) changed at 2026-08-20 21:28:52
                    .svelte-kit/output/server/entries/fallbacks/error.svelte.js
                    .svelte-kit/output/server/entries/pages/_layout.server.ts.js
                    .svelte-kit/output/server/entries/pages/_layout.svelte.js
                    .svelte-kit/output/server/entries/pages/_...path_/_page.svelte.js
                    .svelte-kit/output/server/entries/pages/_...path_/_page.server.ts.js
                    .svelte-kit/output/server/internal.js
                    .svelte-kit/output/server/index.js
                    .svelte-kit/output/server/env.js
                    .svelte-kit/output/server/chunks/server.js
                    .svelte-kit/output/server/chunks/internal.js
                    .svelte-kit/output/server/chunks/exports.js
                    .svelte-kit/output/server/chunks/index.js
                    .svelte-kit/output/server/chunks/index2.js
                    .svelte-kit/output/server/chunks/utils2.js
                    .svelte-kit/output/server/chunks/root.js
                    .svelte-kit/output/server/chunks/utils.js
                    .svelte-kit/output/server/chunks/content.js
                    .svelte-kit/output/server/remote-entry.js
                    .svelte-kit/output/server/_app/immutable/assets/_layout.D6wU7T6e.css
                    .svelte-kit/output/server/.vite/manifest.json
                    .svelte-kit/output/server/nodes/2.js
                    .svelte-kit/output/server/nodes/0.js
                    .svelte-kit/output/server/nodes/1.js
                    .svelte-kit/output/server/manifest-full.js
[33mYAML Exception reading /Users/spencer/Documents/GitHub/sorter-v2-04/docs/src/content/hardware/electronics/psu-pigtail.md: (<unknown>): mapping values are not allowed in this context at line 8 column 64 [0m
[33mYAML Exception reading /Users/spencer/Documents/GitHub/sorter-v2-04/docs/src/content/lab/operation-target-10ppm-2026-04-25.md: (<unknown>): mapping values are not allowed in this context at line 11 column 68 [0m
[33m     Build Warning: Layout 'default' requested in src/content/hardware/BOM.md does not exist.[0m
[33m     Build Warning: Layout 'default' requested in src/content/hardware/assembly/feeder/arranging-c-channels.md does not exist.[0m
[31m  Liquid Exception: Could not locate the included file 'fastener-legend.html' in any of ["/Users/spencer/Documents/GitHub/sorter-v2-04/docs/_includes"]. Ensure it exists in one of those directories and, if it is a symlink, does not point outside your site source. in src/content/hardware/assembly/distribution/bin-frame/bottom-interface.md[0m
[33m             Error: Could not locate the included file 'fastener-legend.html' in any of ["/Users/spencer/Documents/GitHub/sorter-v2-04/docs/_includes"]. Ensure it exists in one of those directories and, if it is a symlink, does not point outside your site source.[0m
[33m             Error: Run jekyll build --trace for more information.[0m
                    
      Regenerating: 1 file(s) changed at 2026-08-20 21:28:52
                    node_modules/.vite-temp/vite.config.ts.timestamp-1787275732410-23c4bf58a1552.mjs
[33mYAML Exception reading /Users/spencer/Documents/GitHub/sorter-v2-04/docs/src/content/hardware/electronics/psu-pigtail.md: (<unknown>): mapping values are not allowed in this context at line 8 column 64 [0m
[33mYAML Exception reading /Users/spencer/Documents/GitHub/sorter-v2-04/docs/src/content/lab/operation-target-10ppm-2026-04-25.md: (<unknown>): mapping values are not allowed in this context at line 11 column 68 [0m
[33m     Build Warning: Layout 'default' requested in src/content/hardware/BOM.md does not exist.[0m
[33m     Build Warning: Layout 'default' requested in src/content/hardware/assembly/feeder/arranging-c-channels.md does not exist.[0m
[31m  Liquid Exception: Could not locate the included file 'fastener-legend.html' in any of ["/Users/spencer/Documents/GitHub/sorter-v2-04/docs/_includes"]. Ensure it exists in one of those directories and, if it is a symlink, does not point outside your site source. in src/content/hardware/assembly/distribution/bin-frame/bottom-interface.md[0m
[33m             Error: Could not locate the included file 'fastener-legend.html' in any of ["/Users/spencer/Documents/GitHub/sorter-v2-04/docs/_includes"]. Ensure it exists in one of those directories and, if it is a symlink, does not point outside your site source.[0m
[33m             Error: Run jekyll build --trace for more information.[0m
                    
      Regenerating: 18 file(s) changed at 2026-08-20 21:28:52
                    .svelte-kit/generated/server/internal.js
                    .svelte-kit/generated/shared/error-template.js
                    .svelte-kit/generated/root.js
                    .svelte-kit/generated/root.svelte
                    .svelte-kit/generated/client/nodes/2.js
                    .svelte-kit/generated/client/nodes/0.js
                    .svelte-kit/generated/client/nodes/1.js
                    .svelte-kit/generated/client/matchers.js
                    .svelte-kit/generated/client/app.js
                    .svelte-kit/non-ambient.d.ts
                    .svelte-kit/types/route_meta_data.json
                    .svelte-kit/types/src/routes/[...path]/proxy+page.server.ts
                    .svelte-kit/types/src/routes/[...path]/$types.d.ts
                    .svelte-kit/types/src/routes/$types.d.ts
                    .svelte-kit/env.d.ts
                    .svelte-kit/ambient.d.ts
                    .svelte-kit/tsconfig.json
                    node_modules/.vite-temp/vite.config.ts.timestamp-1787275732410-23c4bf58a1552.mjs
[33mYAML Exception reading /Users/spencer/Documents/GitHub/sorter-v2-04/docs/src/content/hardware/electronics/psu-pigtail.md: (<unknown>): mapping values are not allowed in this context at line 8 column 64 [0m
[33mYAML Exception reading /Users/spencer/Documents/GitHub/sorter-v2-04/docs/src/content/lab/operation-target-10ppm-2026-04-25.md: (<unknown>): mapping values are not allowed in this context at line 11 column 68 [0m
[33m     Build Warning: Layout 'default' requested in src/content/hardware/BOM.md does not exist.[0m
[33m     Build Warning: Layout 'default' requested in src/content/hardware/assembly/feeder/arranging-c-channels.md does not exist.[0m
[31m  Liquid Exception: Could not locate the included file 'fastener-legend.html' in any of ["/Users/spencer/Documents/GitHub/sorter-v2-04/docs/_includes"]. Ensure it exists in one of those directories and, if it is a symlink, does not point outside your site source. in src/content/hardware/assembly/distribution/bin-frame/bottom-interface.md[0m
[33m             Error: Could not locate the included file 'fastener-legend.html' in any of ["/Users/spencer/Documents/GitHub/sorter-v2-04/docs/_includes"]. Ensure it exists in one of those directories and, if it is a symlink, does not point outside your site source.[0m
[33m             Error: Run jekyll build --trace for more information.[0m
                    
      Regenerating: 5 file(s) changed at 2026-08-20 21:28:53
                    .svelte-kit/generated/client-optimized/nodes/2.js
                    .svelte-kit/generated/client-optimized/nodes/0.js
                    .svelte-kit/generated/client-optimized/nodes/1.js
                    .svelte-kit/generated/client-optimized/matchers.js
                    .svelte-kit/generated/client-optimized/app.js
[33mYAML Exception reading /Users/spencer/Documents/GitHub/sorter-v2-04/docs/src/content/hardware/electronics/psu-pigtail.md: (<unknown>): mapping values are not allowed in this context at line 8 column 64 [0m
[33mYAML Exception reading /Users/spencer/Documents/GitHub/sorter-v2-04/docs/src/content/lab/operation-target-10ppm-2026-04-25.md: (<unknown>): mapping values are not allowed in this context at line 11 column 68 [0m
[33m     Build Warning: Layout 'default' requested in src/content/hardware/BOM.md does not exist.[0m
[33m     Build Warning: Layout 'default' requested in src/content/hardware/assembly/feeder/arranging-c-channels.md does not exist.[0m
[31m  Liquid Exception: Could not locate the included file 'fastener-legend.html' in any of ["/Users/spencer/Documents/GitHub/sorter-v2-04/docs/_includes"]. Ensure it exists in one of those directories and, if it is a symlink, does not point outside your site source. in src/content/hardware/assembly/distribution/bin-frame/bottom-interface.md[0m
[33m             Error: Could not locate the included file 'fastener-legend.html' in any of ["/Users/spencer/Documents/GitHub/sorter-v2-04/docs/_includes"]. Ensure it exists in one of those directories and, if it is a symlink, does not point outside your site source.[0m
[33m             Error: Run jekyll build --trace for more information.[0m
                    
      Regenerating: 25 file(s) changed at 2026-08-20 21:28:53
                    .svelte-kit/output/client/404.html
                    .svelte-kit/output/client/assets/pi5-01.png
                    .svelte-kit/output/client/assets/basically-logo.svg
                    .svelte-kit/output/client/assets/favicon-192.png
                    .svelte-kit/output/client/assets/favicon.ico
                    .svelte-kit/output/client/assets/apple-touch-icon.png
                    .svelte-kit/output/client/assets/favicon-96.png
                    .svelte-kit/output/client/assets/png-transparent-siemens-star-focus-camera-optics-charts-angle-lens-triangle.png
                    .svelte-kit/output/client/_app/version.json
                    .svelte-kit/output/client/_app/immutable/nodes/0.BbUlS51N.js
                    .svelte-kit/output/client/_app/immutable/nodes/2.BG7w2JH2.js
                    .svelte-kit/output/client/_app/immutable/nodes/1.BG1KxlXm.js
                    .svelte-kit/output/client/_app/immutable/entry/start.DNfEMJCi.js
                    .svelte-kit/output/client/_app/immutable/entry/app.BVBTZEI6.js
                    .svelte-kit/output/client/_app/immutable/chunks/4uUhO1K4.js
                    .svelte-kit/output/client/_app/immutable/chunks/-BZXPMGv.js
                    .svelte-kit/output/client/_app/immutable/chunks/wbPk3Yxo.js
                    .svelte-kit/output/client/_app/immutable/chunks/NIaflTdM.js
                    .svelte-kit/output/client/_app/immutable/chunks/BoAmHx_3.js
                    .svelte-kit/output/client/_app/immutable/chunks/urnVIuhv.js
                    .svelte-kit/output/client/_app/immutable/chunks/B9McDMP9.js
                    .svelte-kit/output/client/_app/immutable/chunks/6q2EGJxD.js
                    .svelte-kit/output/client/_app/immutable/chunks/BAqx4HBl.js
                    .svelte-kit/output/client/_app/immutable/assets/0.D6wU7T6e.css
                    .svelte-kit/output/client/.vite/manifest.json
[33mYAML Exception reading /Users/spencer/Documents/GitHub/sorter-v2-04/docs/src/content/hardware/electronics/psu-pigtail.md: (<unknown>): mapping values are not allowed in this context at line 8 column 64 [0m
[33mYAML Exception reading /Users/spencer/Documents/GitHub/sorter-v2-04/docs/src/content/lab/operation-target-10ppm-2026-04-25.md: (<unknown>): mapping values are not allowed in this context at line 11 column 68 [0m
[33m     Build Warning: Layout 'default' requested in src/content/hardware/BOM.md does not exist.[0m
[33m     Build Warning: Layout 'default' requested in src/content/hardware/assembly/feeder/arranging-c-channels.md does not exist.[0m
[31m  Liquid Exception: Could not locate the included file 'fastener-legend.html' in any of ["/Users/spencer/Documents/GitHub/sorter-v2-04/docs/_includes"]. Ensure it exists in one of those directories and, if it is a symlink, does not point outside your site source. in src/content/hardware/assembly/distribution/bin-frame/bottom-interface.md[0m
[33m             Error: Could not locate the included file 'fastener-legend.html' in any of ["/Users/spencer/Documents/GitHub/sorter-v2-04/docs/_includes"]. Ensure it exists in one of those directories and, if it is a symlink, does not point outside your site source.[0m
[33m             Error: Run jekyll build --trace for more information.[0m
                    
      Regenerating: 4 file(s) changed at 2026-08-20 21:28:53
                    .svelte-kit/output/server/nodes/2.js
                    .svelte-kit/output/server/nodes/0.js
                    .svelte-kit/output/server/nodes/1.js
                    .svelte-kit/output/server/manifest-full.js
[33mYAML Exception reading /Users/spencer/Documents/GitHub/sorter-v2-04/docs/src/content/hardware/electronics/psu-pigtail.md: (<unknown>): mapping values are not allowed in this context at line 8 column 64 [0m
[33mYAML Exception reading /Users/spencer/Documents/GitHub/sorter-v2-04/docs/src/content/lab/operation-target-10ppm-2026-04-25.md: (<unknown>): mapping values are not allowed in this context at line 11 column 68 [0m
[33m     Build Warning: Layout 'default' requested in src/content/hardware/BOM.md does not exist.[0m
[33m     Build Warning: Layout 'default' requested in src/content/hardware/assembly/feeder/arranging-c-channels.md does not exist.[0m
[31m  Liquid Exception: Could not locate the included file 'fastener-legend.html' in any of ["/Users/spencer/Documents/GitHub/sorter-v2-04/docs/_includes"]. Ensure it exists in one of those directories and, if it is a symlink, does not point outside your site source. in src/content/hardware/assembly/distribution/bin-frame/bottom-interface.md[0m
[33m             Error: Could not locate the included file 'fastener-legend.html' in any of ["/Users/spencer/Documents/GitHub/sorter-v2-04/docs/_includes"]. Ensure it exists in one of those directories and, if it is a symlink, does not point outside your site source.[0m
[33m             Error: Run jekyll build --trace for more information.[0m
                    
      Regenerating: 1 file(s) changed at 2026-08-20 21:28:54
                    node_modules/.vite-temp/vite.config.ts.timestamp-1787275733859-a83d390935431.mjs
[33mYAML Exception reading /Users/spencer/Documents/GitHub/sorter-v2-04/docs/src/content/hardware/electronics/psu-pigtail.md: (<unknown>): mapping values are not allowed in this context at line 8 column 64 [0m
[33mYAML Exception reading /Users/spencer/Documents/GitHub/sorter-v2-04/docs/src/content/lab/operation-target-10ppm-2026-04-25.md: (<unknown>): mapping values are not allowed in this context at line 11 column 68 [0m
[33m     Build Warning: Layout 'default' requested in src/content/hardware/BOM.md does not exist.[0m
[33m     Build Warning: Layout 'default' requested in src/content/hardware/assembly/feeder/arranging-c-channels.md does not exist.[0m
[31m  Liquid Exception: Could not locate the included file 'fastener-legend.html' in any of ["/Users/spencer/Documents/GitHub/sorter-v2-04/docs/_includes"]. Ensure it exists in one of those directories and, if it is a symlink, does not point outside your site source. in src/content/hardware/assembly/distribution/bin-frame/bottom-interface.md[0m
[33m             Error: Could not locate the included file 'fastener-legend.html' in any of ["/Users/spencer/Documents/GitHub/sorter-v2-04/docs/_includes"]. Ensure it exists in one of those directories and, if it is a symlink, does not point outside your site source.[0m
[33m             Error: Run jekyll build --trace for more information.[0m
                    
      Regenerating: 16 file(s) changed at 2026-08-20 21:28:54
                    .svelte-kit/generated/server/internal.js
                    .svelte-kit/generated/shared/error-template.js
                    .svelte-kit/generated/root.js
                    .svelte-kit/generated/root.svelte
                    .svelte-kit/generated/client/nodes/2.js
                    .svelte-kit/generated/client/nodes/0.js
                    .svelte-kit/generated/client/nodes/1.js
                    .svelte-kit/generated/client/matchers.js
                    .svelte-kit/generated/client/app.js
                    .svelte-kit/non-ambient.d.ts
                    .svelte-kit/types/route_meta_data.json
                    .svelte-kit/types/src/routes/[...path]/proxy+page.server.ts
                    .svelte-kit/types/src/routes/[...path]/$types.d.ts
                    .svelte-kit/types/src/routes/$types.d.ts
                    .svelte-kit/env.d.ts
                    node_modules/.vite-temp/vite.config.ts.timestamp-1787275733859-a83d390935431.mjs
[33mYAML Exception reading /Users/spencer/Documents/GitHub/sorter-v2-04/docs/src/content/hardware/electronics/psu-pigtail.md: (<unknown>): mapping values are not allowed in this context at line 8 column 64 [0m
[33mYAML Exception reading /Users/spencer/Documents/GitHub/sorter-v2-04/docs/src/content/lab/operation-target-10ppm-2026-04-25.md: (<unknown>): mapping values are not allowed in this context at line 11 column 68 [0m
[33m     Build Warning: Layout 'default' requested in src/content/hardware/BOM.md does not exist.[0m
[33m     Build Warning: Layout 'default' requested in src/content/hardware/assembly/feeder/arranging-c-channels.md does not exist.[0m
[31m  Liquid Exception: Could not locate the included file 'fastener-legend.html' in any of ["/Users/spencer/Documents/GitHub/sorter-v2-04/docs/_includes"]. Ensure it exists in one of those directories and, if it is a symlink, does not point outside your site source. in src/content/hardware/assembly/distribution/bin-frame/bottom-interface.md[0m
[33m             Error: Could not locate the included file 'fastener-legend.html' in any of ["/Users/spencer/Documents/GitHub/sorter-v2-04/docs/_includes"]. Ensure it exists in one of those directories and, if it is a symlink, does not point outside your site source.[0m
[33m             Error: Run jekyll build --trace for more information.[0m
                    
      Regenerating: 10 file(s) changed at 2026-08-20 21:28:54
                    .svelte-kit/ambient.d.ts
                    .svelte-kit/tsconfig.json
                    .svelte-kit/output/prerendered/dependencies/__data.json
                    .svelte-kit/output/prerendered/pages/index.html
                    .svelte-kit/output/prerendered/pages/hardware/BOM/index.html
                    .svelte-kit/output/prerendered/pages/c1-c3-current-behavior-review/index.html
                    .svelte-kit/output/prerendered/pages/getting-started/index.html
                    .svelte-kit/output/prerendered/dependencies/hardware/BOM/__data.json
                    .svelte-kit/output/prerendered/dependencies/c1-c3-current-behavior-review/__data.json
                    .svelte-kit/output/prerendered/dependencies/getting-started/__data.json
[33mYAML Exception reading /Users/spencer/Documents/GitHub/sorter-v2-04/docs/src/content/hardware/electronics/psu-pigtail.md: (<unknown>): mapping values are not allowed in this context at line 8 column 64 [0m
[33mYAML Exception reading /Users/spencer/Documents/GitHub/sorter-v2-04/docs/src/content/lab/operation-target-10ppm-2026-04-25.md: (<unknown>): mapping values are not allowed in this context at line 11 column 68 [0m
[33m     Build Warning: Layout 'default' requested in src/content/hardware/BOM.md does not exist.[0m
[33m     Build Warning: Layout 'default' requested in src/content/hardware/assembly/feeder/arranging-c-channels.md does not exist.[0m
[31m  Liquid Exception: Could not locate the included file 'fastener-legend.html' in any of ["/Users/spencer/Documents/GitHub/sorter-v2-04/docs/_includes"]. Ensure it exists in one of those directories and, if it is a symlink, does not point outside your site source. in src/content/hardware/assembly/distribution/bin-frame/bottom-interface.md[0m
[33m             Error: Could not locate the included file 'fastener-legend.html' in any of ["/Users/spencer/Documents/GitHub/sorter-v2-04/docs/_includes"]. Ensure it exists in one of those directories and, if it is a symlink, does not point outside your site source.[0m
[33m             Error: Run jekyll build --trace for more information.[0m
                    
      Regenerating: 31 file(s) changed at 2026-08-20 21:28:54
                    .svelte-kit/output/prerendered/pages/hardware/assembly/distribution/bin-frame/index.html
                    .svelte-kit/output/prerendered/pages/hardware/assembly/distribution/bin-frame/regular-layers/index.html
                    .svelte-kit/output/prerendered/pages/hardware/assembly/distribution/bin-frame/bottom-interface/index.html
                    .svelte-kit/output/prerendered/pages/hardware/assembly/distribution/bin-frame/bottom-two-layers/index.html
                    .svelte-kit/output/prerendered/pages/hardware/assembly/distribution/chute/door-module/index.html
                    .svelte-kit/output/prerendered/pages/hardware/assembly/distribution/chute/index.html
                    .svelte-kit/output/prerendered/pages/hardware/assembly/distribution/chute/layer-connectors/index.html
                    .svelte-kit/output/prerendered/pages/hardware/assembly/distribution/chute/mg995-servo/index.html
                    .svelte-kit/output/prerendered/pages/hardware/assembly/distribution/chute/mg995-servo/how-to-install/index.html
                    .svelte-kit/output/prerendered/pages/hardware/assembly/distribution/chute/chute-core/index.html
                    .svelte-kit/output/prerendered/pages/hardware/assembly/distribution/chute/funnel/index.html
                    .svelte-kit/output/prerendered/pages/hardware/assembly/distribution/chute/mg995-servo/servo-mount/index.html
                    .svelte-kit/output/prerendered/dependencies/hardware/assembly/distribution/bin-frame/regular-layers/__data.json
                    .svelte-kit/output/prerendered/dependencies/hardware/assembly/distribution/bin-frame/__data.json
                    .svelte-kit/output/prerendered/dependencies/hardware/assembly/distribution/bin-frame/bottom-interface/__data.json
                    .svelte-kit/output/prerendered/dependencies/hardware/assembly/distribution/bin-frame/bottom-two-layers/__data.json
                    .svelte-kit/output/prerendered/dependencies/hardware/assembly/distribution/chute/door-module/__data.json
                    .svelte-kit/output/prerendered/dependencies/hardware/assembly/distribution/chute/layer-connectors/__data.json
                    .svelte-kit/output/prerendered/dependencies/hardware/assembly/distribution/chute/mg995-servo/servo-mount/__data.json
                    .svelte-kit/output/prerendered/dependencies/hardware/assembly/distribution/chute/mg995-servo/__data.json
                    .svelte-kit/output/prerendered/dependencies/hardware/assembly/distribution/chute/mg995-servo/how-to-install/__data.json
                    .svelte-kit/output/prerendered/dependencies/hardware/assembly/distribution/chute/__data.json
                    .svelte-kit/output/prerendered/dependencies/hardware/assembly/distribution/chute/chute-core/__data.json
                    .svelte-kit/output/prerendered/dependencies/hardware/assembly/distribution/chute/funnel/__data.json
                    .svelte-kit/output/prerendered/dependencies/hardware/assembly/distribution/chute/pcb/__data.json
                    .svelte-kit/output/prerendered/pages/hardware/assembly/distribution/index.html
                    .svelte-kit/output/prerendered/pages/hardware/assembly/distribution/external-bracket/index.html
                    .svelte-kit/output/prerendered/pages/hardware/assembly/distribution/chute/pcb/index.html
                    .svelte-kit/output/prerendered/dependencies/hardware/assembly/distribution/external-bracket/__data.json
                    .svelte-kit/output/prerendered/dependencies/hardware/assembly/distribution/__data.json
                    .svelte-kit/output/prerendered/pages/hardware/assembly/distribution/top-interface/index.html
[33mYAML Exception reading /Users/spencer/Documents/GitHub/sorter-v2-04/docs/src/content/hardware/electronics/psu-pigtail.md: (<unknown>): mapping values are not allowed in this context at line 8 column 64 [0m
[33mYAML Exception reading /Users/spencer/Documents/GitHub/sorter-v2-04/docs/src/content/lab/operation-target-10ppm-2026-04-25.md: (<unknown>): mapping values are not allowed in this context at line 11 column 68 [0m
[33m     Build Warning: Layout 'default' requested in src/content/hardware/BOM.md does not exist.[0m
[33m     Build Warning: Layout 'default' requested in src/content/hardware/assembly/feeder/arranging-c-channels.md does not exist.[0m
[31m  Liquid Exception: Could not locate the included file 'fastener-legend.html' in any of ["/Users/spencer/Documents/GitHub/sorter-v2-04/docs/_includes"]. Ensure it exists in one of those directories and, if it is a symlink, does not point outside your site source. in src/content/hardware/assembly/distribution/bin-frame/bottom-interface.md[0m
[33m             Error: Could not locate the included file 'fastener-legend.html' in any of ["/Users/spencer/Documents/GitHub/sorter-v2-04/docs/_includes"]. Ensure it exists in one of those directories and, if it is a symlink, does not point outside your site source.[0m
[33m             Error: Run jekyll build --trace for more information.[0m
                    
      Regenerating: 39 file(s) changed at 2026-08-20 21:28:54
                    .svelte-kit/output/prerendered/dependencies/hardware/assembly/distribution/top-interface/__data.json
                    .svelte-kit/output/prerendered/pages/hardware/assembly/feeder/arranging-c-channels/index.html
                    .svelte-kit/output/prerendered/pages/hardware/assembly/feeder/index.html
                    .svelte-kit/output/prerendered/pages/hardware/assembly/feeder/c-channel/index.html
                    .svelte-kit/output/prerendered/pages/hardware/assembly/feeder/classification-chamber/index.html
                    .svelte-kit/output/prerendered/pages/hardware/assembly/index.html
                    .svelte-kit/output/prerendered/pages/hardware/assembly/software-setup/index.html
                    .svelte-kit/output/prerendered/dependencies/hardware/assembly/feeder/arranging-c-channels/__data.json
                    .svelte-kit/output/prerendered/dependencies/hardware/assembly/feeder/__data.json
                    .svelte-kit/output/prerendered/dependencies/hardware/assembly/feeder/c-channel/__data.json
                    .svelte-kit/output/prerendered/dependencies/hardware/assembly/feeder/classification-chamber/__data.json
                    .svelte-kit/output/prerendered/dependencies/hardware/assembly/__data.json
                    .svelte-kit/output/prerendered/dependencies/hardware/assembly/software-setup/__data.json
                    .svelte-kit/output/prerendered/pages/hardware/index.html
                    .svelte-kit/output/prerendered/pages/hardware/electronics/psu-pigtail/index.html
                    .svelte-kit/output/prerendered/pages/hardware/electronics/order/index.html
                    .svelte-kit/output/prerendered/pages/hardware/electronics/index.html
                    .svelte-kit/output/prerendered/pages/hardware/electronics/wireviz/index.html
                    .svelte-kit/output/prerendered/pages/hardware/electronics/steppers/index.html
                    .svelte-kit/output/prerendered/pages/hardware/orange-pi-5/index.html
                    .svelte-kit/output/prerendered/pages/hardware/parts/lazy-susan/index.html
                    .svelte-kit/output/prerendered/pages/hardware/parts/index.html
                    .svelte-kit/output/prerendered/pages/hardware/helpers/lazy-susan/index.html
                    .svelte-kit/output/prerendered/pages/hardware/helpers/index.html
                    .svelte-kit/output/prerendered/pages/hardware/helpers/pulley-gear-mod/index.html
                    .svelte-kit/output/prerendered/pages/hardware/helpers/heat-inserts/index.html
                    .svelte-kit/output/prerendered/dependencies/hardware/electronics/psu-pigtail/__data.json
                    .svelte-kit/output/prerendered/dependencies/hardware/electronics/order/__data.json
                    .svelte-kit/output/prerendered/dependencies/hardware/electronics/__data.json
                    .svelte-kit/output/prerendered/dependencies/hardware/electronics/wireviz/__data.json
                    .svelte-kit/output/prerendered/dependencies/hardware/electronics/steppers/__data.json
                    .svelte-kit/output/prerendered/dependencies/hardware/__data.json
                    .svelte-kit/output/prerendered/dependencies/hardware/orange-pi-5/__data.json
                    .svelte-kit/output/prerendered/dependencies/hardware/parts/lazy-susan/__data.json
                    .svelte-kit/output/prerendered/dependencies/hardware/parts/__data.json
                    .svelte-kit/output/prerendered/dependencies/hardware/helpers/lazy-susan/__data.json
                    .svelte-kit/output/prerendered/dependencies/hardware/helpers/__data.json
                    .svelte-kit/output/prerendered/dependencies/hardware/helpers/pulley-gear-mod/__data.json
                    .svelte-kit/output/prerendered/dependencies/hardware/helpers/heat-inserts/__data.json
[33mYAML Exception reading /Users/spencer/Documents/GitHub/sorter-v2-04/docs/src/content/hardware/electronics/psu-pigtail.md: (<unknown>): mapping values are not allowed in this context at line 8 column 64 [0m
[33mYAML Exception reading /Users/spencer/Documents/GitHub/sorter-v2-04/docs/src/content/lab/operation-target-10ppm-2026-04-25.md: (<unknown>): mapping values are not allowed in this context at line 11 column 68 [0m
[33m     Build Warning: Layout 'default' requested in src/content/hardware/BOM.md does not exist.[0m
[33m     Build Warning: Layout 'default' requested in src/content/hardware/assembly/feeder/arranging-c-channels.md does not exist.[0m
[31m  Liquid Exception: Could not locate the included file 'fastener-legend.html' in any of ["/Users/spencer/Documents/GitHub/sorter-v2-04/docs/_includes"]. Ensure it exists in one of those directories and, if it is a symlink, does not point outside your site source. in src/content/hardware/assembly/distribution/bin-frame/bottom-interface.md[0m
[33m             Error: Could not locate the included file 'fastener-legend.html' in any of ["/Users/spencer/Documents/GitHub/sorter-v2-04/docs/_includes"]. Ensure it exists in one of those directories and, if it is a symlink, does not point outside your site source.[0m
[33m             Error: Run jekyll build --trace for more information.[0m
                    
      Regenerating: 52 file(s) changed at 2026-08-20 21:28:55
                    .svelte-kit/output/prerendered/pages/sorter/index.html
                    .svelte-kit/output/prerendered/pages/lab/index.html
                    .svelte-kit/output/prerendered/pages/lab/classification-research/index.html
                    .svelte-kit/output/prerendered/pages/lab/c-channel-singulation/index.html
                    .svelte-kit/output/prerendered/pages/lab/object-detection/device-benchmarking/index.html
                    .svelte-kit/output/prerendered/pages/lab/object-detection/index.html
                    .svelte-kit/output/prerendered/pages/lab/object-detection/hailo-hef-workflow/index.html
                    .svelte-kit/output/prerendered/pages/lab/object-detection/how-models-are-built/index.html
                    .svelte-kit/output/prerendered/pages/lab/feeder-experiments/index.html
                    .svelte-kit/output/prerendered/pages/hive/index.html
                    .svelte-kit/output/prerendered/dependencies/sorter/__data.json
                    .svelte-kit/output/prerendered/dependencies/lab/software-architecture-decisions/__data.json
                    .svelte-kit/output/prerendered/dependencies/lab/classification-research/__data.json
                    .svelte-kit/output/prerendered/dependencies/lab/__data.json
                    .svelte-kit/output/prerendered/dependencies/lab/c-channel-singulation/__data.json
                    .svelte-kit/output/prerendered/dependencies/lab/object-detection/device-benchmarking/__data.json
                    .svelte-kit/output/prerendered/dependencies/lab/object-detection/__data.json
                    .svelte-kit/output/prerendered/dependencies/lab/object-detection/hailo-hef-workflow/__data.json
                    .svelte-kit/output/prerendered/dependencies/lab/object-detection/how-models-are-built/__data.json
                    .svelte-kit/output/prerendered/dependencies/lab/feeder-experiments/__data.json
                    .svelte-kit/output/prerendered/dependencies/lab/operation-target-10ppm-2026-04-25/__data.json
                    .svelte-kit/output/prerendered/dependencies/hive/__data.json
                    .svelte-kit/output/prerendered/pages/lab/software-architecture-decisions/index.html
                    .svelte-kit/output/prerendered/pages/lab/styleguide/index.html
                    .svelte-kit/output/prerendered/pages/lab/operation-target-10ppm-2026-04-25/index.html
                    .svelte-kit/output/prerendered/pages/sorter/camera-calibration/index.html
                    .svelte-kit/output/prerendered/dependencies/sorter/dev-flow/__data.json
                    .svelte-kit/output/prerendered/dependencies/sorter/camera-calibration/__data.json
                    .svelte-kit/output/prerendered/dependencies/sorter/installation/by-hand/__data.json
                    .svelte-kit/output/prerendered/dependencies/sorter/happy-path-incident-inventory/__data.json
                    .svelte-kit/output/prerendered/dependencies/lab/styleguide/__data.json
                    .svelte-kit/output/prerendered/dependencies/sorter/installation/__data.json
                    .svelte-kit/output/prerendered/pages/sorter/dev-flow/index.html
                    .svelte-kit/output/prerendered/pages/sorter/installation/sorter-os/index.html
                    .svelte-kit/output/prerendered/pages/sorter/installation/index.html
                    .svelte-kit/output/prerendered/pages/sorter/installation/by-hand/index.html
                    .svelte-kit/output/prerendered/pages/sorter/installation/linux-generic/index.html
                    .svelte-kit/output/prerendered/pages/sorter/happy-path-incident-inventory/index.html
                    .svelte-kit/output/prerendered/dependencies/sorter/installation/sorter-os/__data.json
                    .svelte-kit/output/prerendered/dependencies/sorter/installation/linux-generic/__data.json
                    .svelte-kit/output/prerendered/pages/sorter/profile-reference/index.html
                    .svelte-kit/output/prerendered/pages/sorter/machine-toml-reference/index.html
                    .svelte-kit/output/prerendered/pages/sorter/what-leaves-the-machine/index.html
                    .svelte-kit/output/prerendered/pages/sorter/troubleshooting/index.html
                    .svelte-kit/output/prerendered/pages/sorter/safe-shutdown/index.html
                    .svelte-kit/output/prerendered/pages/sorter/tutorials/first-sort-run/index.html
                    .svelte-kit/output/prerendered/dependencies/sorter/profile-reference/__data.json
                    .svelte-kit/output/prerendered/dependencies/sorter/machine-toml-reference/__data.json
                    .svelte-kit/output/prerendered/dependencies/sorter/what-leaves-the-machine/__data.json
                    .svelte-kit/output/prerendered/dependencies/sorter/troubleshooting/__data.json
                    .svelte-kit/output/prerendered/dependencies/sorter/safe-shutdown/__data.json
                    .svelte-kit/output/prerendered/dependencies/sorter/tutorials/first-sort-run/__data.json
[33mYAML Exception reading /Users/spencer/Documents/GitHub/sorter-v2-04/docs/src/content/hardware/electronics/psu-pigtail.md: (<unknown>): mapping values are not allowed in this context at line 8 column 64 [0m
[33mYAML Exception reading /Users/spencer/Documents/GitHub/sorter-v2-04/docs/src/content/lab/operation-target-10ppm-2026-04-25.md: (<unknown>): mapping values are not allowed in this context at line 11 column 68 [0m
[33m     Build Warning: Layout 'default' requested in src/content/hardware/BOM.md does not exist.[0m
[33m     Build Warning: Layout 'default' requested in src/content/hardware/assembly/feeder/arranging-c-channels.md does not exist.[0m
[31m  Liquid Exception: Could not locate the included file 'fastener-legend.html' in any of ["/Users/spencer/Documents/GitHub/sorter-v2-04/docs/_includes"]. Ensure it exists in one of those directories and, if it is a symlink, does not point outside your site source. in src/content/hardware/assembly/distribution/bin-frame/bottom-interface.md[0m
[33m             Error: Could not locate the included file 'fastener-legend.html' in any of ["/Users/spencer/Documents/GitHub/sorter-v2-04/docs/_includes"]. Ensure it exists in one of those directories and, if it is a symlink, does not point outside your site source.[0m
[33m             Error: Run jekyll build --trace for more information.[0m
                    
      Regenerating: 169 file(s) changed at 2026-08-20 21:28:55
                    build/hardware/index.html
                    build/hardware/BOM/index.html
                    build/hardware/BOM/__data.json
                    build/hardware/electronics/psu-pigtail/index.html
                    build/hardware/electronics/psu-pigtail/__data.json
                    build/hardware/electronics/order/index.html
                    build/hardware/electronics/order/__data.json
                    build/hardware/electronics/index.html
                    build/hardware/electronics/__data.json
                    build/hardware/electronics/wireviz/index.html
                    build/hardware/electronics/wireviz/__data.json
                    build/hardware/electronics/steppers/index.html
                    build/hardware/electronics/steppers/__data.json
                    build/hardware/assembly/feeder/arranging-c-channels/index.html
                    build/hardware/assembly/feeder/arranging-c-channels/__data.json
                    build/hardware/assembly/feeder/index.html
                    build/hardware/assembly/feeder/__data.json
                    build/hardware/assembly/feeder/c-channel/index.html
                    build/hardware/assembly/feeder/c-channel/__data.json
                    build/hardware/assembly/feeder/classification-chamber/index.html
                    build/hardware/assembly/feeder/classification-chamber/__data.json
                    build/hardware/assembly/index.html
                    build/hardware/assembly/distribution/index.html
                    build/hardware/assembly/distribution/top-interface/index.html
                    build/hardware/assembly/distribution/top-interface/__data.json
                    build/hardware/assembly/distribution/external-bracket/index.html
                    build/hardware/assembly/distribution/external-bracket/__data.json
                    build/hardware/assembly/distribution/bin-frame/index.html
                    build/hardware/assembly/distribution/bin-frame/regular-layers/index.html
                    build/hardware/assembly/distribution/bin-frame/regular-layers/__data.json
                    build/hardware/assembly/distribution/bin-frame/__data.json
                    build/hardware/assembly/distribution/bin-frame/bottom-interface/index.html
                    build/hardware/assembly/distribution/bin-frame/bottom-interface/__data.json
                    build/hardware/assembly/distribution/bin-frame/bottom-two-layers/index.html
                    build/hardware/assembly/distribution/bin-frame/bottom-two-layers/__data.json
                    build/hardware/assembly/distribution/__data.json
                    build/hardware/assembly/distribution/chute/door-module/index.html
                    build/hardware/assembly/distribution/chute/door-module/__data.json
                    build/hardware/assembly/distribution/chute/index.html
                    build/hardware/assembly/distribution/chute/layer-connectors/index.html
                    build/hardware/assembly/distribution/chute/layer-connectors/__data.json
                    build/hardware/assembly/distribution/chute/mg995-servo/index.html
                    build/hardware/assembly/distribution/chute/mg995-servo/servo-mount/index.html
                    build/hardware/assembly/distribution/chute/mg995-servo/servo-mount/__data.json
                    build/hardware/assembly/distribution/chute/mg995-servo/__data.json
                    build/hardware/assembly/distribution/chute/mg995-servo/how-to-install/index.html
                    build/hardware/assembly/distribution/chute/mg995-servo/how-to-install/__data.json
                    build/hardware/assembly/distribution/chute/__data.json
                    build/hardware/assembly/distribution/chute/chute-core/index.html
                    build/hardware/assembly/distribution/chute/chute-core/__data.json
                    build/hardware/assembly/distribution/chute/pcb/index.html
                    build/hardware/assembly/distribution/chute/pcb/__data.json
                    build/hardware/assembly/distribution/chute/funnel/index.html
                    build/hardware/assembly/distribution/chute/funnel/__data.json
                    build/hardware/assembly/__data.json
                    build/hardware/assembly/software-setup/index.html
                    build/hardware/assembly/software-setup/__data.json
                    build/hardware/__data.json
                    build/hardware/orange-pi-5/index.html
                    build/hardware/orange-pi-5/__data.json
                    build/hardware/parts/lazy-susan/index.html
                    build/hardware/parts/lazy-susan/__data.json
                    build/hardware/parts/index.html
                    build/hardware/parts/__data.json
                    build/hardware/helpers/lazy-susan/index.html
                    build/hardware/helpers/lazy-susan/__data.json
                    build/hardware/helpers/index.html
                    build/hardware/helpers/__data.json
                    build/hardware/helpers/pulley-gear-mod/index.html
                    build/hardware/helpers/pulley-gear-mod/__data.json
                    build/hardware/helpers/heat-inserts/index.html
                    build/hardware/helpers/heat-inserts/__data.json
                    build/index.html
                    build/sorter/dev-flow/index.html
                    build/sorter/dev-flow/__data.json
                    build/sorter/camera-calibration/index.html
                    build/sorter/camera-calibration/__data.json
                    build/sorter/profile-reference/index.html
                    build/sorter/profile-reference/__data.json
                    build/sorter/index.html
                    build/sorter/machine-toml-reference/index.html
                    build/sorter/machine-toml-reference/__data.json
                    build/sorter/__data.json
                    build/sorter/what-leaves-the-machine/index.html
                    build/sorter/what-leaves-the-machine/__data.json
                    build/sorter/installation/sorter-os/index.html
                    build/sorter/installation/sorter-os/__data.json
                    build/sorter/installation/index.html
                    build/sorter/installation/by-hand/index.html
                    build/sorter/installation/by-hand/__data.json
                    build/sorter/installation/linux-generic/index.html
                    build/sorter/installation/linux-generic/__data.json
                    build/sorter/installation/__data.json
                    build/sorter/troubleshooting/index.html
                    build/sorter/troubleshooting/__data.json
                    build/sorter/happy-path-incident-inventory/index.html
                    build/sorter/happy-path-incident-inventory/__data.json
                    build/sorter/safe-shutdown/index.html
                    build/sorter/safe-shutdown/__data.json
                    build/sorter/tutorials/first-sort-run/index.html
                    build/sorter/tutorials/first-sort-run/__data.json
                    build/c1-c3-current-behavior-review/index.html
                    build/c1-c3-current-behavior-review/__data.json
                    build/lab/software-architecture-decisions/index.html
                    build/lab/software-architecture-decisions/__data.json
                    build/lab/index.html
                    build/lab/classification-research/index.html
                    build/lab/classification-research/__data.json
                    build/lab/__data.json
                    build/lab/c-channel-singulation/index.html
                    build/lab/c-channel-singulation/__data.json
                    build/lab/object-detection/device-benchmarking/index.html
                    build/lab/object-detection/device-benchmarking/__data.json
                    build/lab/object-detection/index.html
                    build/lab/object-detection/__data.json
                    build/lab/object-detection/hailo-hef-workflow/index.html
                    build/lab/object-detection/hailo-hef-workflow/__data.json
                    build/lab/object-detection/how-models-are-built/index.html
                    build/lab/object-detection/how-models-are-built/__data.json
                    build/lab/styleguide/index.html
                    build/lab/styleguide/__data.json
                    build/lab/feeder-experiments/index.html
                    build/lab/feeder-experiments/__data.json
                    build/lab/operation-target-10ppm-2026-04-25/index.html
                    build/lab/operation-target-10ppm-2026-04-25/__data.json
                    build/404.html
                    build/__data.json
                    build/getting-started/index.html
                    build/getting-started/__data.json
                    build/hive/index.html
                    build/hive/__data.json
                    build/assets/pi5-01.png
                    build/assets/basically-logo.svg
                    build/assets/favicon-192.png
                    build/assets/favicon.ico
                    build/assets/apple-touch-icon.png
                    build/assets/favicon-96.png
                    build/assets/png-transparent-siemens-star-focus-camera-optics-charts-angle-lens-triangle.png
                    build/_app/version.json
                    build/_app/immutable/chunks/wbPk3Yxo.js
                    .svelte-kit/output/server/manifest.js
                    build/_app/immutable/nodes/0.BbUlS51N.js
                    build/_app/immutable/nodes/2.BG7w2JH2.js
                    build/_app/immutable/nodes/1.BG1KxlXm.js
                    build/_app/immutable/entry/start.DNfEMJCi.js
                    build/_app/immutable/entry/app.BVBTZEI6.js
                    build/_app/immutable/chunks/4uUhO1K4.js
                    build/_app/immutable/chunks/-BZXPMGv.js
                    build/_app/immutable/chunks/NIaflTdM.js
                    build/_app/immutable/chunks/BoAmHx_3.js
                    build/_app/immutable/chunks/urnVIuhv.js
                    build/_app/immutable/chunks/B9McDMP9.js
                    build/_app/immutable/chunks/6q2EGJxD.js
                    build/_app/immutable/chunks/BAqx4HBl.js
                    build/_app/immutable/assets/0.D6wU7T6e.css
                    build/_app/immutable/nodes/2.CI5mzhQo.js
                    build/_app/immutable/nodes/1.EPfhPvHz.js
                    build/_app/immutable/nodes/0.C_oo0atX.js
                    build/_app/immutable/entry/app.Cl1XOx_Z.js
                    build/_app/immutable/entry/start.DwTxq8tl.js
                    build/_app/immutable/chunks/BrNM8hpo.js
                    build/_app/immutable/chunks/CnBY5Msw.js
                    build/_app/immutable/chunks/0AsbCKfH.js
                    build/_app/immutable/chunks/DFN31AeT.js
                    build/_app/immutable/chunks/CqyU6X28.js
                    build/_app/immutable/chunks/DH6kVJX4.js
                    build/_app/immutable/chunks/YY9by26O.js
                    build/_app/immutable/chunks/Dig18vMl.js
                    build/_app/immutable/assets/0.BMKL5nHo.css
[33mYAML Exception reading /Users/spencer/Documents/GitHub/sorter-v2-04/docs/src/content/hardware/electronics/psu-pigtail.md: (<unknown>): mapping values are not allowed in this context at line 8 column 64 [0m
[33mYAML Exception reading /Users/spencer/Documents/GitHub/sorter-v2-04/docs/src/content/lab/operation-target-10ppm-2026-04-25.md: (<unknown>): mapping values are not allowed in this context at line 11 column 68 [0m
[33m     Build Warning: Layout 'default' requested in src/content/hardware/BOM.md does not exist.[0m
[33m     Build Warning: Layout 'default' requested in src/content/hardware/assembly/feeder/arranging-c-channels.md does not exist.[0m
[31m  Liquid Exception: Could not locate the included file 'fastener-legend.html' in any of ["/Users/spencer/Documents/GitHub/sorter-v2-04/docs/_includes"]. Ensure it exists in one of those directories and, if it is a symlink, does not point outside your site source. in src/content/hardware/assembly/distribution/bin-frame/bottom-interface.md[0m
[33m             Error: Could not locate the included file 'fastener-legend.html' in any of ["/Users/spencer/Documents/GitHub/sorter-v2-04/docs/_includes"]. Ensure it exists in one of those directories and, if it is a symlink, does not point outside your site source.[0m
[33m             Error: Run jekyll build --trace for more information.[0m
                    
      Regenerating: 1 file(s) changed at 2026-08-20 21:28:55
                    .jekyll.log
[33mYAML Exception reading /Users/spencer/Documents/GitHub/sorter-v2-04/docs/src/content/hardware/electronics/psu-pigtail.md: (<unknown>): mapping values are not allowed in this context at line 8 column 64 [0m
[33mYAML Exception reading /Users/spencer/Documents/GitHub/sorter-v2-04/docs/src/content/lab/operation-target-10ppm-2026-04-25.md: (<unknown>): mapping values are not allowed in this context at line 11 column 68 [0m
[33m     Build Warning: Layout 'default' requested in src/content/hardware/BOM.md does not exist.[0m
[33m     Build Warning: Layout 'default' requested in src/content/hardware/assembly/feeder/arranging-c-channels.md does not exist.[0m
[31m  Liquid Exception: Could not locate the included file 'fastener-legend.html' in any of ["/Users/spencer/Documents/GitHub/sorter-v2-04/docs/_includes"]. Ensure it exists in one of those directories and, if it is a symlink, does not point outside your site source. in src/content/hardware/assembly/distribution/bin-frame/bottom-interface.md[0m
[33m             Error: Could not locate the included file 'fastener-legend.html' in any of ["/Users/spencer/Documents/GitHub/sorter-v2-04/docs/_includes"]. Ensure it exists in one of those directories and, if it is a symlink, does not point outside your site source.[0m
[33m             Error: Run jekyll build --trace for more information.[0m
                    
      Regenerating: 1 file(s) changed at 2026-08-20 21:28:57
                    .jekyll.log
[33mYAML Exception reading /Users/spencer/Documents/GitHub/sorter-v2-04/docs/src/content/hardware/electronics/psu-pigtail.md: (<unknown>): mapping values are not allowed in this context at line 8 column 64 [0m
[33mYAML Exception reading /Users/spencer/Documents/GitHub/sorter-v2-04/docs/src/content/lab/operation-target-10ppm-2026-04-25.md: (<unknown>): mapping values are not allowed in this context at line 11 column 68 [0m
[33m     Build Warning: Layout 'default' requested in src/content/hardware/BOM.md does not exist.[0m
[33m     Build Warning: Layout 'default' requested in src/content/hardware/assembly/feeder/arranging-c-channels.md does not exist.[0m
[31m  Liquid Exception: Could not locate the included file 'fastener-legend.html' in any of ["/Users/spencer/Documents/GitHub/sorter-v2-04/docs/_includes"]. Ensure it exists in one of those directories and, if it is a symlink, does not point outside your site source. in src/content/hardware/assembly/distribution/bin-frame/bottom-interface.md[0m
[33m             Error: Could not locate the included file 'fastener-legend.html' in any of ["/Users/spencer/Documents/GitHub/sorter-v2-04/docs/_includes"]. Ensure it exists in one of those directories and, if it is a symlink, does not point outside your site source.[0m
[33m             Error: Run jekyll build --trace for more information.[0m
                    
      Regenerating: 1 file(s) changed at 2026-08-20 21:30:55
                    src/lib/server/content.ts
[33mYAML Exception reading /Users/spencer/Documents/GitHub/sorter-v2-04/docs/src/content/hardware/electronics/psu-pigtail.md: (<unknown>): mapping values are not allowed in this context at line 8 column 64 [0m
[33mYAML Exception reading /Users/spencer/Documents/GitHub/sorter-v2-04/docs/src/content/lab/operation-target-10ppm-2026-04-25.md: (<unknown>): mapping values are not allowed in this context at line 11 column 68 [0m
[33m     Build Warning: Layout 'default' requested in src/content/hardware/BOM.md does not exist.[0m
[33m     Build Warning: Layout 'default' requested in src/content/hardware/assembly/feeder/arranging-c-channels.md does not exist.[0m
[31m  Liquid Exception: Could not locate the included file 'fastener-legend.html' in any of ["/Users/spencer/Documents/GitHub/sorter-v2-04/docs/_includes"]. Ensure it exists in one of those directories and, if it is a symlink, does not point outside your site source. in src/content/hardware/assembly/distribution/bin-frame/bottom-interface.md[0m
[33m             Error: Could not locate the included file 'fastener-legend.html' in any of ["/Users/spencer/Documents/GitHub/sorter-v2-04/docs/_includes"]. Ensure it exists in one of those directories and, if it is a symlink, does not point outside your site source.[0m
[33m             Error: Run jekyll build --trace for more information.[0m
                    
      Regenerating: 1 file(s) changed at 2026-08-20 21:31:20
                    node_modules/.vite-temp/vite.config.ts.timestamp-1787275880426-399ae71c8c22b.mjs
[33mYAML Exception reading /Users/spencer/Documents/GitHub/sorter-v2-04/docs/src/content/hardware/electronics/psu-pigtail.md: (<unknown>): mapping values are not allowed in this context at line 8 column 64 [0m
[33mYAML Exception reading /Users/spencer/Documents/GitHub/sorter-v2-04/docs/src/content/lab/operation-target-10ppm-2026-04-25.md: (<unknown>): mapping values are not allowed in this context at line 11 column 68 [0m
[33m     Build Warning: Layout 'default' requested in src/content/hardware/BOM.md does not exist.[0m
[33m     Build Warning: Layout 'default' requested in src/content/hardware/assembly/feeder/arranging-c-channels.md does not exist.[0m
[31m  Liquid Exception: Could not locate the included file 'fastener-legend.html' in any of ["/Users/spencer/Documents/GitHub/sorter-v2-04/docs/_includes"]. Ensure it exists in one of those directories and, if it is a symlink, does not point outside your site source. in src/content/hardware/assembly/distribution/bin-frame/bottom-interface.md[0m
[33m             Error: Could not locate the included file 'fastener-legend.html' in any of ["/Users/spencer/Documents/GitHub/sorter-v2-04/docs/_includes"]. Ensure it exists in one of those directories and, if it is a symlink, does not point outside your site source.[0m
[33m             Error: Run jekyll build --trace for more information.[0m
                    
      Regenerating: 181 file(s) changed at 2026-08-20 21:31:21
                    .svelte-kit/generated/server/internal.js
                    .svelte-kit/generated/shared/error-template.js
                    .svelte-kit/generated/root.js
                    .svelte-kit/generated/root.svelte
                    .svelte-kit/generated/client/nodes/2.js
                    .svelte-kit/generated/client/nodes/0.js
                    .svelte-kit/generated/client/nodes/1.js
                    .svelte-kit/generated/client/matchers.js
                    .svelte-kit/generated/client/app.js
                    .svelte-kit/non-ambient.d.ts
                    .svelte-kit/types/route_meta_data.json
                    .svelte-kit/types/src/routes/[...path]/proxy+page.server.ts
                    .svelte-kit/types/src/routes/[...path]/$types.d.ts
                    .svelte-kit/types/src/routes/$types.d.ts
                    .svelte-kit/env.d.ts
                    .svelte-kit/ambient.d.ts
                    .svelte-kit/tsconfig.json
                    node_modules/.vite-temp/vite.config.ts.timestamp-1787275880426-399ae71c8c22b.mjs
                    .svelte-kit/output/client/.vite/manifest.json
                    .svelte-kit/output/client/404.html
                    .svelte-kit/output/client/_app/immutable/assets/0.D6wU7T6e.css
                    .svelte-kit/output/client/_app/immutable/chunks/4uUhO1K4.js
                    .svelte-kit/output/client/_app/immutable/chunks/-BZXPMGv.js
                    .svelte-kit/output/client/_app/immutable/chunks/wbPk3Yxo.js
                    .svelte-kit/output/client/_app/immutable/chunks/NIaflTdM.js
                    .svelte-kit/output/client/_app/immutable/chunks/BoAmHx_3.js
                    .svelte-kit/output/client/_app/immutable/chunks/urnVIuhv.js
                    .svelte-kit/output/client/_app/immutable/chunks/B9McDMP9.js
                    .svelte-kit/output/client/_app/immutable/chunks/6q2EGJxD.js
                    .svelte-kit/output/client/_app/immutable/chunks/BAqx4HBl.js
                    .svelte-kit/output/client/_app/immutable/entry/start.DNfEMJCi.js
                    .svelte-kit/output/client/_app/immutable/entry/app.BVBTZEI6.js
                    .svelte-kit/output/client/_app/immutable/nodes/0.BbUlS51N.js
                    .svelte-kit/output/client/_app/immutable/nodes/2.BG7w2JH2.js
                    .svelte-kit/output/client/_app/immutable/nodes/1.BG1KxlXm.js
                    .svelte-kit/output/client/_app/version.json
                    .svelte-kit/output/client/assets/pi5-01.png
                    .svelte-kit/output/client/assets/basically-logo.svg
                    .svelte-kit/output/client/assets/favicon-192.png
                    .svelte-kit/output/client/assets/favicon.ico
                    .svelte-kit/output/client/assets/apple-touch-icon.png
                    .svelte-kit/output/client/assets/favicon-96.png
                    .svelte-kit/output/client/assets/png-transparent-siemens-star-focus-camera-optics-charts-angle-lens-triangle.png
                    .svelte-kit/output/prerendered/dependencies/__data.json
                    .svelte-kit/output/prerendered/dependencies/c1-c3-current-behavior-review/__data.json
                    .svelte-kit/output/prerendered/dependencies/getting-started/__data.json
                    .svelte-kit/output/prerendered/dependencies/hardware/BOM/__data.json
                    .svelte-kit/output/prerendered/dependencies/hardware/__data.json
                    .svelte-kit/output/prerendered/dependencies/hardware/assembly/__data.json
                    .svelte-kit/output/prerendered/dependencies/hardware/assembly/distribution/__data.json
                    .svelte-kit/output/prerendered/dependencies/hardware/assembly/distribution/bin-frame/__data.json
                    .svelte-kit/output/prerendered/dependencies/hardware/assembly/distribution/bin-frame/bottom-interface/__data.json
                    .svelte-kit/output/prerendered/dependencies/hardware/assembly/distribution/bin-frame/bottom-two-layers/__data.json
                    .svelte-kit/output/prerendered/dependencies/hardware/assembly/distribution/bin-frame/regular-layers/__data.json
                    .svelte-kit/output/prerendered/dependencies/hardware/assembly/distribution/chute/__data.json
                    .svelte-kit/output/prerendered/dependencies/hardware/assembly/distribution/chute/chute-core/__data.json
                    .svelte-kit/output/prerendered/dependencies/hardware/assembly/distribution/chute/door-module/__data.json
                    .svelte-kit/output/prerendered/dependencies/hardware/assembly/distribution/chute/funnel/__data.json
                    .svelte-kit/output/prerendered/dependencies/hardware/assembly/distribution/chute/layer-connectors/__data.json
                    .svelte-kit/output/prerendered/dependencies/hardware/assembly/distribution/chute/mg995-servo/__data.json
                    .svelte-kit/output/prerendered/dependencies/hardware/assembly/distribution/chute/mg995-servo/how-to-install/__data.json
                    .svelte-kit/output/prerendered/dependencies/hardware/assembly/distribution/chute/mg995-servo/servo-mount/__data.json
                    .svelte-kit/output/prerendered/dependencies/hardware/assembly/distribution/chute/pcb/__data.json
                    .svelte-kit/output/prerendered/dependencies/hardware/assembly/distribution/external-bracket/__data.json
                    .svelte-kit/output/prerendered/dependencies/hardware/assembly/distribution/top-interface/__data.json
                    .svelte-kit/output/prerendered/dependencies/hardware/assembly/feeder/__data.json
                    .svelte-kit/output/prerendered/dependencies/hardware/assembly/feeder/arranging-c-channels/__data.json
                    .svelte-kit/output/prerendered/dependencies/hardware/assembly/feeder/c-channel/__data.json
                    .svelte-kit/output/prerendered/dependencies/hardware/assembly/feeder/classification-chamber/__data.json
                    .svelte-kit/output/prerendered/dependencies/hardware/assembly/software-setup/__data.json
                    .svelte-kit/output/prerendered/dependencies/hardware/electronics/__data.json
                    .svelte-kit/output/prerendered/dependencies/hardware/electronics/order/__data.json
                    .svelte-kit/output/prerendered/dependencies/hardware/electronics/psu-pigtail/__data.json
                    .svelte-kit/output/prerendered/dependencies/hardware/electronics/steppers/__data.json
                    .svelte-kit/output/prerendered/dependencies/hardware/electronics/wireviz/__data.json
                    .svelte-kit/output/prerendered/dependencies/hardware/helpers/__data.json
                    .svelte-kit/output/prerendered/dependencies/hardware/helpers/heat-inserts/__data.json
                    .svelte-kit/output/prerendered/dependencies/hardware/helpers/lazy-susan/__data.json
                    .svelte-kit/output/prerendered/dependencies/hardware/helpers/pulley-gear-mod/__data.json
                    .svelte-kit/output/prerendered/dependencies/hardware/orange-pi-5/__data.json
                    .svelte-kit/output/prerendered/dependencies/hardware/parts/__data.json
                    .svelte-kit/output/prerendered/dependencies/hardware/parts/lazy-susan/__data.json
                    .svelte-kit/output/prerendered/dependencies/hive/__data.json
                    .svelte-kit/output/prerendered/dependencies/lab/__data.json
                    .svelte-kit/output/prerendered/dependencies/lab/c-channel-singulation/__data.json
                    .svelte-kit/output/prerendered/dependencies/lab/classification-research/__data.json
                    .svelte-kit/output/prerendered/dependencies/lab/feeder-experiments/__data.json
                    .svelte-kit/output/prerendered/dependencies/lab/object-detection/__data.json
                    .svelte-kit/output/prerendered/dependencies/lab/object-detection/device-benchmarking/__data.json
                    .svelte-kit/output/prerendered/dependencies/lab/object-detection/hailo-hef-workflow/__data.json
                    .svelte-kit/output/prerendered/dependencies/lab/object-detection/how-models-are-built/__data.json
                    .svelte-kit/output/prerendered/dependencies/lab/operation-target-10ppm-2026-04-25/__data.json
                    .svelte-kit/output/prerendered/dependencies/lab/software-architecture-decisions/__data.json
                    .svelte-kit/output/prerendered/dependencies/lab/styleguide/__data.json
                    .svelte-kit/output/prerendered/dependencies/sorter/__data.json
                    .svelte-kit/output/prerendered/dependencies/sorter/camera-calibration/__data.json
                    .svelte-kit/output/prerendered/dependencies/sorter/dev-flow/__data.json
                    .svelte-kit/output/prerendered/dependencies/sorter/happy-path-incident-inventory/__data.json
                    .svelte-kit/output/prerendered/dependencies/sorter/installation/__data.json
                    .svelte-kit/output/prerendered/dependencies/sorter/installation/by-hand/__data.json
                    .svelte-kit/output/prerendered/dependencies/sorter/installation/linux-generic/__data.json
                    .svelte-kit/output/prerendered/dependencies/sorter/installation/sorter-os/__data.json
                    .svelte-kit/output/prerendered/dependencies/sorter/machine-toml-reference/__data.json
                    .svelte-kit/output/prerendered/dependencies/sorter/profile-reference/__data.json
                    .svelte-kit/output/prerendered/dependencies/sorter/safe-shutdown/__data.json
                    .svelte-kit/output/prerendered/dependencies/sorter/troubleshooting/__data.json
                    .svelte-kit/output/prerendered/dependencies/sorter/tutorials/first-sort-run/__data.json
                    .svelte-kit/output/prerendered/dependencies/sorter/what-leaves-the-machine/__data.json
                    .svelte-kit/output/prerendered/pages/c1-c3-current-behavior-review/index.html
                    .svelte-kit/output/prerendered/pages/index.html
                    .svelte-kit/output/prerendered/pages/getting-started/index.html
                    .svelte-kit/output/prerendered/pages/hardware/BOM/index.html
                    .svelte-kit/output/prerendered/pages/hardware/index.html
                    .svelte-kit/output/prerendered/pages/hardware/assembly/distribution/bin-frame/bottom-interface/index.html
                    .svelte-kit/output/prerendered/pages/hardware/assembly/distribution/bin-frame/index.html
                    .svelte-kit/output/prerendered/pages/hardware/assembly/distribution/bin-frame/bottom-two-layers/index.html
                    .svelte-kit/output/prerendered/pages/hardware/assembly/distribution/bin-frame/regular-layers/index.html
                    .svelte-kit/output/prerendered/pages/hardware/assembly/distribution/index.html
                    .svelte-kit/output/prerendered/pages/hardware/assembly/distribution/chute/chute-core/index.html
                    .svelte-kit/output/prerendered/pages/hardware/assembly/distribution/chute/index.html
                    .svelte-kit/output/prerendered/pages/hardware/assembly/distribution/chute/door-module/index.html
                    .svelte-kit/output/prerendered/pages/hardware/assembly/distribution/chute/funnel/index.html
                    .svelte-kit/output/prerendered/pages/hardware/assembly/distribution/chute/layer-connectors/index.html
                    .svelte-kit/output/prerendered/pages/hardware/assembly/distribution/chute/mg995-servo/how-to-install/index.html
                    .svelte-kit/output/prerendered/pages/hardware/assembly/distribution/chute/mg995-servo/index.html
                    .svelte-kit/output/prerendered/pages/hardware/assembly/distribution/chute/mg995-servo/servo-mount/index.html
                    .svelte-kit/output/prerendered/pages/hardware/assembly/distribution/chute/pcb/index.html
                    .svelte-kit/output/prerendered/pages/hardware/assembly/distribution/external-bracket/index.html
                    .svelte-kit/output/prerendered/pages/hardware/assembly/distribution/top-interface/index.html
                    .svelte-kit/output/prerendered/pages/hardware/assembly/index.html
                    .svelte-kit/output/prerendered/pages/hardware/assembly/feeder/arranging-c-channels/index.html
                    .svelte-kit/output/prerendered/pages/hardware/assembly/feeder/index.html
                    .svelte-kit/output/prerendered/pages/hardware/assembly/feeder/c-channel/index.html
                    .svelte-kit/output/prerendered/pages/hardware/assembly/feeder/classification-chamber/index.html
                    .svelte-kit/output/prerendered/pages/hardware/assembly/software-setup/index.html
                    .svelte-kit/output/prerendered/pages/hardware/electronics/index.html
                    .svelte-kit/output/prerendered/pages/hardware/electronics/order/index.html
                    .svelte-kit/output/prerendered/pages/hardware/electronics/psu-pigtail/index.html
                    .svelte-kit/output/prerendered/pages/hardware/electronics/steppers/index.html
                    .svelte-kit/output/prerendered/pages/hardware/electronics/wireviz/index.html
                    .svelte-kit/output/prerendered/pages/hardware/helpers/heat-inserts/index.html
                    .svelte-kit/output/prerendered/pages/hardware/helpers/index.html
                    .svelte-kit/output/prerendered/pages/hardware/helpers/lazy-susan/index.html
                    .svelte-kit/output/prerendered/pages/hardware/helpers/pulley-gear-mod/index.html
                    .svelte-kit/output/prerendered/pages/hardware/orange-pi-5/index.html
                    .svelte-kit/output/prerendered/pages/hardware/parts/index.html
                    .svelte-kit/output/prerendered/pages/hardware/parts/lazy-susan/index.html
                    .svelte-kit/output/prerendered/pages/hive/index.html
                    .svelte-kit/output/prerendered/pages/lab/c-channel-singulation/index.html
                    .svelte-kit/output/prerendered/pages/lab/index.html
                    .svelte-kit/output/prerendered/pages/lab/classification-research/index.html
                    .svelte-kit/output/prerendered/pages/lab/feeder-experiments/index.html
                    .svelte-kit/output/prerendered/pages/lab/object-detection/device-benchmarking/index.html
                    .svelte-kit/output/prerendered/pages/lab/object-detection/index.html
                    .svelte-kit/output/prerendered/pages/lab/object-detection/hailo-hef-workflow/index.html
                    .svelte-kit/output/prerendered/pages/lab/object-detection/how-models-are-built/index.html
                    .svelte-kit/output/prerendered/pages/lab/operation-target-10ppm-2026-04-25/index.html
                    .svelte-kit/output/prerendered/pages/lab/software-architecture-decisions/index.html
                    .svelte-kit/output/prerendered/pages/lab/styleguide/index.html
                    .svelte-kit/output/prerendered/pages/sorter/camera-calibration/index.html
                    .svelte-kit/output/prerendered/pages/sorter/index.html
                    .svelte-kit/output/prerendered/pages/sorter/dev-flow/index.html
                    .svelte-kit/output/prerendered/pages/sorter/happy-path-incident-inventory/index.html
                    .svelte-kit/output/prerendered/pages/sorter/installation/by-hand/index.html
                    .svelte-kit/output/prerendered/pages/sorter/installation/index.html
                    .svelte-kit/output/prerendered/pages/sorter/installation/linux-generic/index.html
                    .svelte-kit/output/prerendered/pages/sorter/installation/sorter-os/index.html
                    .svelte-kit/output/prerendered/pages/sorter/machine-toml-reference/index.html
                    .svelte-kit/output/prerendered/pages/sorter/profile-reference/index.html
                    .svelte-kit/output/prerendered/pages/sorter/safe-shutdown/index.html
                    .svelte-kit/output/prerendered/pages/sorter/troubleshooting/index.html
                    .svelte-kit/output/prerendered/pages/sorter/tutorials/first-sort-run/index.html
                    .svelte-kit/output/prerendered/pages/sorter/what-leaves-the-machine/index.html
                    .svelte-kit/output/server/.vite/manifest.json
                    .svelte-kit/output/server/internal.js
                    .svelte-kit/output/server/index.js
                    .svelte-kit/output/server/env.js
                    .svelte-kit/output/server/remote-entry.js
                    .svelte-kit/output/server/manifest-full.js
                    .svelte-kit/output/server/manifest.js
                    .svelte-kit/output/server/_app/immutable/assets/_layout.D6wU7T6e.css
[33mYAML Exception reading /Users/spencer/Documents/GitHub/sorter-v2-04/docs/src/content/hardware/electronics/psu-pigtail.md: (<unknown>): mapping values are not allowed in this context at line 8 column 64 [0m
[33mYAML Exception reading /Users/spencer/Documents/GitHub/sorter-v2-04/docs/src/content/lab/operation-target-10ppm-2026-04-25.md: (<unknown>): mapping values are not allowed in this context at line 11 column 68 [0m
[33m     Build Warning: Layout 'default' requested in src/content/hardware/BOM.md does not exist.[0m
[33m     Build Warning: Layout 'default' requested in src/content/hardware/assembly/feeder/arranging-c-channels.md does not exist.[0m
[31m  Liquid Exception: Could not locate the included file 'fastener-legend.html' in any of ["/Users/spencer/Documents/GitHub/sorter-v2-04/docs/_includes"]. Ensure it exists in one of those directories and, if it is a symlink, does not point outside your site source. in src/content/hardware/assembly/distribution/bin-frame/bottom-interface.md[0m
[33m             Error: Could not locate the included file 'fastener-legend.html' in any of ["/Users/spencer/Documents/GitHub/sorter-v2-04/docs/_includes"]. Ensure it exists in one of those directories and, if it is a symlink, does not point outside your site source.[0m
[33m             Error: Run jekyll build --trace for more information.[0m
                    
      Regenerating: 17 file(s) changed at 2026-08-20 21:31:21
                    .svelte-kit/output/server/chunks/server.js
                    .svelte-kit/output/server/chunks/internal.js
                    .svelte-kit/output/server/chunks/exports.js
                    .svelte-kit/output/server/chunks/index.js
                    .svelte-kit/output/server/chunks/index2.js
                    .svelte-kit/output/server/chunks/utils2.js
                    .svelte-kit/output/server/chunks/root.js
                    .svelte-kit/output/server/chunks/utils.js
                    .svelte-kit/output/server/chunks/content.js
                    .svelte-kit/output/server/entries/fallbacks/error.svelte.js
                    .svelte-kit/output/server/entries/pages/_...path_/_page.svelte.js
                    .svelte-kit/output/server/entries/pages/_...path_/_page.server.ts.js
                    .svelte-kit/output/server/entries/pages/_layout.server.ts.js
                    .svelte-kit/output/server/entries/pages/_layout.svelte.js
                    .svelte-kit/output/server/nodes/2.js
                    .svelte-kit/output/server/nodes/0.js
                    .svelte-kit/output/server/nodes/1.js
[33mYAML Exception reading /Users/spencer/Documents/GitHub/sorter-v2-04/docs/src/content/hardware/electronics/psu-pigtail.md: (<unknown>): mapping values are not allowed in this context at line 8 column 64 [0m
[33mYAML Exception reading /Users/spencer/Documents/GitHub/sorter-v2-04/docs/src/content/lab/operation-target-10ppm-2026-04-25.md: (<unknown>): mapping values are not allowed in this context at line 11 column 68 [0m
[33m     Build Warning: Layout 'default' requested in src/content/hardware/BOM.md does not exist.[0m
[33m     Build Warning: Layout 'default' requested in src/content/hardware/assembly/feeder/arranging-c-channels.md does not exist.[0m
[31m  Liquid Exception: Could not locate the included file 'fastener-legend.html' in any of ["/Users/spencer/Documents/GitHub/sorter-v2-04/docs/_includes"]. Ensure it exists in one of those directories and, if it is a symlink, does not point outside your site source. in src/content/hardware/assembly/distribution/bin-frame/bottom-interface.md[0m
[33m             Error: Could not locate the included file 'fastener-legend.html' in any of ["/Users/spencer/Documents/GitHub/sorter-v2-04/docs/_includes"]. Ensure it exists in one of those directories and, if it is a symlink, does not point outside your site source.[0m
[33m             Error: Run jekyll build --trace for more information.[0m
                    
      Regenerating: 24 file(s) changed at 2026-08-20 21:31:22
                    .svelte-kit/output/server/entries/fallbacks/error.svelte.js
                    .svelte-kit/output/server/entries/pages/_layout.server.ts.js
                    .svelte-kit/output/server/entries/pages/_layout.svelte.js
                    .svelte-kit/output/server/entries/pages/_...path_/_page.svelte.js
                    .svelte-kit/output/server/entries/pages/_...path_/_page.server.ts.js
                    .svelte-kit/output/server/nodes/2.js
                    .svelte-kit/output/server/nodes/0.js
                    .svelte-kit/output/server/nodes/1.js
                    .svelte-kit/output/server/internal.js
                    .svelte-kit/output/server/index.js
                    .svelte-kit/output/server/env.js
                    .svelte-kit/output/server/chunks/server.js
                    .svelte-kit/output/server/chunks/internal.js
                    .svelte-kit/output/server/chunks/exports.js
                    .svelte-kit/output/server/chunks/index.js
                    .svelte-kit/output/server/chunks/index2.js
                    .svelte-kit/output/server/chunks/utils2.js
                    .svelte-kit/output/server/chunks/root.js
                    .svelte-kit/output/server/chunks/utils.js
                    .svelte-kit/output/server/chunks/content.js
                    .svelte-kit/output/server/remote-entry.js
                    .svelte-kit/output/server/manifest-full.js
                    .svelte-kit/output/server/_app/immutable/assets/_layout.D6wU7T6e.css
                    .svelte-kit/output/server/.vite/manifest.json
[33mYAML Exception reading /Users/spencer/Documents/GitHub/sorter-v2-04/docs/src/content/hardware/electronics/psu-pigtail.md: (<unknown>): mapping values are not allowed in this context at line 8 column 64 [0m
[33mYAML Exception reading /Users/spencer/Documents/GitHub/sorter-v2-04/docs/src/content/lab/operation-target-10ppm-2026-04-25.md: (<unknown>): mapping values are not allowed in this context at line 11 column 68 [0m
[33m     Build Warning: Layout 'default' requested in src/content/hardware/BOM.md does not exist.[0m
[33m     Build Warning: Layout 'default' requested in src/content/hardware/assembly/feeder/arranging-c-channels.md does not exist.[0m
[31m  Liquid Exception: Could not locate the included file 'fastener-legend.html' in any of ["/Users/spencer/Documents/GitHub/sorter-v2-04/docs/_includes"]. Ensure it exists in one of those directories and, if it is a symlink, does not point outside your site source. in src/content/hardware/assembly/distribution/bin-frame/bottom-interface.md[0m
[33m             Error: Could not locate the included file 'fastener-legend.html' in any of ["/Users/spencer/Documents/GitHub/sorter-v2-04/docs/_includes"]. Ensure it exists in one of those directories and, if it is a symlink, does not point outside your site source.[0m
[33m             Error: Run jekyll build --trace for more information.[0m
                    
      Regenerating: 1 file(s) changed at 2026-08-20 21:31:22
                    node_modules/.vite-temp/vite.config.ts.timestamp-1787275882173-a8770a77f8f68.mjs
[33mYAML Exception reading /Users/spencer/Documents/GitHub/sorter-v2-04/docs/src/content/hardware/electronics/psu-pigtail.md: (<unknown>): mapping values are not allowed in this context at line 8 column 64 [0m
[33mYAML Exception reading /Users/spencer/Documents/GitHub/sorter-v2-04/docs/src/content/lab/operation-target-10ppm-2026-04-25.md: (<unknown>): mapping values are not allowed in this context at line 11 column 68 [0m
[33m     Build Warning: Layout 'default' requested in src/content/hardware/BOM.md does not exist.[0m
[33m     Build Warning: Layout 'default' requested in src/content/hardware/assembly/feeder/arranging-c-channels.md does not exist.[0m
[31m  Liquid Exception: Could not locate the included file 'fastener-legend.html' in any of ["/Users/spencer/Documents/GitHub/sorter-v2-04/docs/_includes"]. Ensure it exists in one of those directories and, if it is a symlink, does not point outside your site source. in src/content/hardware/assembly/distribution/bin-frame/bottom-interface.md[0m
[33m             Error: Could not locate the included file 'fastener-legend.html' in any of ["/Users/spencer/Documents/GitHub/sorter-v2-04/docs/_includes"]. Ensure it exists in one of those directories and, if it is a symlink, does not point outside your site source.[0m
[33m             Error: Run jekyll build --trace for more information.[0m
                    
      Regenerating: 15 file(s) changed at 2026-08-20 21:31:22
                    .svelte-kit/ambient.d.ts
                    .svelte-kit/tsconfig.json
                    .svelte-kit/generated/server/internal.js
                    .svelte-kit/generated/shared/error-template.js
                    .svelte-kit/generated/root.js
                    .svelte-kit/generated/root.svelte
                    .svelte-kit/generated/client/nodes/2.js
                    .svelte-kit/generated/client/nodes/0.js
                    .svelte-kit/generated/client/nodes/1.js
                    .svelte-kit/generated/client/matchers.js
                    .svelte-kit/generated/client/app.js
                    .svelte-kit/types/src/routes/[...path]/$types.d.ts
                    .svelte-kit/types/src/routes/$types.d.ts
                    .svelte-kit/types/route_meta_data.json
                    node_modules/.vite-temp/vite.config.ts.timestamp-1787275882173-a8770a77f8f68.mjs
[33mYAML Exception reading /Users/spencer/Documents/GitHub/sorter-v2-04/docs/src/content/hardware/electronics/psu-pigtail.md: (<unknown>): mapping values are not allowed in this context at line 8 column 64 [0m
[33mYAML Exception reading /Users/spencer/Documents/GitHub/sorter-v2-04/docs/src/content/lab/operation-target-10ppm-2026-04-25.md: (<unknown>): mapping values are not allowed in this context at line 11 column 68 [0m
[33m     Build Warning: Layout 'default' requested in src/content/hardware/BOM.md does not exist.[0m
[33m     Build Warning: Layout 'default' requested in src/content/hardware/assembly/feeder/arranging-c-channels.md does not exist.[0m
[31m  Liquid Exception: Could not locate the included file 'fastener-legend.html' in any of ["/Users/spencer/Documents/GitHub/sorter-v2-04/docs/_includes"]. Ensure it exists in one of those directories and, if it is a symlink, does not point outside your site source. in src/content/hardware/assembly/distribution/bin-frame/bottom-interface.md[0m
[33m             Error: Could not locate the included file 'fastener-legend.html' in any of ["/Users/spencer/Documents/GitHub/sorter-v2-04/docs/_includes"]. Ensure it exists in one of those directories and, if it is a symlink, does not point outside your site source.[0m
[33m             Error: Run jekyll build --trace for more information.[0m
                    
      Regenerating: 9 file(s) changed at 2026-08-20 21:31:22
                    .svelte-kit/types/src/routes/[...path]/proxy+page.server.ts
                    .svelte-kit/types/src/routes/[...path]/$types.d.ts
                    .svelte-kit/non-ambient.d.ts
                    .svelte-kit/env.d.ts
                    .svelte-kit/generated/client-optimized/nodes/2.js
                    .svelte-kit/generated/client-optimized/nodes/0.js
                    .svelte-kit/generated/client-optimized/nodes/1.js
                    .svelte-kit/generated/client-optimized/matchers.js
                    .svelte-kit/generated/client-optimized/app.js
[33mYAML Exception reading /Users/spencer/Documents/GitHub/sorter-v2-04/docs/src/content/hardware/electronics/psu-pigtail.md: (<unknown>): mapping values are not allowed in this context at line 8 column 64 [0m
[33mYAML Exception reading /Users/spencer/Documents/GitHub/sorter-v2-04/docs/src/content/lab/operation-target-10ppm-2026-04-25.md: (<unknown>): mapping values are not allowed in this context at line 11 column 68 [0m
[33m     Build Warning: Layout 'default' requested in src/content/hardware/BOM.md does not exist.[0m
[33m     Build Warning: Layout 'default' requested in src/content/hardware/assembly/feeder/arranging-c-channels.md does not exist.[0m
[31m  Liquid Exception: Could not locate the included file 'fastener-legend.html' in any of ["/Users/spencer/Documents/GitHub/sorter-v2-04/docs/_includes"]. Ensure it exists in one of those directories and, if it is a symlink, does not point outside your site source. in src/content/hardware/assembly/distribution/bin-frame/bottom-interface.md[0m
[33m             Error: Could not locate the included file 'fastener-legend.html' in any of ["/Users/spencer/Documents/GitHub/sorter-v2-04/docs/_includes"]. Ensure it exists in one of those directories and, if it is a symlink, does not point outside your site source.[0m
[33m             Error: Run jekyll build --trace for more information.[0m
                    
      Regenerating: 8 file(s) changed at 2026-08-20 21:31:23
                    .svelte-kit/output/client/404.html
                    .svelte-kit/output/client/assets/pi5-01.png
                    .svelte-kit/output/client/assets/basically-logo.svg
                    .svelte-kit/output/client/assets/favicon-192.png
                    .svelte-kit/output/client/assets/favicon.ico
                    .svelte-kit/output/client/assets/apple-touch-icon.png
                    .svelte-kit/output/client/assets/favicon-96.png
                    .svelte-kit/output/client/assets/png-transparent-siemens-star-focus-camera-optics-charts-angle-lens-triangle.png
[33mYAML Exception reading /Users/spencer/Documents/GitHub/sorter-v2-04/docs/src/content/hardware/electronics/psu-pigtail.md: (<unknown>): mapping values are not allowed in this context at line 8 column 64 [0m
[33mYAML Exception reading /Users/spencer/Documents/GitHub/sorter-v2-04/docs/src/content/lab/operation-target-10ppm-2026-04-25.md: (<unknown>): mapping values are not allowed in this context at line 11 column 68 [0m
[33m     Build Warning: Layout 'default' requested in src/content/hardware/BOM.md does not exist.[0m
[33m     Build Warning: Layout 'default' requested in src/content/hardware/assembly/feeder/arranging-c-channels.md does not exist.[0m
[31m  Liquid Exception: Could not locate the included file 'fastener-legend.html' in any of ["/Users/spencer/Documents/GitHub/sorter-v2-04/docs/_includes"]. Ensure it exists in one of those directories and, if it is a symlink, does not point outside your site source. in src/content/hardware/assembly/distribution/bin-frame/bottom-interface.md[0m
[33m             Error: Could not locate the included file 'fastener-legend.html' in any of ["/Users/spencer/Documents/GitHub/sorter-v2-04/docs/_includes"]. Ensure it exists in one of those directories and, if it is a symlink, does not point outside your site source.[0m
[33m             Error: Run jekyll build --trace for more information.[0m
                    
      Regenerating: 21 file(s) changed at 2026-08-20 21:31:23
                    .svelte-kit/output/server/nodes/2.js
                    .svelte-kit/output/server/nodes/0.js
                    .svelte-kit/output/server/nodes/1.js
                    .svelte-kit/output/server/manifest-full.js
                    .svelte-kit/output/client/_app/version.json
                    .svelte-kit/output/client/_app/immutable/nodes/2.BG7w2JH2.js
                    .svelte-kit/output/client/_app/immutable/nodes/0.DaTT4fwU.js
                    .svelte-kit/output/client/_app/immutable/nodes/1.D923OEcy.js
                    .svelte-kit/output/client/_app/immutable/entry/start.jS4iZZbb.js
                    .svelte-kit/output/client/_app/immutable/entry/app.CmrJppOx.js
                    .svelte-kit/output/client/_app/immutable/chunks/B9Pvx7oH.js
                    .svelte-kit/output/client/_app/immutable/chunks/KT29JhkY.js
                    .svelte-kit/output/client/_app/immutable/chunks/4uUhO1K4.js
                    .svelte-kit/output/client/_app/immutable/chunks/-BZXPMGv.js
                    .svelte-kit/output/client/_app/immutable/chunks/wbPk3Yxo.js
                    .svelte-kit/output/client/_app/immutable/chunks/BoAmHx_3.js
                    .svelte-kit/output/client/_app/immutable/chunks/B9McDMP9.js
                    .svelte-kit/output/client/_app/immutable/chunks/6q2EGJxD.js
                    .svelte-kit/output/client/_app/immutable/chunks/BAqx4HBl.js
                    .svelte-kit/output/client/_app/immutable/assets/0.D6wU7T6e.css
                    .svelte-kit/output/client/.vite/manifest.json
[33mYAML Exception reading /Users/spencer/Documents/GitHub/sorter-v2-04/docs/src/content/hardware/electronics/psu-pigtail.md: (<unknown>): mapping values are not allowed in this context at line 8 column 64 [0m
[33mYAML Exception reading /Users/spencer/Documents/GitHub/sorter-v2-04/docs/src/content/lab/operation-target-10ppm-2026-04-25.md: (<unknown>): mapping values are not allowed in this context at line 11 column 68 [0m
[33m     Build Warning: Layout 'default' requested in src/content/hardware/BOM.md does not exist.[0m
[33m     Build Warning: Layout 'default' requested in src/content/hardware/assembly/feeder/arranging-c-channels.md does not exist.[0m
[31m  Liquid Exception: Could not locate the included file 'fastener-legend.html' in any of ["/Users/spencer/Documents/GitHub/sorter-v2-04/docs/_includes"]. Ensure it exists in one of those directories and, if it is a symlink, does not point outside your site source. in src/content/hardware/assembly/distribution/bin-frame/bottom-interface.md[0m
[33m             Error: Could not locate the included file 'fastener-legend.html' in any of ["/Users/spencer/Documents/GitHub/sorter-v2-04/docs/_includes"]. Ensure it exists in one of those directories and, if it is a symlink, does not point outside your site source.[0m
[33m             Error: Run jekyll build --trace for more information.[0m
                    
      Regenerating: 1 file(s) changed at 2026-08-20 21:31:23
                    node_modules/.vite-temp/vite.config.ts.timestamp-1787275883311-9ca75c6a10feb.mjs
[33mYAML Exception reading /Users/spencer/Documents/GitHub/sorter-v2-04/docs/src/content/hardware/electronics/psu-pigtail.md: (<unknown>): mapping values are not allowed in this context at line 8 column 64 [0m
[33mYAML Exception reading /Users/spencer/Documents/GitHub/sorter-v2-04/docs/src/content/lab/operation-target-10ppm-2026-04-25.md: (<unknown>): mapping values are not allowed in this context at line 11 column 68 [0m
[33m     Build Warning: Layout 'default' requested in src/content/hardware/BOM.md does not exist.[0m
[33m     Build Warning: Layout 'default' requested in src/content/hardware/assembly/feeder/arranging-c-channels.md does not exist.[0m
[31m  Liquid Exception: Could not locate the included file 'fastener-legend.html' in any of ["/Users/spencer/Documents/GitHub/sorter-v2-04/docs/_includes"]. Ensure it exists in one of those directories and, if it is a symlink, does not point outside your site source. in src/content/hardware/assembly/distribution/bin-frame/bottom-interface.md[0m
[33m             Error: Could not locate the included file 'fastener-legend.html' in any of ["/Users/spencer/Documents/GitHub/sorter-v2-04/docs/_includes"]. Ensure it exists in one of those directories and, if it is a symlink, does not point outside your site source.[0m
[33m             Error: Run jekyll build --trace for more information.[0m
                    
      Regenerating: 20 file(s) changed at 2026-08-20 21:31:23
                    .svelte-kit/generated/server/internal.js
                    .svelte-kit/generated/shared/error-template.js
                    .svelte-kit/generated/root.js
                    .svelte-kit/generated/root.svelte
                    .svelte-kit/generated/client/nodes/2.js
                    .svelte-kit/generated/client/nodes/0.js
                    .svelte-kit/generated/client/nodes/1.js
                    .svelte-kit/generated/client/matchers.js
                    .svelte-kit/generated/client/app.js
                    .svelte-kit/non-ambient.d.ts
                    .svelte-kit/types/route_meta_data.json
                    .svelte-kit/types/src/routes/[...path]/proxy+page.server.ts
                    .svelte-kit/types/src/routes/[...path]/$types.d.ts
                    .svelte-kit/types/src/routes/$types.d.ts
                    .svelte-kit/env.d.ts
                    .svelte-kit/ambient.d.ts
                    .svelte-kit/tsconfig.json
                    .svelte-kit/output/prerendered/dependencies/__data.json
                    .svelte-kit/output/prerendered/pages/index.html
                    node_modules/.vite-temp/vite.config.ts.timestamp-1787275883311-9ca75c6a10feb.mjs
[33mYAML Exception reading /Users/spencer/Documents/GitHub/sorter-v2-04/docs/src/content/hardware/electronics/psu-pigtail.md: (<unknown>): mapping values are not allowed in this context at line 8 column 64 [0m
[33mYAML Exception reading /Users/spencer/Documents/GitHub/sorter-v2-04/docs/src/content/lab/operation-target-10ppm-2026-04-25.md: (<unknown>): mapping values are not allowed in this context at line 11 column 68 [0m
[33m     Build Warning: Layout 'default' requested in src/content/hardware/BOM.md does not exist.[0m
[33m     Build Warning: Layout 'default' requested in src/content/hardware/assembly/feeder/arranging-c-channels.md does not exist.[0m
[31m  Liquid Exception: Could not locate the included file 'fastener-legend.html' in any of ["/Users/spencer/Documents/GitHub/sorter-v2-04/docs/_includes"]. Ensure it exists in one of those directories and, if it is a symlink, does not point outside your site source. in src/content/hardware/assembly/distribution/bin-frame/bottom-interface.md[0m
[33m             Error: Could not locate the included file 'fastener-legend.html' in any of ["/Users/spencer/Documents/GitHub/sorter-v2-04/docs/_includes"]. Ensure it exists in one of those directories and, if it is a symlink, does not point outside your site source.[0m
[33m             Error: Run jekyll build --trace for more information.[0m
                    
      Regenerating: 23 file(s) changed at 2026-08-20 21:31:23
                    .svelte-kit/output/prerendered/pages/hardware/BOM/index.html
                    .svelte-kit/output/prerendered/pages/hardware/assembly/distribution/bin-frame/index.html
                    .svelte-kit/output/prerendered/pages/hardware/assembly/distribution/bin-frame/bottom-interface/index.html
                    .svelte-kit/output/prerendered/pages/hardware/assembly/distribution/bin-frame/bottom-two-layers/index.html
                    .svelte-kit/output/prerendered/pages/c1-c3-current-behavior-review/index.html
                    .svelte-kit/output/prerendered/pages/getting-started/index.html
                    .svelte-kit/output/prerendered/dependencies/hardware/BOM/__data.json
                    .svelte-kit/output/prerendered/dependencies/hardware/assembly/distribution/bin-frame/__data.json
                    .svelte-kit/output/prerendered/dependencies/hardware/assembly/distribution/bin-frame/bottom-interface/__data.json
                    .svelte-kit/output/prerendered/dependencies/hardware/assembly/distribution/bin-frame/bottom-two-layers/__data.json
                    .svelte-kit/output/prerendered/dependencies/c1-c3-current-behavior-review/__data.json
                    .svelte-kit/output/prerendered/dependencies/getting-started/__data.json
                    .svelte-kit/output/prerendered/pages/hardware/assembly/distribution/bin-frame/regular-layers/index.html
                    .svelte-kit/output/prerendered/dependencies/hardware/assembly/distribution/bin-frame/regular-layers/__data.json
                    .svelte-kit/output/prerendered/pages/hardware/assembly/distribution/chute/chute-core/index.html
                    .svelte-kit/output/prerendered/dependencies/hardware/assembly/distribution/chute/chute-core/__data.json
                    .svelte-kit/output/prerendered/dependencies/hardware/assembly/distribution/chute/door-module/__data.json
                    .svelte-kit/output/prerendered/pages/hardware/assembly/distribution/index.html
                    .svelte-kit/output/prerendered/pages/hardware/assembly/distribution/external-bracket/index.html
                    .svelte-kit/output/prerendered/pages/hardware/assembly/distribution/chute/door-module/index.html
                    .svelte-kit/output/prerendered/pages/hardware/assembly/distribution/chute/index.html
                    .svelte-kit/output/prerendered/pages/hardware/assembly/distribution/chute/layer-connectors/index.html
                    .svelte-kit/output/prerendered/pages/hardware/assembly/distribution/chute/mg995-servo/index.html
[33mYAML Exception reading /Users/spencer/Documents/GitHub/sorter-v2-04/docs/src/content/hardware/electronics/psu-pigtail.md: (<unknown>): mapping values are not allowed in this context at line 8 column 64 [0m
[33mYAML Exception reading /Users/spencer/Documents/GitHub/sorter-v2-04/docs/src/content/lab/operation-target-10ppm-2026-04-25.md: (<unknown>): mapping values are not allowed in this context at line 11 column 68 [0m
[33m     Build Warning: Layout 'default' requested in src/content/hardware/BOM.md does not exist.[0m
[33m     Build Warning: Layout 'default' requested in src/content/hardware/assembly/feeder/arranging-c-channels.md does not exist.[0m
[31m  Liquid Exception: Could not locate the included file 'fastener-legend.html' in any of ["/Users/spencer/Documents/GitHub/sorter-v2-04/docs/_includes"]. Ensure it exists in one of those directories and, if it is a symlink, does not point outside your site source. in src/content/hardware/assembly/distribution/bin-frame/bottom-interface.md[0m
[33m             Error: Could not locate the included file 'fastener-legend.html' in any of ["/Users/spencer/Documents/GitHub/sorter-v2-04/docs/_includes"]. Ensure it exists in one of those directories and, if it is a symlink, does not point outside your site source.[0m
[33m             Error: Run jekyll build --trace for more information.[0m
                    
      Regenerating: 53 file(s) changed at 2026-08-20 21:31:24
                    .svelte-kit/output/prerendered/pages/hardware/assembly/distribution/chute/mg995-servo/servo-mount/index.html
                    .svelte-kit/output/prerendered/pages/hardware/assembly/distribution/chute/mg995-servo/how-to-install/index.html
                    .svelte-kit/output/prerendered/pages/hardware/assembly/distribution/chute/pcb/index.html
                    .svelte-kit/output/prerendered/pages/hardware/assembly/distribution/chute/funnel/index.html
                    .svelte-kit/output/prerendered/dependencies/hardware/assembly/distribution/external-bracket/__data.json
                    .svelte-kit/output/prerendered/dependencies/hardware/assembly/distribution/__data.json
                    .svelte-kit/output/prerendered/dependencies/hardware/assembly/distribution/chute/layer-connectors/__data.json
                    .svelte-kit/output/prerendered/dependencies/hardware/assembly/distribution/chute/mg995-servo/servo-mount/__data.json
                    .svelte-kit/output/prerendered/dependencies/hardware/assembly/distribution/chute/mg995-servo/__data.json
                    .svelte-kit/output/prerendered/dependencies/hardware/assembly/distribution/chute/mg995-servo/how-to-install/__data.json
                    .svelte-kit/output/prerendered/dependencies/hardware/assembly/distribution/chute/__data.json
                    .svelte-kit/output/prerendered/dependencies/hardware/assembly/distribution/chute/pcb/__data.json
                    .svelte-kit/output/prerendered/dependencies/hardware/assembly/distribution/chute/funnel/__data.json
                    .svelte-kit/output/prerendered/pages/hardware/assembly/distribution/top-interface/index.html
                    .svelte-kit/output/prerendered/dependencies/hardware/assembly/distribution/top-interface/__data.json
                    .svelte-kit/output/prerendered/pages/hardware/assembly/feeder/arranging-c-channels/index.html
                    .svelte-kit/output/prerendered/pages/hardware/assembly/feeder/index.html
                    .svelte-kit/output/prerendered/pages/hardware/assembly/feeder/c-channel/index.html
                    .svelte-kit/output/prerendered/pages/hardware/assembly/feeder/classification-chamber/index.html
                    .svelte-kit/output/prerendered/pages/hardware/assembly/index.html
                    .svelte-kit/output/prerendered/pages/hardware/assembly/software-setup/index.html
                    .svelte-kit/output/prerendered/dependencies/hardware/assembly/feeder/arranging-c-channels/__data.json
                    .svelte-kit/output/prerendered/dependencies/hardware/assembly/feeder/__data.json
                    .svelte-kit/output/prerendered/dependencies/hardware/assembly/feeder/c-channel/__data.json
                    .svelte-kit/output/prerendered/dependencies/hardware/assembly/feeder/classification-chamber/__data.json
                    .svelte-kit/output/prerendered/dependencies/hardware/assembly/__data.json
                    .svelte-kit/output/prerendered/dependencies/hardware/assembly/software-setup/__data.json
                    .svelte-kit/output/prerendered/pages/hardware/index.html
                    .svelte-kit/output/prerendered/pages/hardware/electronics/psu-pigtail/index.html
                    .svelte-kit/output/prerendered/pages/hardware/electronics/order/index.html
                    .svelte-kit/output/prerendered/pages/hardware/electronics/index.html
                    .svelte-kit/output/prerendered/pages/hardware/electronics/wireviz/index.html
                    .svelte-kit/output/prerendered/pages/hardware/electronics/steppers/index.html
                    .svelte-kit/output/prerendered/pages/hardware/orange-pi-5/index.html
                    .svelte-kit/output/prerendered/pages/hardware/parts/lazy-susan/index.html
                    .svelte-kit/output/prerendered/pages/hardware/parts/index.html
                    .svelte-kit/output/prerendered/pages/hardware/helpers/lazy-susan/index.html
                    .svelte-kit/output/prerendered/pages/hardware/helpers/index.html
                    .svelte-kit/output/prerendered/pages/hardware/helpers/pulley-gear-mod/index.html
                    .svelte-kit/output/prerendered/pages/hardware/helpers/heat-inserts/index.html
                    .svelte-kit/output/prerendered/dependencies/hardware/electronics/psu-pigtail/__data.json
                    .svelte-kit/output/prerendered/dependencies/hardware/electronics/order/__data.json
                    .svelte-kit/output/prerendered/dependencies/hardware/electronics/__data.json
                    .svelte-kit/output/prerendered/dependencies/hardware/electronics/wireviz/__data.json
                    .svelte-kit/output/prerendered/dependencies/hardware/electronics/steppers/__data.json
                    .svelte-kit/output/prerendered/dependencies/hardware/__data.json
                    .svelte-kit/output/prerendered/dependencies/hardware/orange-pi-5/__data.json
                    .svelte-kit/output/prerendered/dependencies/hardware/parts/lazy-susan/__data.json
                    .svelte-kit/output/prerendered/dependencies/hardware/parts/__data.json
                    .svelte-kit/output/prerendered/dependencies/hardware/helpers/lazy-susan/__data.json
                    .svelte-kit/output/prerendered/dependencies/hardware/helpers/__data.json
                    .svelte-kit/output/prerendered/dependencies/hardware/helpers/pulley-gear-mod/__data.json
                    .svelte-kit/output/prerendered/dependencies/hardware/helpers/heat-inserts/__data.json
[33mYAML Exception reading /Users/spencer/Documents/GitHub/sorter-v2-04/docs/src/content/hardware/electronics/psu-pigtail.md: (<unknown>): mapping values are not allowed in this context at line 8 column 64 [0m
[33mYAML Exception reading /Users/spencer/Documents/GitHub/sorter-v2-04/docs/src/content/lab/operation-target-10ppm-2026-04-25.md: (<unknown>): mapping values are not allowed in this context at line 11 column 68 [0m
[33m     Build Warning: Layout 'default' requested in src/content/hardware/BOM.md does not exist.[0m
[33m     Build Warning: Layout 'default' requested in src/content/hardware/assembly/feeder/arranging-c-channels.md does not exist.[0m
[31m  Liquid Exception: Could not locate the included file 'fastener-legend.html' in any of ["/Users/spencer/Documents/GitHub/sorter-v2-04/docs/_includes"]. Ensure it exists in one of those directories and, if it is a symlink, does not point outside your site source. in src/content/hardware/assembly/distribution/bin-frame/bottom-interface.md[0m
[33m             Error: Could not locate the included file 'fastener-legend.html' in any of ["/Users/spencer/Documents/GitHub/sorter-v2-04/docs/_includes"]. Ensure it exists in one of those directories and, if it is a symlink, does not point outside your site source.[0m
[33m             Error: Run jekyll build --trace for more information.[0m
                    
      Regenerating: 48 file(s) changed at 2026-08-20 21:31:24
                    .svelte-kit/output/prerendered/pages/sorter/dev-flow/index.html
                    .svelte-kit/output/prerendered/pages/sorter/camera-calibration/index.html
                    .svelte-kit/output/prerendered/pages/sorter/index.html
                    .svelte-kit/output/prerendered/pages/sorter/installation/by-hand/index.html
                    .svelte-kit/output/prerendered/pages/sorter/happy-path-incident-inventory/index.html
                    .svelte-kit/output/prerendered/pages/lab/software-architecture-decisions/index.html
                    .svelte-kit/output/prerendered/pages/lab/index.html
                    .svelte-kit/output/prerendered/pages/lab/classification-research/index.html
                    .svelte-kit/output/prerendered/pages/lab/c-channel-singulation/index.html
                    .svelte-kit/output/prerendered/pages/lab/object-detection/device-benchmarking/index.html
                    .svelte-kit/output/prerendered/pages/lab/object-detection/index.html
                    .svelte-kit/output/prerendered/pages/lab/object-detection/hailo-hef-workflow/index.html
                    .svelte-kit/output/prerendered/pages/lab/object-detection/how-models-are-built/index.html
                    .svelte-kit/output/prerendered/pages/lab/styleguide/index.html
                    .svelte-kit/output/prerendered/pages/lab/feeder-experiments/index.html
                    .svelte-kit/output/prerendered/pages/lab/operation-target-10ppm-2026-04-25/index.html
                    .svelte-kit/output/prerendered/pages/hive/index.html
                    .svelte-kit/output/prerendered/dependencies/sorter/dev-flow/__data.json
                    .svelte-kit/output/prerendered/dependencies/sorter/camera-calibration/__data.json
                    .svelte-kit/output/prerendered/dependencies/sorter/__data.json
                    .svelte-kit/output/prerendered/dependencies/sorter/installation/by-hand/__data.json
                    .svelte-kit/output/prerendered/dependencies/sorter/installation/linux-generic/__data.json
                    .svelte-kit/output/prerendered/dependencies/sorter/installation/__data.json
                    .svelte-kit/output/prerendered/dependencies/sorter/happy-path-incident-inventory/__data.json
                    .svelte-kit/output/prerendered/dependencies/lab/software-architecture-decisions/__data.json
                    .svelte-kit/output/prerendered/dependencies/lab/classification-research/__data.json
                    .svelte-kit/output/prerendered/dependencies/lab/__data.json
                    .svelte-kit/output/prerendered/dependencies/lab/c-channel-singulation/__data.json
                    .svelte-kit/output/prerendered/dependencies/lab/object-detection/device-benchmarking/__data.json
                    .svelte-kit/output/prerendered/dependencies/lab/object-detection/__data.json
                    .svelte-kit/output/prerendered/dependencies/lab/object-detection/hailo-hef-workflow/__data.json
                    .svelte-kit/output/prerendered/dependencies/lab/object-detection/how-models-are-built/__data.json
                    .svelte-kit/output/prerendered/dependencies/lab/styleguide/__data.json
                    .svelte-kit/output/prerendered/dependencies/lab/feeder-experiments/__data.json
                    .svelte-kit/output/prerendered/dependencies/lab/operation-target-10ppm-2026-04-25/__data.json
                    .svelte-kit/output/prerendered/dependencies/hive/__data.json
                    .svelte-kit/output/prerendered/pages/sorter/installation/sorter-os/index.html
                    .svelte-kit/output/prerendered/pages/sorter/installation/index.html
                    .svelte-kit/output/prerendered/pages/sorter/installation/linux-generic/index.html
                    .svelte-kit/output/prerendered/dependencies/sorter/machine-toml-reference/__data.json
                    .svelte-kit/output/prerendered/dependencies/sorter/installation/sorter-os/__data.json
                    .svelte-kit/output/prerendered/dependencies/sorter/profile-reference/__data.json
                    .svelte-kit/output/prerendered/pages/sorter/profile-reference/index.html
                    .svelte-kit/output/prerendered/pages/sorter/machine-toml-reference/index.html
                    .svelte-kit/output/prerendered/pages/sorter/safe-shutdown/index.html
                    .svelte-kit/output/prerendered/dependencies/sorter/troubleshooting/__data.json
                    .svelte-kit/output/prerendered/dependencies/sorter/safe-shutdown/__data.json
                    .svelte-kit/output/prerendered/dependencies/sorter/tutorials/first-sort-run/__data.json
[33mYAML Exception reading /Users/spencer/Documents/GitHub/sorter-v2-04/docs/src/content/hardware/electronics/psu-pigtail.md: (<unknown>): mapping values are not allowed in this context at line 8 column 64 [0m
[33mYAML Exception reading /Users/spencer/Documents/GitHub/sorter-v2-04/docs/src/content/lab/operation-target-10ppm-2026-04-25.md: (<unknown>): mapping values are not allowed in this context at line 11 column 68 [0m
[33m     Build Warning: Layout 'default' requested in src/content/hardware/BOM.md does not exist.[0m
[33m     Build Warning: Layout 'default' requested in src/content/hardware/assembly/feeder/arranging-c-channels.md does not exist.[0m
[31m  Liquid Exception: Could not locate the included file 'fastener-legend.html' in any of ["/Users/spencer/Documents/GitHub/sorter-v2-04/docs/_includes"]. Ensure it exists in one of those directories and, if it is a symlink, does not point outside your site source. in src/content/hardware/assembly/distribution/bin-frame/bottom-interface.md[0m
[33m             Error: Could not locate the included file 'fastener-legend.html' in any of ["/Users/spencer/Documents/GitHub/sorter-v2-04/docs/_includes"]. Ensure it exists in one of those directories and, if it is a symlink, does not point outside your site source.[0m
[33m             Error: Run jekyll build --trace for more information.[0m
                    
      Regenerating: 165 file(s) changed at 2026-08-20 21:31:24
                    build/hardware/index.html
                    build/hardware/BOM/index.html
                    build/hardware/BOM/__data.json
                    build/hardware/electronics/psu-pigtail/index.html
                    build/hardware/electronics/psu-pigtail/__data.json
                    build/hardware/electronics/order/index.html
                    build/hardware/electronics/order/__data.json
                    build/hardware/electronics/index.html
                    build/hardware/electronics/__data.json
                    build/hardware/electronics/wireviz/index.html
                    build/hardware/electronics/wireviz/__data.json
                    build/hardware/electronics/steppers/index.html
                    build/hardware/electronics/steppers/__data.json
                    build/hardware/assembly/feeder/arranging-c-channels/index.html
                    build/hardware/assembly/feeder/arranging-c-channels/__data.json
                    build/hardware/assembly/feeder/index.html
                    build/hardware/assembly/feeder/__data.json
                    build/hardware/assembly/feeder/c-channel/index.html
                    build/hardware/assembly/feeder/c-channel/__data.json
                    build/hardware/assembly/feeder/classification-chamber/index.html
                    build/hardware/assembly/feeder/classification-chamber/__data.json
                    build/hardware/assembly/index.html
                    build/hardware/assembly/distribution/index.html
                    build/hardware/assembly/distribution/top-interface/index.html
                    build/hardware/assembly/distribution/top-interface/__data.json
                    build/hardware/assembly/distribution/external-bracket/index.html
                    build/hardware/assembly/distribution/external-bracket/__data.json
                    build/hardware/assembly/distribution/bin-frame/index.html
                    build/hardware/assembly/distribution/bin-frame/regular-layers/index.html
                    build/hardware/assembly/distribution/bin-frame/regular-layers/__data.json
                    build/hardware/assembly/distribution/bin-frame/__data.json
                    build/hardware/assembly/distribution/bin-frame/bottom-interface/index.html
                    build/hardware/assembly/distribution/bin-frame/bottom-interface/__data.json
                    build/hardware/assembly/distribution/bin-frame/bottom-two-layers/index.html
                    build/hardware/assembly/distribution/bin-frame/bottom-two-layers/__data.json
                    build/hardware/assembly/distribution/__data.json
                    build/hardware/assembly/distribution/chute/door-module/index.html
                    build/hardware/assembly/distribution/chute/door-module/__data.json
                    build/hardware/assembly/distribution/chute/index.html
                    build/hardware/assembly/distribution/chute/layer-connectors/index.html
                    build/hardware/assembly/distribution/chute/layer-connectors/__data.json
                    build/hardware/assembly/distribution/chute/mg995-servo/index.html
                    build/hardware/assembly/distribution/chute/mg995-servo/servo-mount/index.html
                    build/hardware/assembly/distribution/chute/mg995-servo/servo-mount/__data.json
                    build/hardware/assembly/distribution/chute/mg995-servo/__data.json
                    build/hardware/assembly/distribution/chute/mg995-servo/how-to-install/index.html
                    build/hardware/assembly/distribution/chute/mg995-servo/how-to-install/__data.json
                    build/hardware/assembly/distribution/chute/__data.json
                    build/hardware/assembly/distribution/chute/chute-core/index.html
                    build/hardware/assembly/distribution/chute/chute-core/__data.json
                    build/hardware/assembly/distribution/chute/pcb/index.html
                    build/hardware/assembly/distribution/chute/pcb/__data.json
                    build/hardware/assembly/distribution/chute/funnel/index.html
                    build/hardware/assembly/distribution/chute/funnel/__data.json
                    build/hardware/assembly/__data.json
                    build/hardware/assembly/software-setup/index.html
                    build/hardware/assembly/software-setup/__data.json
                    build/hardware/__data.json
                    build/hardware/orange-pi-5/index.html
                    build/hardware/orange-pi-5/__data.json
                    build/hardware/parts/lazy-susan/index.html
                    build/hardware/parts/lazy-susan/__data.json
                    build/hardware/parts/index.html
                    build/hardware/parts/__data.json
                    build/hardware/helpers/lazy-susan/index.html
                    build/hardware/helpers/lazy-susan/__data.json
                    build/hardware/helpers/index.html
                    build/hardware/helpers/__data.json
                    build/hardware/helpers/pulley-gear-mod/index.html
                    build/hardware/helpers/pulley-gear-mod/__data.json
                    build/hardware/helpers/heat-inserts/index.html
                    build/hardware/helpers/heat-inserts/__data.json
                    build/index.html
                    build/sorter/dev-flow/index.html
                    build/sorter/dev-flow/__data.json
                    build/sorter/camera-calibration/index.html
                    build/sorter/camera-calibration/__data.json
                    build/sorter/profile-reference/index.html
                    build/sorter/profile-reference/__data.json
                    build/sorter/index.html
                    build/sorter/machine-toml-reference/index.html
                    build/sorter/machine-toml-reference/__data.json
                    build/sorter/__data.json
                    build/sorter/what-leaves-the-machine/index.html
                    build/sorter/what-leaves-the-machine/__data.json
                    build/sorter/installation/sorter-os/index.html
                    build/sorter/installation/sorter-os/__data.json
                    build/sorter/installation/index.html
                    build/sorter/installation/by-hand/index.html
                    build/sorter/installation/by-hand/__data.json
                    build/sorter/installation/linux-generic/index.html
                    build/sorter/installation/linux-generic/__data.json
                    build/sorter/installation/__data.json
                    build/sorter/troubleshooting/index.html
                    build/sorter/troubleshooting/__data.json
                    build/sorter/happy-path-incident-inventory/index.html
                    build/sorter/happy-path-incident-inventory/__data.json
                    build/sorter/safe-shutdown/index.html
                    build/sorter/safe-shutdown/__data.json
                    build/sorter/tutorials/first-sort-run/index.html
                    build/sorter/tutorials/first-sort-run/__data.json
                    build/c1-c3-current-behavior-review/index.html
                    build/c1-c3-current-behavior-review/__data.json
                    build/lab/software-architecture-decisions/index.html
                    build/lab/software-architecture-decisions/__data.json
                    build/lab/index.html
                    build/lab/classification-research/index.html
                    build/lab/classification-research/__data.json
                    build/lab/__data.json
                    build/lab/c-channel-singulation/index.html
                    build/lab/c-channel-singulation/__data.json
                    build/lab/object-detection/device-benchmarking/index.html
                    build/lab/object-detection/device-benchmarking/__data.json
                    build/lab/object-detection/index.html
                    build/lab/object-detection/__data.json
                    build/lab/object-detection/hailo-hef-workflow/index.html
                    build/lab/object-detection/hailo-hef-workflow/__data.json
                    build/lab/object-detection/how-models-are-built/index.html
                    build/lab/object-detection/how-models-are-built/__data.json
                    build/lab/styleguide/index.html
                    build/lab/styleguide/__data.json
                    build/lab/feeder-experiments/index.html
                    build/lab/feeder-experiments/__data.json
                    build/lab/operation-target-10ppm-2026-04-25/index.html
                    build/lab/operation-target-10ppm-2026-04-25/__data.json
                    build/404.html
                    build/__data.json
                    build/getting-started/index.html
                    build/getting-started/__data.json
                    build/hive/index.html
                    build/hive/__data.json
                    build/assets/pi5-01.png
                    build/assets/basically-logo.svg
                    build/assets/favicon-192.png
                    build/assets/favicon.ico
                    build/assets/apple-touch-icon.png
                    build/assets/favicon-96.png
                    build/assets/png-transparent-siemens-star-focus-camera-optics-charts-angle-lens-triangle.png
                    build/_app/version.json
                    build/_app/immutable/nodes/2.BG7w2JH2.js
                    build/_app/immutable/chunks/4uUhO1K4.js
                    build/_app/immutable/chunks/-BZXPMGv.js
                    build/_app/immutable/chunks/wbPk3Yxo.js
                    build/_app/immutable/chunks/BoAmHx_3.js
                    build/_app/immutable/chunks/B9McDMP9.js
                    build/_app/immutable/chunks/6q2EGJxD.js
                    build/_app/immutable/chunks/BAqx4HBl.js
                    build/_app/immutable/assets/0.D6wU7T6e.css
                    .svelte-kit/output/prerendered/pages/sorter/what-leaves-the-machine/index.html
                    .svelte-kit/output/prerendered/pages/sorter/troubleshooting/index.html
                    .svelte-kit/output/prerendered/pages/sorter/tutorials/first-sort-run/index.html
                    .svelte-kit/output/prerendered/dependencies/sorter/what-leaves-the-machine/__data.json
                    .svelte-kit/output/server/manifest.js
                    build/_app/immutable/nodes/0.DaTT4fwU.js
                    build/_app/immutable/nodes/1.D923OEcy.js
                    build/_app/immutable/entry/start.jS4iZZbb.js
                    build/_app/immutable/entry/app.CmrJppOx.js
                    build/_app/immutable/chunks/B9Pvx7oH.js
                    build/_app/immutable/chunks/KT29JhkY.js
                    build/_app/immutable/nodes/0.BbUlS51N.js
                    build/_app/immutable/nodes/1.BG1KxlXm.js
                    build/_app/immutable/entry/start.DNfEMJCi.js
                    build/_app/immutable/entry/app.BVBTZEI6.js
                    build/_app/immutable/chunks/NIaflTdM.js
                    build/_app/immutable/chunks/urnVIuhv.js
[33mYAML Exception reading /Users/spencer/Documents/GitHub/sorter-v2-04/docs/src/content/hardware/electronics/psu-pigtail.md: (<unknown>): mapping values are not allowed in this context at line 8 column 64 [0m
[33mYAML Exception reading /Users/spencer/Documents/GitHub/sorter-v2-04/docs/src/content/lab/operation-target-10ppm-2026-04-25.md: (<unknown>): mapping values are not allowed in this context at line 11 column 68 [0m
[33m     Build Warning: Layout 'default' requested in src/content/hardware/BOM.md does not exist.[0m
[33m     Build Warning: Layout 'default' requested in src/content/hardware/assembly/feeder/arranging-c-channels.md does not exist.[0m
[31m  Liquid Exception: Could not locate the included file 'fastener-legend.html' in any of ["/Users/spencer/Documents/GitHub/sorter-v2-04/docs/_includes"]. Ensure it exists in one of those directories and, if it is a symlink, does not point outside your site source. in src/content/hardware/assembly/distribution/bin-frame/bottom-interface.md[0m
[33m             Error: Could not locate the included file 'fastener-legend.html' in any of ["/Users/spencer/Documents/GitHub/sorter-v2-04/docs/_includes"]. Ensure it exists in one of those directories and, if it is a symlink, does not point outside your site source.[0m
[33m             Error: Run jekyll build --trace for more information.[0m
                    
      Regenerating: 1 file(s) changed at 2026-08-20 21:31:25
                    .jekyll.log
[33mYAML Exception reading /Users/spencer/Documents/GitHub/sorter-v2-04/docs/src/content/hardware/electronics/psu-pigtail.md: (<unknown>): mapping values are not allowed in this context at line 8 column 64 [0m
[33mYAML Exception reading /Users/spencer/Documents/GitHub/sorter-v2-04/docs/src/content/lab/operation-target-10ppm-2026-04-25.md: (<unknown>): mapping values are not allowed in this context at line 11 column 68 [0m
[33m     Build Warning: Layout 'default' requested in src/content/hardware/BOM.md does not exist.[0m
[33m     Build Warning: Layout 'default' requested in src/content/hardware/assembly/feeder/arranging-c-channels.md does not exist.[0m
[31m  Liquid Exception: Could not locate the included file 'fastener-legend.html' in any of ["/Users/spencer/Documents/GitHub/sorter-v2-04/docs/_includes"]. Ensure it exists in one of those directories and, if it is a symlink, does not point outside your site source. in src/content/hardware/assembly/distribution/bin-frame/bottom-interface.md[0m
[33m             Error: Could not locate the included file 'fastener-legend.html' in any of ["/Users/spencer/Documents/GitHub/sorter-v2-04/docs/_includes"]. Ensure it exists in one of those directories and, if it is a symlink, does not point outside your site source.[0m
[33m             Error: Run jekyll build --trace for more information.[0m
                    
      Regenerating: 1 file(s) changed at 2026-08-20 21:31:26
                    .jekyll.log
[33mYAML Exception reading /Users/spencer/Documents/GitHub/sorter-v2-04/docs/src/content/hardware/electronics/psu-pigtail.md: (<unknown>): mapping values are not allowed in this context at line 8 column 64 [0m
[33mYAML Exception reading /Users/spencer/Documents/GitHub/sorter-v2-04/docs/src/content/lab/operation-target-10ppm-2026-04-25.md: (<unknown>): mapping values are not allowed in this context at line 11 column 68 [0m
[33m     Build Warning: Layout 'default' requested in src/content/hardware/BOM.md does not exist.[0m
[33m     Build Warning: Layout 'default' requested in src/content/hardware/assembly/feeder/arranging-c-channels.md does not exist.[0m
[31m  Liquid Exception: Could not locate the included file 'fastener-legend.html' in any of ["/Users/spencer/Documents/GitHub/sorter-v2-04/docs/_includes"]. Ensure it exists in one of those directories and, if it is a symlink, does not point outside your site source. in src/content/hardware/assembly/distribution/bin-frame/bottom-interface.md[0m
[33m             Error: Could not locate the included file 'fastener-legend.html' in any of ["/Users/spencer/Documents/GitHub/sorter-v2-04/docs/_includes"]. Ensure it exists in one of those directories and, if it is a symlink, does not point outside your site source.[0m
[33m             Error: Run jekyll build --trace for more information.[0m
                    
      Regenerating: 1 file(s) changed at 2026-08-20 21:37:17
                    node_modules/.cache/wrangler/wrangler-account.json
[33mYAML Exception reading /Users/spencer/Documents/GitHub/sorter-v2-04/docs/src/content/hardware/electronics/psu-pigtail.md: (<unknown>): mapping values are not allowed in this context at line 8 column 64 [0m
[33mYAML Exception reading /Users/spencer/Documents/GitHub/sorter-v2-04/docs/src/content/lab/operation-target-10ppm-2026-04-25.md: (<unknown>): mapping values are not allowed in this context at line 11 column 68 [0m
[33m     Build Warning: Layout 'default' requested in src/content/hardware/BOM.md does not exist.[0m
[33m     Build Warning: Layout 'default' requested in src/content/hardware/assembly/feeder/arranging-c-channels.md does not exist.[0m
[31m  Liquid Exception: Could not locate the included file 'fastener-legend.html' in any of ["/Users/spencer/Documents/GitHub/sorter-v2-04/docs/_includes"]. Ensure it exists in one of those directories and, if it is a symlink, does not point outside your site source. in src/content/hardware/assembly/distribution/bin-frame/bottom-interface.md[0m
[33m             Error: Could not locate the included file 'fastener-legend.html' in any of ["/Users/spencer/Documents/GitHub/sorter-v2-04/docs/_includes"]. Ensure it exists in one of those directories and, if it is a symlink, does not point outside your site source.[0m
[33m             Error: Run jekyll build --trace for more information.[0m
                    
      Regenerating: 1 file(s) changed at 2026-08-20 21:39:30
                    node_modules/.vite-temp/vite.config.ts.timestamp-1787276370262-1f69d1e71edba.mjs
[33mYAML Exception reading /Users/spencer/Documents/GitHub/sorter-v2-04/docs/src/content/hardware/electronics/psu-pigtail.md: (<unknown>): mapping values are not allowed in this context at line 8 column 64 [0m
[33mYAML Exception reading /Users/spencer/Documents/GitHub/sorter-v2-04/docs/src/content/lab/operation-target-10ppm-2026-04-25.md: (<unknown>): mapping values are not allowed in this context at line 11 column 68 [0m
[33m     Build Warning: Layout 'default' requested in src/content/hardware/BOM.md does not exist.[0m
[33m     Build Warning: Layout 'default' requested in src/content/hardware/assembly/feeder/arranging-c-channels.md does not exist.[0m
[31m  Liquid Exception: Could not locate the included file 'fastener-legend.html' in any of ["/Users/spencer/Documents/GitHub/sorter-v2-04/docs/_includes"]. Ensure it exists in one of those directories and, if it is a symlink, does not point outside your site source. in src/content/hardware/assembly/distribution/bin-frame/bottom-interface.md[0m
[33m             Error: Could not locate the included file 'fastener-legend.html' in any of ["/Users/spencer/Documents/GitHub/sorter-v2-04/docs/_includes"]. Ensure it exists in one of those directories and, if it is a symlink, does not point outside your site source.[0m
[33m             Error: Run jekyll build --trace for more information.[0m
                    
      Regenerating: 54 file(s) changed at 2026-08-20 21:39:30
                    .svelte-kit/generated/server/internal.js
                    .svelte-kit/generated/shared/error-template.js
                    .svelte-kit/generated/root.js
                    .svelte-kit/generated/root.svelte
                    .svelte-kit/generated/client/nodes/2.js
                    .svelte-kit/generated/client/nodes/0.js
                    .svelte-kit/generated/client/nodes/1.js
                    .svelte-kit/generated/client/matchers.js
                    .svelte-kit/generated/client/app.js
                    .svelte-kit/non-ambient.d.ts
                    .svelte-kit/types/route_meta_data.json
                    .svelte-kit/types/src/routes/[...path]/proxy+page.server.ts
                    .svelte-kit/types/src/routes/[...path]/$types.d.ts
                    .svelte-kit/types/src/routes/$types.d.ts
                    .svelte-kit/env.d.ts
                    .svelte-kit/ambient.d.ts
                    .svelte-kit/tsconfig.json
                    node_modules/.vite-temp/vite.config.ts.timestamp-1787276370262-1f69d1e71edba.mjs
                    .svelte-kit/output/server/internal.js
                    .svelte-kit/output/server/manifest.js
                    .svelte-kit/output/server/nodes/2.js
                    .svelte-kit/output/server/nodes/0.js
                    .svelte-kit/output/server/nodes/1.js
                    .svelte-kit/output/server/index.js
                    .svelte-kit/output/server/env.js
                    .svelte-kit/output/server/remote-entry.js
                    .svelte-kit/output/server/manifest-full.js
                    .svelte-kit/output/client/.vite/manifest.json
                    .svelte-kit/output/client/404.html
                    .svelte-kit/output/client/_app/immutable/assets/0.D6wU7T6e.css
                    .svelte-kit/output/client/_app/immutable/chunks/B9Pvx7oH.js
                    .svelte-kit/output/client/_app/immutable/chunks/KT29JhkY.js
                    .svelte-kit/output/client/_app/immutable/chunks/4uUhO1K4.js
                    .svelte-kit/output/client/_app/immutable/chunks/-BZXPMGv.js
                    .svelte-kit/output/client/_app/immutable/chunks/wbPk3Yxo.js
                    .svelte-kit/output/client/_app/immutable/chunks/BoAmHx_3.js
                    .svelte-kit/output/client/_app/immutable/chunks/B9McDMP9.js
                    .svelte-kit/output/client/_app/immutable/chunks/6q2EGJxD.js
                    .svelte-kit/output/client/_app/immutable/chunks/BAqx4HBl.js
                    .svelte-kit/output/client/_app/immutable/entry/start.jS4iZZbb.js
                    .svelte-kit/output/client/_app/immutable/entry/app.CmrJppOx.js
                    .svelte-kit/output/client/_app/immutable/nodes/2.BG7w2JH2.js
                    .svelte-kit/output/client/_app/immutable/nodes/0.DaTT4fwU.js
                    .svelte-kit/output/client/_app/immutable/nodes/1.D923OEcy.js
                    .svelte-kit/output/client/_app/version.json
                    .svelte-kit/output/client/assets/pi5-01.png
                    .svelte-kit/output/client/assets/basically-logo.svg
                    .svelte-kit/output/client/assets/favicon-192.png
                    .svelte-kit/output/client/assets/favicon.ico
                    .svelte-kit/output/client/assets/apple-touch-icon.png
                    .svelte-kit/output/client/assets/favicon-96.png
                    .svelte-kit/output/client/assets/png-transparent-siemens-star-focus-camera-optics-charts-angle-lens-triangle.png
                    .svelte-kit/output/prerendered/dependencies/__data.json
                    .svelte-kit/output/prerendered/dependencies/c1-c3-current-behavior-review/__data.json
[33mYAML Exception reading /Users/spencer/Documents/GitHub/sorter-v2-04/docs/src/content/hardware/electronics/psu-pigtail.md: (<unknown>): mapping values are not allowed in this context at line 8 column 64 [0m
[33mYAML Exception reading /Users/spencer/Documents/GitHub/sorter-v2-04/docs/src/content/lab/operation-target-10ppm-2026-04-25.md: (<unknown>): mapping values are not allowed in this context at line 11 column 68 [0m
[33m     Build Warning: Layout 'default' requested in src/content/hardware/BOM.md does not exist.[0m
[33m     Build Warning: Layout 'default' requested in src/content/hardware/assembly/feeder/arranging-c-channels.md does not exist.[0m
[31m  Liquid Exception: Could not locate the included file 'fastener-legend.html' in any of ["/Users/spencer/Documents/GitHub/sorter-v2-04/docs/_includes"]. Ensure it exists in one of those directories and, if it is a symlink, does not point outside your site source. in src/content/hardware/assembly/distribution/bin-frame/bottom-interface.md[0m
[33m             Error: Could not locate the included file 'fastener-legend.html' in any of ["/Users/spencer/Documents/GitHub/sorter-v2-04/docs/_includes"]. Ensure it exists in one of those directories and, if it is a symlink, does not point outside your site source.[0m
[33m             Error: Run jekyll build --trace for more information.[0m
                    
      Regenerating: 144 file(s) changed at 2026-08-20 21:39:30
                    .svelte-kit/output/prerendered/dependencies/getting-started/__data.json
                    .svelte-kit/output/prerendered/dependencies/hardware/BOM/__data.json
                    .svelte-kit/output/prerendered/dependencies/hardware/__data.json
                    .svelte-kit/output/prerendered/dependencies/hardware/assembly/__data.json
                    .svelte-kit/output/prerendered/dependencies/hardware/assembly/distribution/__data.json
                    .svelte-kit/output/prerendered/dependencies/hardware/assembly/distribution/bin-frame/__data.json
                    .svelte-kit/output/prerendered/dependencies/hardware/assembly/distribution/bin-frame/bottom-interface/__data.json
                    .svelte-kit/output/prerendered/dependencies/hardware/assembly/distribution/bin-frame/bottom-two-layers/__data.json
                    .svelte-kit/output/prerendered/dependencies/hardware/assembly/distribution/bin-frame/regular-layers/__data.json
                    .svelte-kit/output/prerendered/dependencies/hardware/assembly/distribution/chute/__data.json
                    .svelte-kit/output/prerendered/dependencies/hardware/assembly/distribution/chute/chute-core/__data.json
                    .svelte-kit/output/prerendered/dependencies/hardware/assembly/distribution/chute/door-module/__data.json
                    .svelte-kit/output/prerendered/dependencies/hardware/assembly/distribution/chute/funnel/__data.json
                    .svelte-kit/output/prerendered/dependencies/hardware/assembly/distribution/chute/layer-connectors/__data.json
                    .svelte-kit/output/prerendered/dependencies/hardware/assembly/distribution/chute/mg995-servo/__data.json
                    .svelte-kit/output/prerendered/dependencies/hardware/assembly/distribution/chute/mg995-servo/how-to-install/__data.json
                    .svelte-kit/output/prerendered/dependencies/hardware/assembly/distribution/chute/mg995-servo/servo-mount/__data.json
                    .svelte-kit/output/prerendered/dependencies/hardware/assembly/distribution/chute/pcb/__data.json
                    .svelte-kit/output/prerendered/dependencies/hardware/assembly/distribution/external-bracket/__data.json
                    .svelte-kit/output/prerendered/dependencies/hardware/assembly/distribution/top-interface/__data.json
                    .svelte-kit/output/prerendered/dependencies/hardware/assembly/feeder/__data.json
                    .svelte-kit/output/prerendered/dependencies/hardware/assembly/feeder/arranging-c-channels/__data.json
                    .svelte-kit/output/prerendered/dependencies/hardware/assembly/feeder/c-channel/__data.json
                    .svelte-kit/output/prerendered/dependencies/hardware/assembly/feeder/classification-chamber/__data.json
                    .svelte-kit/output/prerendered/dependencies/hardware/assembly/software-setup/__data.json
                    .svelte-kit/output/prerendered/dependencies/hardware/electronics/__data.json
                    .svelte-kit/output/prerendered/dependencies/hardware/electronics/order/__data.json
                    .svelte-kit/output/prerendered/dependencies/hardware/electronics/psu-pigtail/__data.json
                    .svelte-kit/output/prerendered/dependencies/hardware/electronics/steppers/__data.json
                    .svelte-kit/output/prerendered/dependencies/hardware/electronics/wireviz/__data.json
                    .svelte-kit/output/prerendered/dependencies/hardware/helpers/__data.json
                    .svelte-kit/output/prerendered/dependencies/hardware/helpers/heat-inserts/__data.json
                    .svelte-kit/output/prerendered/dependencies/hardware/helpers/lazy-susan/__data.json
                    .svelte-kit/output/prerendered/dependencies/hardware/helpers/pulley-gear-mod/__data.json
                    .svelte-kit/output/prerendered/dependencies/hardware/orange-pi-5/__data.json
                    .svelte-kit/output/prerendered/dependencies/hardware/parts/__data.json
                    .svelte-kit/output/prerendered/dependencies/hardware/parts/lazy-susan/__data.json
                    .svelte-kit/output/prerendered/dependencies/hive/__data.json
                    .svelte-kit/output/prerendered/dependencies/lab/__data.json
                    .svelte-kit/output/prerendered/dependencies/lab/c-channel-singulation/__data.json
                    .svelte-kit/output/prerendered/dependencies/lab/classification-research/__data.json
                    .svelte-kit/output/prerendered/dependencies/lab/feeder-experiments/__data.json
                    .svelte-kit/output/prerendered/dependencies/lab/object-detection/__data.json
                    .svelte-kit/output/prerendered/dependencies/lab/object-detection/device-benchmarking/__data.json
                    .svelte-kit/output/prerendered/dependencies/lab/object-detection/hailo-hef-workflow/__data.json
                    .svelte-kit/output/prerendered/dependencies/lab/object-detection/how-models-are-built/__data.json
                    .svelte-kit/output/prerendered/dependencies/lab/operation-target-10ppm-2026-04-25/__data.json
                    .svelte-kit/output/prerendered/dependencies/lab/software-architecture-decisions/__data.json
                    .svelte-kit/output/prerendered/dependencies/lab/styleguide/__data.json
                    .svelte-kit/output/prerendered/dependencies/sorter/__data.json
                    .svelte-kit/output/prerendered/dependencies/sorter/camera-calibration/__data.json
                    .svelte-kit/output/prerendered/dependencies/sorter/dev-flow/__data.json
                    .svelte-kit/output/prerendered/dependencies/sorter/happy-path-incident-inventory/__data.json
                    .svelte-kit/output/prerendered/dependencies/sorter/installation/__data.json
                    .svelte-kit/output/prerendered/dependencies/sorter/installation/by-hand/__data.json
                    .svelte-kit/output/prerendered/dependencies/sorter/installation/linux-generic/__data.json
                    .svelte-kit/output/prerendered/dependencies/sorter/installation/sorter-os/__data.json
                    .svelte-kit/output/prerendered/dependencies/sorter/machine-toml-reference/__data.json
                    .svelte-kit/output/prerendered/dependencies/sorter/profile-reference/__data.json
                    .svelte-kit/output/prerendered/dependencies/sorter/safe-shutdown/__data.json
                    .svelte-kit/output/prerendered/dependencies/sorter/troubleshooting/__data.json
                    .svelte-kit/output/prerendered/dependencies/sorter/tutorials/first-sort-run/__data.json
                    .svelte-kit/output/prerendered/dependencies/sorter/what-leaves-the-machine/__data.json
                    .svelte-kit/output/prerendered/pages/c1-c3-current-behavior-review/index.html
                    .svelte-kit/output/prerendered/pages/index.html
                    .svelte-kit/output/prerendered/pages/getting-started/index.html
                    .svelte-kit/output/prerendered/pages/hardware/BOM/index.html
                    .svelte-kit/output/prerendered/pages/hardware/index.html
                    .svelte-kit/output/prerendered/pages/hardware/assembly/distribution/bin-frame/bottom-interface/index.html
                    .svelte-kit/output/prerendered/pages/hardware/assembly/distribution/bin-frame/index.html
                    .svelte-kit/output/prerendered/pages/hardware/assembly/distribution/bin-frame/bottom-two-layers/index.html
                    .svelte-kit/output/prerendered/pages/hardware/assembly/distribution/bin-frame/regular-layers/index.html
                    .svelte-kit/output/prerendered/pages/hardware/assembly/distribution/index.html
                    .svelte-kit/output/prerendered/pages/hardware/assembly/distribution/chute/chute-core/index.html
                    .svelte-kit/output/prerendered/pages/hardware/assembly/distribution/chute/index.html
                    .svelte-kit/output/prerendered/pages/hardware/assembly/distribution/chute/door-module/index.html
                    .svelte-kit/output/prerendered/pages/hardware/assembly/distribution/chute/funnel/index.html
                    .svelte-kit/output/prerendered/pages/hardware/assembly/distribution/chute/layer-connectors/index.html
                    .svelte-kit/output/prerendered/pages/hardware/assembly/distribution/chute/mg995-servo/how-to-install/index.html
                    .svelte-kit/output/prerendered/pages/hardware/assembly/distribution/chute/mg995-servo/index.html
                    .svelte-kit/output/prerendered/pages/hardware/assembly/distribution/chute/mg995-servo/servo-mount/index.html
                    .svelte-kit/output/prerendered/pages/hardware/assembly/distribution/chute/pcb/index.html
                    .svelte-kit/output/prerendered/pages/hardware/assembly/distribution/external-bracket/index.html
                    .svelte-kit/output/prerendered/pages/hardware/assembly/distribution/top-interface/index.html
                    .svelte-kit/output/prerendered/pages/hardware/assembly/index.html
                    .svelte-kit/output/prerendered/pages/hardware/assembly/feeder/arranging-c-channels/index.html
                    .svelte-kit/output/prerendered/pages/hardware/assembly/feeder/index.html
                    .svelte-kit/output/prerendered/pages/hardware/assembly/feeder/c-channel/index.html
                    .svelte-kit/output/prerendered/pages/hardware/assembly/feeder/classification-chamber/index.html
                    .svelte-kit/output/prerendered/pages/hardware/assembly/software-setup/index.html
                    .svelte-kit/output/prerendered/pages/hardware/electronics/index.html
                    .svelte-kit/output/prerendered/pages/hardware/electronics/order/index.html
                    .svelte-kit/output/prerendered/pages/hardware/electronics/psu-pigtail/index.html
                    .svelte-kit/output/prerendered/pages/hardware/electronics/steppers/index.html
                    .svelte-kit/output/prerendered/pages/hardware/electronics/wireviz/index.html
                    .svelte-kit/output/prerendered/pages/hardware/helpers/heat-inserts/index.html
                    .svelte-kit/output/prerendered/pages/hardware/helpers/index.html
                    .svelte-kit/output/prerendered/pages/hardware/helpers/lazy-susan/index.html
                    .svelte-kit/output/prerendered/pages/hardware/helpers/pulley-gear-mod/index.html
                    .svelte-kit/output/prerendered/pages/hardware/orange-pi-5/index.html
                    .svelte-kit/output/prerendered/pages/hardware/parts/index.html
                    .svelte-kit/output/prerendered/pages/hardware/parts/lazy-susan/index.html
                    .svelte-kit/output/prerendered/pages/hive/index.html
                    .svelte-kit/output/prerendered/pages/lab/c-channel-singulation/index.html
                    .svelte-kit/output/prerendered/pages/lab/index.html
                    .svelte-kit/output/prerendered/pages/lab/classification-research/index.html
                    .svelte-kit/output/prerendered/pages/lab/feeder-experiments/index.html
                    .svelte-kit/output/prerendered/pages/lab/object-detection/device-benchmarking/index.html
                    .svelte-kit/output/prerendered/pages/lab/object-detection/index.html
                    .svelte-kit/output/prerendered/pages/lab/object-detection/hailo-hef-workflow/index.html
                    .svelte-kit/output/prerendered/pages/lab/object-detection/how-models-are-built/index.html
                    .svelte-kit/output/prerendered/pages/lab/operation-target-10ppm-2026-04-25/index.html
                    .svelte-kit/output/prerendered/pages/lab/software-architecture-decisions/index.html
                    .svelte-kit/output/prerendered/pages/lab/styleguide/index.html
                    .svelte-kit/output/prerendered/pages/sorter/camera-calibration/index.html
                    .svelte-kit/output/prerendered/pages/sorter/index.html
                    .svelte-kit/output/prerendered/pages/sorter/dev-flow/index.html
                    .svelte-kit/output/prerendered/pages/sorter/happy-path-incident-inventory/index.html
                    .svelte-kit/output/prerendered/pages/sorter/installation/by-hand/index.html
                    .svelte-kit/output/prerendered/pages/sorter/installation/index.html
                    .svelte-kit/output/prerendered/pages/sorter/installation/linux-generic/index.html
                    .svelte-kit/output/prerendered/pages/sorter/installation/sorter-os/index.html
                    .svelte-kit/output/prerendered/pages/sorter/machine-toml-reference/index.html
                    .svelte-kit/output/prerendered/pages/sorter/profile-reference/index.html
                    .svelte-kit/output/prerendered/pages/sorter/safe-shutdown/index.html
                    .svelte-kit/output/prerendered/pages/sorter/troubleshooting/index.html
                    .svelte-kit/output/prerendered/pages/sorter/tutorials/first-sort-run/index.html
                    .svelte-kit/output/prerendered/pages/sorter/what-leaves-the-machine/index.html
                    .svelte-kit/output/server/.vite/manifest.json
                    .svelte-kit/output/server/_app/immutable/assets/_layout.D6wU7T6e.css
                    .svelte-kit/output/server/chunks/server.js
                    .svelte-kit/output/server/chunks/internal.js
                    .svelte-kit/output/server/chunks/exports.js
                    .svelte-kit/output/server/chunks/index.js
                    .svelte-kit/output/server/chunks/index2.js
                    .svelte-kit/output/server/chunks/utils2.js
                    .svelte-kit/output/server/chunks/root.js
                    .svelte-kit/output/server/chunks/utils.js
                    .svelte-kit/output/server/chunks/content.js
                    .svelte-kit/output/server/entries/fallbacks/error.svelte.js
                    .svelte-kit/output/server/entries/pages/_...path_/_page.svelte.js
                    .svelte-kit/output/server/entries/pages/_...path_/_page.server.ts.js
                    .svelte-kit/output/server/entries/pages/_layout.server.ts.js
                    .svelte-kit/output/server/entries/pages/_layout.svelte.js
[33mYAML Exception reading /Users/spencer/Documents/GitHub/sorter-v2-04/docs/src/content/hardware/electronics/psu-pigtail.md: (<unknown>): mapping values are not allowed in this context at line 8 column 64 [0m
[33mYAML Exception reading /Users/spencer/Documents/GitHub/sorter-v2-04/docs/src/content/lab/operation-target-10ppm-2026-04-25.md: (<unknown>): mapping values are not allowed in this context at line 11 column 68 [0m
[33m     Build Warning: Layout 'default' requested in src/content/hardware/BOM.md does not exist.[0m
[33m     Build Warning: Layout 'default' requested in src/content/hardware/assembly/feeder/arranging-c-channels.md does not exist.[0m
[31m  Liquid Exception: Could not locate the included file 'fastener-legend.html' in any of ["/Users/spencer/Documents/GitHub/sorter-v2-04/docs/_includes"]. Ensure it exists in one of those directories and, if it is a symlink, does not point outside your site source. in src/content/hardware/assembly/distribution/bin-frame/bottom-interface.md[0m
[33m             Error: Could not locate the included file 'fastener-legend.html' in any of ["/Users/spencer/Documents/GitHub/sorter-v2-04/docs/_includes"]. Ensure it exists in one of those directories and, if it is a symlink, does not point outside your site source.[0m
[33m             Error: Run jekyll build --trace for more information.[0m
                    
      Regenerating: 24 file(s) changed at 2026-08-20 21:39:31
                    .svelte-kit/output/server/entries/fallbacks/error.svelte.js
                    .svelte-kit/output/server/entries/pages/_layout.server.ts.js
                    .svelte-kit/output/server/entries/pages/_layout.svelte.js
                    .svelte-kit/output/server/entries/pages/_...path_/_page.svelte.js
                    .svelte-kit/output/server/entries/pages/_...path_/_page.server.ts.js
                    .svelte-kit/output/server/nodes/2.js
                    .svelte-kit/output/server/nodes/0.js
                    .svelte-kit/output/server/nodes/1.js
                    .svelte-kit/output/server/internal.js
                    .svelte-kit/output/server/index.js
                    .svelte-kit/output/server/env.js
                    .svelte-kit/output/server/chunks/server.js
                    .svelte-kit/output/server/chunks/internal.js
                    .svelte-kit/output/server/chunks/exports.js
                    .svelte-kit/output/server/chunks/index.js
                    .svelte-kit/output/server/chunks/index2.js
                    .svelte-kit/output/server/chunks/utils2.js
                    .svelte-kit/output/server/chunks/root.js
                    .svelte-kit/output/server/chunks/utils.js
                    .svelte-kit/output/server/chunks/content.js
                    .svelte-kit/output/server/remote-entry.js
                    .svelte-kit/output/server/manifest-full.js
                    .svelte-kit/output/server/_app/immutable/assets/_layout.D6wU7T6e.css
                    .svelte-kit/output/server/.vite/manifest.json
[33mYAML Exception reading /Users/spencer/Documents/GitHub/sorter-v2-04/docs/src/content/hardware/electronics/psu-pigtail.md: (<unknown>): mapping values are not allowed in this context at line 8 column 64 [0m
[33mYAML Exception reading /Users/spencer/Documents/GitHub/sorter-v2-04/docs/src/content/lab/operation-target-10ppm-2026-04-25.md: (<unknown>): mapping values are not allowed in this context at line 11 column 68 [0m
[33m     Build Warning: Layout 'default' requested in src/content/hardware/BOM.md does not exist.[0m
[33m     Build Warning: Layout 'default' requested in src/content/hardware/assembly/feeder/arranging-c-channels.md does not exist.[0m
[31m  Liquid Exception: Could not locate the included file 'fastener-legend.html' in any of ["/Users/spencer/Documents/GitHub/sorter-v2-04/docs/_includes"]. Ensure it exists in one of those directories and, if it is a symlink, does not point outside your site source. in src/content/hardware/assembly/distribution/bin-frame/bottom-interface.md[0m
[33m             Error: Could not locate the included file 'fastener-legend.html' in any of ["/Users/spencer/Documents/GitHub/sorter-v2-04/docs/_includes"]. Ensure it exists in one of those directories and, if it is a symlink, does not point outside your site source.[0m
[33m             Error: Run jekyll build --trace for more information.[0m
                    
      Regenerating: 1 file(s) changed at 2026-08-20 21:39:31
                    node_modules/.vite-temp/vite.config.ts.timestamp-1787276371787-22f3d32c1667b.mjs
[33mYAML Exception reading /Users/spencer/Documents/GitHub/sorter-v2-04/docs/src/content/hardware/electronics/psu-pigtail.md: (<unknown>): mapping values are not allowed in this context at line 8 column 64 [0m
[33mYAML Exception reading /Users/spencer/Documents/GitHub/sorter-v2-04/docs/src/content/lab/operation-target-10ppm-2026-04-25.md: (<unknown>): mapping values are not allowed in this context at line 11 column 68 [0m
[33m     Build Warning: Layout 'default' requested in src/content/hardware/BOM.md does not exist.[0m
[33m     Build Warning: Layout 'default' requested in src/content/hardware/assembly/feeder/arranging-c-channels.md does not exist.[0m
[31m  Liquid Exception: Could not locate the included file 'fastener-legend.html' in any of ["/Users/spencer/Documents/GitHub/sorter-v2-04/docs/_includes"]. Ensure it exists in one of those directories and, if it is a symlink, does not point outside your site source. in src/content/hardware/assembly/distribution/bin-frame/bottom-interface.md[0m
[33m             Error: Could not locate the included file 'fastener-legend.html' in any of ["/Users/spencer/Documents/GitHub/sorter-v2-04/docs/_includes"]. Ensure it exists in one of those directories and, if it is a symlink, does not point outside your site source.[0m
[33m             Error: Run jekyll build --trace for more information.[0m
                    
      Regenerating: 23 file(s) changed at 2026-08-20 21:39:32
                    .svelte-kit/generated/server/internal.js
                    .svelte-kit/generated/shared/error-template.js
                    .svelte-kit/generated/root.js
                    .svelte-kit/generated/root.svelte
                    .svelte-kit/generated/client/nodes/2.js
                    .svelte-kit/generated/client/nodes/0.js
                    .svelte-kit/generated/client/nodes/1.js
                    .svelte-kit/generated/client/matchers.js
                    .svelte-kit/generated/client/app.js
                    .svelte-kit/non-ambient.d.ts
                    .svelte-kit/types/route_meta_data.json
                    .svelte-kit/types/src/routes/[...path]/proxy+page.server.ts
                    .svelte-kit/types/src/routes/[...path]/$types.d.ts
                    .svelte-kit/types/src/routes/$types.d.ts
                    .svelte-kit/env.d.ts
                    .svelte-kit/ambient.d.ts
                    .svelte-kit/tsconfig.json
                    .svelte-kit/generated/client-optimized/nodes/2.js
                    .svelte-kit/generated/client-optimized/nodes/0.js
                    .svelte-kit/generated/client-optimized/nodes/1.js
                    .svelte-kit/generated/client-optimized/matchers.js
                    .svelte-kit/generated/client-optimized/app.js
                    node_modules/.vite-temp/vite.config.ts.timestamp-1787276371787-22f3d32c1667b.mjs
[33mYAML Exception reading /Users/spencer/Documents/GitHub/sorter-v2-04/docs/src/content/hardware/electronics/psu-pigtail.md: (<unknown>): mapping values are not allowed in this context at line 8 column 64 [0m
[33mYAML Exception reading /Users/spencer/Documents/GitHub/sorter-v2-04/docs/src/content/lab/operation-target-10ppm-2026-04-25.md: (<unknown>): mapping values are not allowed in this context at line 11 column 68 [0m
[33m     Build Warning: Layout 'default' requested in src/content/hardware/BOM.md does not exist.[0m
[33m     Build Warning: Layout 'default' requested in src/content/hardware/assembly/feeder/arranging-c-channels.md does not exist.[0m
[31m  Liquid Exception: Could not locate the included file 'fastener-legend.html' in any of ["/Users/spencer/Documents/GitHub/sorter-v2-04/docs/_includes"]. Ensure it exists in one of those directories and, if it is a symlink, does not point outside your site source. in src/content/hardware/assembly/distribution/bin-frame/bottom-interface.md[0m
[33m             Error: Could not locate the included file 'fastener-legend.html' in any of ["/Users/spencer/Documents/GitHub/sorter-v2-04/docs/_includes"]. Ensure it exists in one of those directories and, if it is a symlink, does not point outside your site source.[0m
[33m             Error: Run jekyll build --trace for more information.[0m
                    
      Regenerating: 29 file(s) changed at 2026-08-20 21:39:32
                    .svelte-kit/output/server/nodes/2.js
                    .svelte-kit/output/server/nodes/0.js
                    .svelte-kit/output/server/nodes/1.js
                    .svelte-kit/output/server/manifest-full.js
                    .svelte-kit/output/client/404.html
                    .svelte-kit/output/client/assets/pi5-01.png
                    .svelte-kit/output/client/assets/basically-logo.svg
                    .svelte-kit/output/client/assets/favicon-192.png
                    .svelte-kit/output/client/assets/favicon.ico
                    .svelte-kit/output/client/assets/apple-touch-icon.png
                    .svelte-kit/output/client/assets/favicon-96.png
                    .svelte-kit/output/client/assets/png-transparent-siemens-star-focus-camera-optics-charts-angle-lens-triangle.png
                    .svelte-kit/output/client/_app/version.json
                    .svelte-kit/output/client/_app/immutable/nodes/0.Bpcs3zTp.js
                    .svelte-kit/output/client/_app/immutable/nodes/2.BG7w2JH2.js
                    .svelte-kit/output/client/_app/immutable/nodes/1.DaCKjaA4.js
                    .svelte-kit/output/client/_app/immutable/entry/app.Bbgx4IgD.js
                    .svelte-kit/output/client/_app/immutable/entry/start.BxgKQ0Cy.js
                    .svelte-kit/output/client/_app/immutable/chunks/4uUhO1K4.js
                    .svelte-kit/output/client/_app/immutable/chunks/-BZXPMGv.js
                    .svelte-kit/output/client/_app/immutable/chunks/wbPk3Yxo.js
                    .svelte-kit/output/client/_app/immutable/chunks/BoAmHx_3.js
                    .svelte-kit/output/client/_app/immutable/chunks/BwvMYBAl.js
                    .svelte-kit/output/client/_app/immutable/chunks/CabLrkcU.js
                    .svelte-kit/output/client/_app/immutable/chunks/B9McDMP9.js
                    .svelte-kit/output/client/_app/immutable/chunks/6q2EGJxD.js
                    .svelte-kit/output/client/_app/immutable/chunks/BAqx4HBl.js
                    .svelte-kit/output/client/_app/immutable/assets/0.D6wU7T6e.css
                    .svelte-kit/output/client/.vite/manifest.json
[33mYAML Exception reading /Users/spencer/Documents/GitHub/sorter-v2-04/docs/src/content/hardware/electronics/psu-pigtail.md: (<unknown>): mapping values are not allowed in this context at line 8 column 64 [0m
[33mYAML Exception reading /Users/spencer/Documents/GitHub/sorter-v2-04/docs/src/content/lab/operation-target-10ppm-2026-04-25.md: (<unknown>): mapping values are not allowed in this context at line 11 column 68 [0m
[33m     Build Warning: Layout 'default' requested in src/content/hardware/BOM.md does not exist.[0m
[33m     Build Warning: Layout 'default' requested in src/content/hardware/assembly/feeder/arranging-c-channels.md does not exist.[0m
[31m  Liquid Exception: Could not locate the included file 'fastener-legend.html' in any of ["/Users/spencer/Documents/GitHub/sorter-v2-04/docs/_includes"]. Ensure it exists in one of those directories and, if it is a symlink, does not point outside your site source. in src/content/hardware/assembly/distribution/bin-frame/bottom-interface.md[0m
[33m             Error: Could not locate the included file 'fastener-legend.html' in any of ["/Users/spencer/Documents/GitHub/sorter-v2-04/docs/_includes"]. Ensure it exists in one of those directories and, if it is a symlink, does not point outside your site source.[0m
[33m             Error: Run jekyll build --trace for more information.[0m
                    
      Regenerating: 1 file(s) changed at 2026-08-20 21:39:32
                    node_modules/.vite-temp/vite.config.ts.timestamp-1787276372844-1b4e1cca07463.mjs
[33mYAML Exception reading /Users/spencer/Documents/GitHub/sorter-v2-04/docs/src/content/hardware/electronics/psu-pigtail.md: (<unknown>): mapping values are not allowed in this context at line 8 column 64 [0m
[33mYAML Exception reading /Users/spencer/Documents/GitHub/sorter-v2-04/docs/src/content/lab/operation-target-10ppm-2026-04-25.md: (<unknown>): mapping values are not allowed in this context at line 11 column 68 [0m
[33m     Build Warning: Layout 'default' requested in src/content/hardware/BOM.md does not exist.[0m
[33m     Build Warning: Layout 'default' requested in src/content/hardware/assembly/feeder/arranging-c-channels.md does not exist.[0m
[31m  Liquid Exception: Could not locate the included file 'fastener-legend.html' in any of ["/Users/spencer/Documents/GitHub/sorter-v2-04/docs/_includes"]. Ensure it exists in one of those directories and, if it is a symlink, does not point outside your site source. in src/content/hardware/assembly/distribution/bin-frame/bottom-interface.md[0m
[33m             Error: Could not locate the included file 'fastener-legend.html' in any of ["/Users/spencer/Documents/GitHub/sorter-v2-04/docs/_includes"]. Ensure it exists in one of those directories and, if it is a symlink, does not point outside your site source.[0m
[33m             Error: Run jekyll build --trace for more information.[0m
                    
      Regenerating: 20 file(s) changed at 2026-08-20 21:39:33
                    .svelte-kit/generated/server/internal.js
                    .svelte-kit/generated/shared/error-template.js
                    .svelte-kit/generated/root.js
                    .svelte-kit/generated/root.svelte
                    .svelte-kit/generated/client/nodes/2.js
                    .svelte-kit/generated/client/nodes/0.js
                    .svelte-kit/generated/client/nodes/1.js
                    .svelte-kit/generated/client/matchers.js
                    .svelte-kit/generated/client/app.js
                    .svelte-kit/non-ambient.d.ts
                    .svelte-kit/types/route_meta_data.json
                    .svelte-kit/types/src/routes/[...path]/proxy+page.server.ts
                    .svelte-kit/types/src/routes/[...path]/$types.d.ts
                    .svelte-kit/types/src/routes/$types.d.ts
                    .svelte-kit/env.d.ts
                    .svelte-kit/ambient.d.ts
                    .svelte-kit/tsconfig.json
                    .svelte-kit/output/prerendered/dependencies/__data.json
                    .svelte-kit/output/prerendered/pages/index.html
                    node_modules/.vite-temp/vite.config.ts.timestamp-1787276372844-1b4e1cca07463.mjs
[33mYAML Exception reading /Users/spencer/Documents/GitHub/sorter-v2-04/docs/src/content/hardware/electronics/psu-pigtail.md: (<unknown>): mapping values are not allowed in this context at line 8 column 64 [0m
[33mYAML Exception reading /Users/spencer/Documents/GitHub/sorter-v2-04/docs/src/content/lab/operation-target-10ppm-2026-04-25.md: (<unknown>): mapping values are not allowed in this context at line 11 column 68 [0m
[33m     Build Warning: Layout 'default' requested in src/content/hardware/BOM.md does not exist.[0m
[33m     Build Warning: Layout 'default' requested in src/content/hardware/assembly/feeder/arranging-c-channels.md does not exist.[0m
[31m  Liquid Exception: Could not locate the included file 'fastener-legend.html' in any of ["/Users/spencer/Documents/GitHub/sorter-v2-04/docs/_includes"]. Ensure it exists in one of those directories and, if it is a symlink, does not point outside your site source. in src/content/hardware/assembly/distribution/bin-frame/bottom-interface.md[0m
[33m             Error: Could not locate the included file 'fastener-legend.html' in any of ["/Users/spencer/Documents/GitHub/sorter-v2-04/docs/_includes"]. Ensure it exists in one of those directories and, if it is a symlink, does not point outside your site source.[0m
[33m             Error: Run jekyll build --trace for more information.[0m
                    
      Regenerating: 20 file(s) changed at 2026-08-20 21:39:33
                    .svelte-kit/output/prerendered/pages/hardware/BOM/index.html
                    .svelte-kit/output/prerendered/pages/hardware/assembly/distribution/bin-frame/index.html
                    .svelte-kit/output/prerendered/pages/hardware/assembly/distribution/bin-frame/regular-layers/index.html
                    .svelte-kit/output/prerendered/pages/hardware/assembly/distribution/bin-frame/bottom-interface/index.html
                    .svelte-kit/output/prerendered/pages/hardware/assembly/distribution/bin-frame/bottom-two-layers/index.html
                    .svelte-kit/output/prerendered/pages/c1-c3-current-behavior-review/index.html
                    .svelte-kit/output/prerendered/pages/getting-started/index.html
                    .svelte-kit/output/prerendered/dependencies/hardware/BOM/__data.json
                    .svelte-kit/output/prerendered/dependencies/hardware/assembly/distribution/bin-frame/regular-layers/__data.json
                    .svelte-kit/output/prerendered/dependencies/hardware/assembly/distribution/bin-frame/__data.json
                    .svelte-kit/output/prerendered/dependencies/hardware/assembly/distribution/bin-frame/bottom-interface/__data.json
                    .svelte-kit/output/prerendered/dependencies/hardware/assembly/distribution/bin-frame/bottom-two-layers/__data.json
                    .svelte-kit/output/prerendered/dependencies/c1-c3-current-behavior-review/__data.json
                    .svelte-kit/output/prerendered/dependencies/getting-started/__data.json
                    .svelte-kit/output/prerendered/dependencies/hardware/assembly/distribution/chute/chute-core/__data.json
                    .svelte-kit/output/prerendered/pages/hardware/assembly/distribution/chute/door-module/index.html
                    .svelte-kit/output/prerendered/pages/hardware/assembly/distribution/chute/chute-core/index.html
                    .svelte-kit/output/prerendered/dependencies/hardware/assembly/distribution/chute/door-module/__data.json
                    .svelte-kit/output/prerendered/pages/hardware/assembly/distribution/index.html
                    .svelte-kit/output/prerendered/pages/hardware/assembly/distribution/external-bracket/index.html
[33mYAML Exception reading /Users/spencer/Documents/GitHub/sorter-v2-04/docs/src/content/hardware/electronics/psu-pigtail.md: (<unknown>): mapping values are not allowed in this context at line 8 column 64 [0m
[33mYAML Exception reading /Users/spencer/Documents/GitHub/sorter-v2-04/docs/src/content/lab/operation-target-10ppm-2026-04-25.md: (<unknown>): mapping values are not allowed in this context at line 11 column 68 [0m
[33m     Build Warning: Layout 'default' requested in src/content/hardware/BOM.md does not exist.[0m
[33m     Build Warning: Layout 'default' requested in src/content/hardware/assembly/feeder/arranging-c-channels.md does not exist.[0m
[31m  Liquid Exception: Could not locate the included file 'fastener-legend.html' in any of ["/Users/spencer/Documents/GitHub/sorter-v2-04/docs/_includes"]. Ensure it exists in one of those directories and, if it is a symlink, does not point outside your site source. in src/content/hardware/assembly/distribution/bin-frame/bottom-interface.md[0m
[33m             Error: Could not locate the included file 'fastener-legend.html' in any of ["/Users/spencer/Documents/GitHub/sorter-v2-04/docs/_includes"]. Ensure it exists in one of those directories and, if it is a symlink, does not point outside your site source.[0m
[33m             Error: Run jekyll build --trace for more information.[0m
                    
      Regenerating: 54 file(s) changed at 2026-08-20 21:39:33
                    .svelte-kit/output/prerendered/pages/hardware/assembly/distribution/chute/index.html
                    .svelte-kit/output/prerendered/pages/hardware/assembly/distribution/chute/layer-connectors/index.html
                    .svelte-kit/output/prerendered/pages/hardware/assembly/distribution/chute/mg995-servo/index.html
                    .svelte-kit/output/prerendered/pages/hardware/assembly/distribution/chute/mg995-servo/servo-mount/index.html
                    .svelte-kit/output/prerendered/pages/hardware/assembly/distribution/chute/mg995-servo/how-to-install/index.html
                    .svelte-kit/output/prerendered/pages/hardware/assembly/distribution/chute/pcb/index.html
                    .svelte-kit/output/prerendered/pages/hardware/assembly/distribution/chute/funnel/index.html
                    .svelte-kit/output/prerendered/dependencies/hardware/assembly/distribution/external-bracket/__data.json
                    .svelte-kit/output/prerendered/dependencies/hardware/assembly/distribution/__data.json
                    .svelte-kit/output/prerendered/dependencies/hardware/assembly/distribution/chute/layer-connectors/__data.json
                    .svelte-kit/output/prerendered/dependencies/hardware/assembly/distribution/chute/mg995-servo/servo-mount/__data.json
                    .svelte-kit/output/prerendered/dependencies/hardware/assembly/distribution/chute/mg995-servo/__data.json
                    .svelte-kit/output/prerendered/dependencies/hardware/assembly/distribution/chute/mg995-servo/how-to-install/__data.json
                    .svelte-kit/output/prerendered/dependencies/hardware/assembly/distribution/chute/__data.json
                    .svelte-kit/output/prerendered/dependencies/hardware/assembly/distribution/chute/pcb/__data.json
                    .svelte-kit/output/prerendered/dependencies/hardware/assembly/distribution/chute/funnel/__data.json
                    .svelte-kit/output/prerendered/pages/hardware/assembly/distribution/top-interface/index.html
                    .svelte-kit/output/prerendered/dependencies/hardware/assembly/distribution/top-interface/__data.json
                    .svelte-kit/output/prerendered/pages/hardware/assembly/feeder/arranging-c-channels/index.html
                    .svelte-kit/output/prerendered/pages/hardware/assembly/feeder/index.html
                    .svelte-kit/output/prerendered/pages/hardware/assembly/feeder/c-channel/index.html
                    .svelte-kit/output/prerendered/pages/hardware/assembly/feeder/classification-chamber/index.html
                    .svelte-kit/output/prerendered/pages/hardware/assembly/index.html
                    .svelte-kit/output/prerendered/pages/hardware/assembly/software-setup/index.html
                    .svelte-kit/output/prerendered/dependencies/hardware/assembly/feeder/arranging-c-channels/__data.json
                    .svelte-kit/output/prerendered/dependencies/hardware/assembly/feeder/__data.json
                    .svelte-kit/output/prerendered/dependencies/hardware/assembly/feeder/c-channel/__data.json
                    .svelte-kit/output/prerendered/dependencies/hardware/assembly/feeder/classification-chamber/__data.json
                    .svelte-kit/output/prerendered/dependencies/hardware/assembly/__data.json
                    .svelte-kit/output/prerendered/dependencies/hardware/assembly/software-setup/__data.json
                    .svelte-kit/output/prerendered/pages/hardware/index.html
                    .svelte-kit/output/prerendered/pages/hardware/electronics/psu-pigtail/index.html
                    .svelte-kit/output/prerendered/pages/hardware/electronics/order/index.html
                    .svelte-kit/output/prerendered/pages/hardware/electronics/index.html
                    .svelte-kit/output/prerendered/pages/hardware/electronics/wireviz/index.html
                    .svelte-kit/output/prerendered/pages/hardware/electronics/steppers/index.html
                    .svelte-kit/output/prerendered/pages/hardware/orange-pi-5/index.html
                    .svelte-kit/output/prerendered/pages/hardware/helpers/lazy-susan/index.html
                    .svelte-kit/output/prerendered/pages/hardware/helpers/index.html
                    .svelte-kit/output/prerendered/pages/hardware/helpers/pulley-gear-mod/index.html
                    .svelte-kit/output/prerendered/pages/hardware/helpers/heat-inserts/index.html
                    .svelte-kit/output/prerendered/dependencies/hardware/electronics/psu-pigtail/__data.json
                    .svelte-kit/output/prerendered/dependencies/hardware/electronics/order/__data.json
                    .svelte-kit/output/prerendered/dependencies/hardware/electronics/__data.json
                    .svelte-kit/output/prerendered/dependencies/hardware/electronics/wireviz/__data.json
                    .svelte-kit/output/prerendered/dependencies/hardware/electronics/steppers/__data.json
                    .svelte-kit/output/prerendered/dependencies/hardware/__data.json
                    .svelte-kit/output/prerendered/dependencies/hardware/orange-pi-5/__data.json
                    .svelte-kit/output/prerendered/dependencies/hardware/parts/lazy-susan/__data.json
                    .svelte-kit/output/prerendered/dependencies/hardware/parts/__data.json
                    .svelte-kit/output/prerendered/dependencies/hardware/helpers/lazy-susan/__data.json
                    .svelte-kit/output/prerendered/dependencies/hardware/helpers/__data.json
                    .svelte-kit/output/prerendered/dependencies/hardware/helpers/pulley-gear-mod/__data.json
                    .svelte-kit/output/prerendered/dependencies/hardware/helpers/heat-inserts/__data.json
[33mYAML Exception reading /Users/spencer/Documents/GitHub/sorter-v2-04/docs/src/content/hardware/electronics/psu-pigtail.md: (<unknown>): mapping values are not allowed in this context at line 8 column 64 [0m
[33mYAML Exception reading /Users/spencer/Documents/GitHub/sorter-v2-04/docs/src/content/lab/operation-target-10ppm-2026-04-25.md: (<unknown>): mapping values are not allowed in this context at line 11 column 68 [0m
[33m     Build Warning: Layout 'default' requested in src/content/hardware/BOM.md does not exist.[0m
[33m     Build Warning: Layout 'default' requested in src/content/hardware/assembly/feeder/arranging-c-channels.md does not exist.[0m
[31m  Liquid Exception: Could not locate the included file 'fastener-legend.html' in any of ["/Users/spencer/Documents/GitHub/sorter-v2-04/docs/_includes"]. Ensure it exists in one of those directories and, if it is a symlink, does not point outside your site source. in src/content/hardware/assembly/distribution/bin-frame/bottom-interface.md[0m
[33m             Error: Could not locate the included file 'fastener-legend.html' in any of ["/Users/spencer/Documents/GitHub/sorter-v2-04/docs/_includes"]. Ensure it exists in one of those directories and, if it is a symlink, does not point outside your site source.[0m
[33m             Error: Run jekyll build --trace for more information.[0m
                    
      Regenerating: 41 file(s) changed at 2026-08-20 21:39:33
                    .svelte-kit/output/prerendered/pages/hardware/parts/lazy-susan/index.html
                    .svelte-kit/output/prerendered/pages/hardware/parts/index.html
                    .svelte-kit/output/prerendered/pages/sorter/index.html
                    .svelte-kit/output/prerendered/pages/lab/software-architecture-decisions/index.html
                    .svelte-kit/output/prerendered/pages/lab/index.html
                    .svelte-kit/output/prerendered/pages/lab/classification-research/index.html
                    .svelte-kit/output/prerendered/pages/lab/c-channel-singulation/index.html
                    .svelte-kit/output/prerendered/pages/lab/object-detection/device-benchmarking/index.html
                    .svelte-kit/output/prerendered/pages/lab/object-detection/index.html
                    .svelte-kit/output/prerendered/pages/lab/object-detection/hailo-hef-workflow/index.html
                    .svelte-kit/output/prerendered/pages/lab/object-detection/how-models-are-built/index.html
                    .svelte-kit/output/prerendered/pages/lab/styleguide/index.html
                    .svelte-kit/output/prerendered/pages/lab/feeder-experiments/index.html
                    .svelte-kit/output/prerendered/pages/lab/operation-target-10ppm-2026-04-25/index.html
                    .svelte-kit/output/prerendered/pages/hive/index.html
                    .svelte-kit/output/prerendered/dependencies/sorter/camera-calibration/__data.json
                    .svelte-kit/output/prerendered/dependencies/sorter/__data.json
                    .svelte-kit/output/prerendered/dependencies/lab/software-architecture-decisions/__data.json
                    .svelte-kit/output/prerendered/dependencies/lab/classification-research/__data.json
                    .svelte-kit/output/prerendered/dependencies/lab/__data.json
                    .svelte-kit/output/prerendered/dependencies/lab/c-channel-singulation/__data.json
                    .svelte-kit/output/prerendered/dependencies/lab/object-detection/device-benchmarking/__data.json
                    .svelte-kit/output/prerendered/dependencies/lab/object-detection/__data.json
                    .svelte-kit/output/prerendered/dependencies/lab/object-detection/hailo-hef-workflow/__data.json
                    .svelte-kit/output/prerendered/dependencies/lab/object-detection/how-models-are-built/__data.json
                    .svelte-kit/output/prerendered/dependencies/lab/styleguide/__data.json
                    .svelte-kit/output/prerendered/dependencies/lab/feeder-experiments/__data.json
                    .svelte-kit/output/prerendered/dependencies/lab/operation-target-10ppm-2026-04-25/__data.json
                    .svelte-kit/output/prerendered/dependencies/hive/__data.json
                    .svelte-kit/output/prerendered/pages/sorter/dev-flow/index.html
                    .svelte-kit/output/prerendered/pages/sorter/camera-calibration/index.html
                    .svelte-kit/output/prerendered/pages/sorter/happy-path-incident-inventory/index.html
                    .svelte-kit/output/prerendered/dependencies/sorter/dev-flow/__data.json
                    .svelte-kit/output/prerendered/dependencies/sorter/installation/by-hand/__data.json
                    .svelte-kit/output/prerendered/dependencies/sorter/installation/__data.json
                    .svelte-kit/output/prerendered/dependencies/sorter/happy-path-incident-inventory/__data.json
                    .svelte-kit/output/prerendered/pages/sorter/installation/index.html
                    .svelte-kit/output/prerendered/pages/sorter/installation/by-hand/index.html
                    .svelte-kit/output/prerendered/pages/sorter/installation/linux-generic/index.html
                    .svelte-kit/output/prerendered/dependencies/sorter/installation/sorter-os/__data.json
                    .svelte-kit/output/prerendered/dependencies/sorter/installation/linux-generic/__data.json
[33m             Error: No such file or directory @ rb_sysopen - /Users/spencer/Documents/GitHub/sorter-v2-04/docs/build/lab/operation-target-10ppm-2026-04-25[0m
[33m             Error: Run jekyll build --trace for more information.[0m
                    
      Regenerating: 174 file(s) changed at 2026-08-20 21:39:34
                    build/hardware/index.html
                    build/hardware/BOM/index.html
                    build/hardware/BOM/__data.json
                    build/hardware/electronics/psu-pigtail/index.html
                    build/hardware/electronics/psu-pigtail/__data.json
                    build/hardware/electronics/order/index.html
                    build/hardware/electronics/order/__data.json
                    build/hardware/electronics/index.html
                    build/hardware/electronics/__data.json
                    build/hardware/electronics/wireviz/index.html
                    build/hardware/electronics/wireviz/__data.json
                    build/hardware/electronics/steppers/index.html
                    build/hardware/electronics/steppers/__data.json
                    build/hardware/assembly/feeder/arranging-c-channels/index.html
                    build/hardware/assembly/feeder/arranging-c-channels/__data.json
                    build/hardware/assembly/feeder/index.html
                    build/hardware/assembly/feeder/__data.json
                    build/hardware/assembly/feeder/c-channel/index.html
                    build/hardware/assembly/feeder/c-channel/__data.json
                    build/hardware/assembly/feeder/classification-chamber/index.html
                    build/hardware/assembly/feeder/classification-chamber/__data.json
                    build/hardware/assembly/index.html
                    build/hardware/assembly/distribution/index.html
                    build/hardware/assembly/distribution/top-interface/index.html
                    build/hardware/assembly/distribution/top-interface/__data.json
                    build/hardware/assembly/distribution/external-bracket/index.html
                    build/hardware/assembly/distribution/external-bracket/__data.json
                    build/hardware/assembly/distribution/bin-frame/index.html
                    build/hardware/assembly/distribution/bin-frame/regular-layers/index.html
                    build/hardware/assembly/distribution/bin-frame/regular-layers/__data.json
                    build/hardware/assembly/distribution/bin-frame/__data.json
                    build/hardware/assembly/distribution/bin-frame/bottom-interface/index.html
                    build/hardware/assembly/distribution/bin-frame/bottom-interface/__data.json
                    build/hardware/assembly/distribution/bin-frame/bottom-two-layers/index.html
                    build/hardware/assembly/distribution/bin-frame/bottom-two-layers/__data.json
                    build/hardware/assembly/distribution/__data.json
                    build/hardware/assembly/distribution/chute/door-module/index.html
                    build/hardware/assembly/distribution/chute/door-module/__data.json
                    build/hardware/assembly/distribution/chute/index.html
                    build/hardware/assembly/distribution/chute/layer-connectors/index.html
                    build/hardware/assembly/distribution/chute/layer-connectors/__data.json
                    build/hardware/assembly/distribution/chute/mg995-servo/index.html
                    build/hardware/assembly/distribution/chute/mg995-servo/servo-mount/index.html
                    build/hardware/assembly/distribution/chute/mg995-servo/servo-mount/__data.json
                    build/hardware/assembly/distribution/chute/mg995-servo/__data.json
                    build/hardware/assembly/distribution/chute/mg995-servo/how-to-install/index.html
                    build/hardware/assembly/distribution/chute/mg995-servo/how-to-install/__data.json
                    build/hardware/assembly/distribution/chute/__data.json
                    build/hardware/assembly/distribution/chute/chute-core/index.html
                    build/hardware/assembly/distribution/chute/chute-core/__data.json
                    build/hardware/assembly/distribution/chute/pcb/index.html
                    build/hardware/assembly/distribution/chute/pcb/__data.json
                    build/hardware/assembly/distribution/chute/funnel/index.html
                    build/hardware/assembly/distribution/chute/funnel/__data.json
                    build/hardware/assembly/__data.json
                    build/hardware/assembly/software-setup/index.html
                    build/hardware/assembly/software-setup/__data.json
                    build/hardware/__data.json
                    build/hardware/orange-pi-5/index.html
                    build/hardware/orange-pi-5/__data.json
                    build/hardware/parts/lazy-susan/index.html
                    build/hardware/parts/lazy-susan/__data.json
                    build/hardware/parts/index.html
                    build/hardware/parts/__data.json
                    build/hardware/helpers/lazy-susan/index.html
                    build/hardware/helpers/lazy-susan/__data.json
                    build/hardware/helpers/index.html
                    build/hardware/helpers/__data.json
                    build/hardware/helpers/pulley-gear-mod/index.html
                    build/hardware/helpers/pulley-gear-mod/__data.json
                    build/hardware/helpers/heat-inserts/index.html
                    build/hardware/helpers/heat-inserts/__data.json
                    build/index.html
                    build/sorter/dev-flow/index.html
                    build/sorter/dev-flow/__data.json
                    build/sorter/camera-calibration/index.html
                    build/sorter/camera-calibration/__data.json
                    build/sorter/profile-reference/index.html
                    build/sorter/profile-reference/__data.json
                    build/sorter/index.html
                    build/sorter/machine-toml-reference/index.html
                    build/sorter/machine-toml-reference/__data.json
                    build/sorter/__data.json
                    build/sorter/what-leaves-the-machine/index.html
                    build/sorter/what-leaves-the-machine/__data.json
                    build/sorter/installation/sorter-os/index.html
                    build/sorter/installation/sorter-os/__data.json
                    build/sorter/installation/index.html
                    build/sorter/installation/by-hand/index.html
                    build/sorter/installation/by-hand/__data.json
                    build/sorter/installation/linux-generic/index.html
                    build/sorter/installation/linux-generic/__data.json
                    build/sorter/installation/__data.json
                    build/sorter/troubleshooting/index.html
                    build/sorter/troubleshooting/__data.json
                    build/sorter/happy-path-incident-inventory/index.html
                    build/sorter/happy-path-incident-inventory/__data.json
                    build/sorter/safe-shutdown/index.html
                    build/sorter/safe-shutdown/__data.json
                    build/sorter/tutorials/first-sort-run/index.html
                    build/sorter/tutorials/first-sort-run/__data.json
                    build/c1-c3-current-behavior-review/index.html
                    build/c1-c3-current-behavior-review/__data.json
                    build/lab/software-architecture-decisions/index.html
                    build/lab/software-architecture-decisions/__data.json
                    build/lab/index.html
                    build/lab/classification-research/index.html
                    build/lab/classification-research/__data.json
                    build/lab/__data.json
                    build/lab/c-channel-singulation/index.html
                    build/lab/c-channel-singulation/__data.json
                    build/lab/object-detection/device-benchmarking/index.html
                    build/lab/object-detection/device-benchmarking/__data.json
                    build/lab/object-detection/index.html
                    build/lab/object-detection/__data.json
                    build/lab/object-detection/hailo-hef-workflow/index.html
                    build/lab/object-detection/hailo-hef-workflow/__data.json
                    build/lab/object-detection/how-models-are-built/index.html
                    build/lab/object-detection/how-models-are-built/__data.json
                    build/lab/styleguide/index.html
                    build/lab/styleguide/__data.json
                    build/lab/feeder-experiments/index.html
                    build/lab/feeder-experiments/__data.json
                    build/lab/operation-target-10ppm-2026-04-25/index.html
                    build/lab/operation-target-10ppm-2026-04-25/__data.json
                    build/404.html
                    build/__data.json
                    build/getting-started/index.html
                    build/getting-started/__data.json
                    build/hive/index.html
                    build/hive/__data.json
                    build/assets/pi5-01.png
                    build/assets/basically-logo.svg
                    build/assets/favicon-192.png
                    build/assets/favicon.ico
                    build/assets/apple-touch-icon.png
                    build/assets/favicon-96.png
                    build/assets/png-transparent-siemens-star-focus-camera-optics-charts-angle-lens-triangle.png
                    build/_app/version.json
                    build/_app/immutable/nodes/2.BG7w2JH2.js
                    build/_app/immutable/chunks/4uUhO1K4.js
                    build/_app/immutable/chunks/-BZXPMGv.js
                    build/_app/immutable/chunks/wbPk3Yxo.js
                    build/_app/immutable/chunks/BoAmHx_3.js
                    build/_app/immutable/chunks/B9McDMP9.js
                    build/_app/immutable/chunks/6q2EGJxD.js
                    build/_app/immutable/chunks/BAqx4HBl.js
                    build/_app/immutable/assets/0.D6wU7T6e.css
                    .svelte-kit/output/prerendered/pages/sorter/profile-reference/index.html
                    .svelte-kit/output/prerendered/pages/sorter/machine-toml-reference/index.html
                    .svelte-kit/output/prerendered/pages/sorter/installation/sorter-os/index.html
                    .svelte-kit/output/prerendered/pages/sorter/troubleshooting/index.html
                    .svelte-kit/output/prerendered/pages/sorter/safe-shutdown/index.html
                    .svelte-kit/output/prerendered/pages/sorter/tutorials/first-sort-run/index.html
                    .svelte-kit/output/prerendered/dependencies/sorter/profile-reference/__data.json
                    .svelte-kit/output/prerendered/dependencies/sorter/machine-toml-reference/__data.json
                    .svelte-kit/output/prerendered/dependencies/sorter/what-leaves-the-machine/__data.json
                    .svelte-kit/output/prerendered/dependencies/sorter/troubleshooting/__data.json
                    .svelte-kit/output/prerendered/dependencies/sorter/safe-shutdown/__data.json
                    .svelte-kit/output/prerendered/dependencies/sorter/tutorials/first-sort-run/__data.json
                    .svelte-kit/output/prerendered/pages/sorter/what-leaves-the-machine/index.html
                    .svelte-kit/output/server/manifest.js
                    build/_app/immutable/nodes/0.Bpcs3zTp.js
                    build/_app/immutable/nodes/1.DaCKjaA4.js
                    build/_app/immutable/entry/app.Bbgx4IgD.js
                    build/_app/immutable/entry/start.BxgKQ0Cy.js
                    build/_app/immutable/chunks/BwvMYBAl.js
                    build/_app/immutable/chunks/CabLrkcU.js
                    build/_app/immutable/nodes/0.DaTT4fwU.js
                    build/_app/immutable/nodes/1.D923OEcy.js
                    build/_app/immutable/entry/start.jS4iZZbb.js
                    build/_app/immutable/entry/app.CmrJppOx.js
                    build/_app/immutable/chunks/B9Pvx7oH.js
                    build/_app/immutable/chunks/KT29JhkY.js
[33mYAML Exception reading /Users/spencer/Documents/GitHub/sorter-v2-04/docs/src/content/hardware/electronics/psu-pigtail.md: (<unknown>): mapping values are not allowed in this context at line 8 column 64 [0m
[33mYAML Exception reading /Users/spencer/Documents/GitHub/sorter-v2-04/docs/src/content/lab/operation-target-10ppm-2026-04-25.md: (<unknown>): mapping values are not allowed in this context at line 11 column 68 [0m
[33m     Build Warning: Layout 'default' requested in src/content/hardware/BOM.md does not exist.[0m
[33m     Build Warning: Layout 'default' requested in src/content/hardware/assembly/feeder/arranging-c-channels.md does not exist.[0m
[31m  Liquid Exception: Could not locate the included file 'fastener-legend.html' in any of ["/Users/spencer/Documents/GitHub/sorter-v2-04/docs/_includes"]. Ensure it exists in one of those directories and, if it is a symlink, does not point outside your site source. in src/content/hardware/assembly/distribution/bin-frame/bottom-interface.md[0m
[33m             Error: Could not locate the included file 'fastener-legend.html' in any of ["/Users/spencer/Documents/GitHub/sorter-v2-04/docs/_includes"]. Ensure it exists in one of those directories and, if it is a symlink, does not point outside your site source.[0m
[33m             Error: Run jekyll build --trace for more information.[0m
                    
      Regenerating: 1 file(s) changed at 2026-08-20 21:39:34
                    .jekyll.log
[33mYAML Exception reading /Users/spencer/Documents/GitHub/sorter-v2-04/docs/src/content/hardware/electronics/psu-pigtail.md: (<unknown>): mapping values are not allowed in this context at line 8 column 64 [0m
[33mYAML Exception reading /Users/spencer/Documents/GitHub/sorter-v2-04/docs/src/content/lab/operation-target-10ppm-2026-04-25.md: (<unknown>): mapping values are not allowed in this context at line 11 column 68 [0m
[33m     Build Warning: Layout 'default' requested in src/content/hardware/BOM.md does not exist.[0m
[33m     Build Warning: Layout 'default' requested in src/content/hardware/assembly/feeder/arranging-c-channels.md does not exist.[0m
[31m  Liquid Exception: Could not locate the included file 'fastener-legend.html' in any of ["/Users/spencer/Documents/GitHub/sorter-v2-04/docs/_includes"]. Ensure it exists in one of those directories and, if it is a symlink, does not point outside your site source. in src/content/hardware/assembly/distribution/bin-frame/bottom-interface.md[0m
[33m             Error: Could not locate the included file 'fastener-legend.html' in any of ["/Users/spencer/Documents/GitHub/sorter-v2-04/docs/_includes"]. Ensure it exists in one of those directories and, if it is a symlink, does not point outside your site source.[0m
[33m             Error: Run jekyll build --trace for more information.[0m
                    
      Regenerating: 1 file(s) changed at 2026-08-20 21:39:35
                    .jekyll.log
[33mYAML Exception reading /Users/spencer/Documents/GitHub/sorter-v2-04/docs/src/content/hardware/electronics/psu-pigtail.md: (<unknown>): mapping values are not allowed in this context at line 8 column 64 [0m
[33mYAML Exception reading /Users/spencer/Documents/GitHub/sorter-v2-04/docs/src/content/lab/operation-target-10ppm-2026-04-25.md: (<unknown>): mapping values are not allowed in this context at line 11 column 68 [0m
[33m     Build Warning: Layout 'default' requested in src/content/hardware/BOM.md does not exist.[0m
[33m     Build Warning: Layout 'default' requested in src/content/hardware/assembly/feeder/arranging-c-channels.md does not exist.[0m
[31m  Liquid Exception: Could not locate the included file 'fastener-legend.html' in any of ["/Users/spencer/Documents/GitHub/sorter-v2-04/docs/_includes"]. Ensure it exists in one of those directories and, if it is a symlink, does not point outside your site source. in src/content/hardware/assembly/distribution/bin-frame/bottom-interface.md[0m
[33m             Error: Could not locate the included file 'fastener-legend.html' in any of ["/Users/spencer/Documents/GitHub/sorter-v2-04/docs/_includes"]. Ensure it exists in one of those directories and, if it is a symlink, does not point outside your site source.[0m
[33m             Error: Run jekyll build --trace for more information.[0m
                    
